Workbook
Name CENTER_DISTANCE_MAX: 'Center Distance'!$D$21
Name CENTER_DISTANCE_MIN: 'Center Distance'!$D$20
Name Center_DistanceO: Data!$B$22
Name Construction: Data!$B$18
Name FAN_A: 'Fan Data'!$G$3
Name FAN_AH: 'Fan Data'!$AG$3
Name FAN_B: 'Fan Data'!$H$3
Name FAN_BAH: 'Fan Data'!$I$3
Name FAN_BAT: 'Fan Data'!$K$3
Name FAN_BAW: 'Fan Data'!$J$3
Name FAN_BH: 'Fan Data'!$L$3
Name FAN_BH_NOM: 'Fan Data'!$M$3
Name FAN_BRG_DIA: 'Fan Data'!$AR$3
Name FAN_BRG_H: 'Fan Data'!$AT$3
Name FAN_BRG_SUP_T: 'Fan Data'!$AQ$3
Name FAN_BRG_SUP_W: 'Fan Data'!$AP$3
Name FAN_BRG_W: 'Fan Data'!$AS$3
Name FAN_CF: 'Fan Data'!#REF!
Name FAN_D: 'Fan Data'!#REF!
Name Fan_Data_Column_Names: 'Fan Data'!$C$3:$DM$3
Name Fan_Data_Table: 'Fan Data'!$C$3:$DM$66
Name FAN_DC: 'Fan Data'!$N$3
Name FAN_DD: 'Fan Data'!$O$3
Name FAN_DE: 'Fan Data'!$P$3
Name FAN_DX: 'Fan Data'!$Q$3
Name FAN_E: 'Fan Data'!#REF!
Name FAN_G: 'Fan Data'!$R$3
Name FAN_GA: 'Fan Data'!$S$3
Name FAN_GB: 'Fan Data'!$T$3
Name FAN_GC: 'Fan Data'!$U$3
Name FAN_H: 'Fan Data'!$V$3
Name FAN_HE: 'Fan Data'!$W$3
Name FAN_HJ: 'Fan Data'!$X$3
Name FAN_HN: 'Fan Data'!$Y$3
Name FAN_HY: 'Fan Data'!#REF!
Name FAN_INLET_FLG_W: 'Fan Data'!$AO$3
Name FAN_J: 'Fan Data'!$Z$3
Name FAN_K: 'Fan Data'!$AH$3
Name FAN_KSD: 'Fan Data'!$AF$3
Name FAN_KSL: 'Fan Data'!$AD$3
Name FAN_KSW: 'Fan Data'!$AE$3
Name FAN_M: 'Fan Data'!$AI$3
Name FAN_N: 'Fan Data'!$AJ$3
Name FAN_ND: 'Fan Data'!$AK$3
Name FAN_P: 'Fan Data'!$AA$3
Name FAN_Q: 'Fan Data'!$AB$3
Name FAN_SD: 'Fan Data'!$AC$3
Name FAN_SHAFT_DIAMETER: 'Center Distance'!$D$33
Name Fan_Start: Data!$B$19
Name FAN_U: 'Fan Data'!#REF!
Name FAN_WID: 'Fan Data'!$AM$3
Name FAN_WOD: 'Fan Data'!$AL$3
Name FAN_WW: 'Fan Data'!$AN$3
Name FAN_X_LOCATION: Data!$B$14
Name FanBase_Type_ForcedO: Data!$B$21
Name FANCLASS: Data!$B$7
Name FANDISCHARGELOC: Data!$B$9
Name FANSIZE: Data!$B$6
Name FanStndStrBasePadThk: Data!$G$4
Name FANWEIGHT: Data!$B$8

Sheet Sheet1
A1: HOLE | B1: VALUE | C1: DESCRIPTION | E1: NAME | F1: VALUE | G1: COMMENT | I1: ITEM | J1: DESCRIPTION | K1: PART NO. | L1: QTY
A2: F1 | B2: ='Excel Calcs'!B164 -> 1.13 | C2: =CONCATENATE('Excel Calcs'!B123," THRU") -> 0.5 THRU | E2: ISOX | F2: ='Excel Calcs'!B151 -> 87.03 | G2: =IF(F2="-","-","ISO to ISO OVERALL WIDTH") -> ISO to ISO OVERALL WIDTH | I2: 1 | J2: =IF('Excel Calcs'!B86=4,CONCATENATE(VLOOKUP('Excel Calcs'!N17,Steel_List_Table,MATCH(STL_DESC,Steel_List_Column_Names,0),FALSE)," x ",ROUND('Excel Calcs'!N18,2)),CONCATENATE(VLOOKUP('Excel Calcs'!K13,Steel_List_Table,MATCH(STL_DESC,Steel_List_Column_Names,0),FALSE)," x ",ROUND('Excel Calcs'!K14,2))) -> 6" x 8.2# Structural Channel x 77.53 | K2: =IF('Excel Calcs'!B86=4,VLOOKUP('Excel Calcs'!N17,Steel_List_Table,MATCH(STL_PNUM,Steel_List_Column_Names,0),FALSE),VLOOKUP('Excel Calcs'!K13,Steel_List_Table,MATCH(STL_PNUM,Steel_List_Column_Names,0),FALSE)) -> 001 08405 006 | L2: 1
A3: F2 | B3: ='Excel Calcs'!B165 -> 45.5 | C3: =IF(B3="-","-",$C$2) -> 0.5 THRU | E3: ISOZ | F3: ='Excel Calcs'!B152 -> 43.61 | G3: =IF(F3="-","-","ISO to ISO OVERALL LENGTH") -> ISO to ISO OVERALL LENGTH | I3: 2 | J3: =IF('Excel Calcs'!B86=4,CONCATENATE(VLOOKUP('Excel Calcs'!N39,Steel_List_Table,MATCH(STL_DESC,Steel_List_Column_Names,0),FALSE)," x ",ROUND('Excel Calcs'!N40,2)),CONCATENATE(VLOOKUP('Excel Calcs'!K13,Steel_List_Table,MATCH(STL_DESC,Steel_List_Column_Names,0),FALSE)," x ",ROUND('Excel Calcs'!K14,2))) -> 6" x 8.2# Structural Channel x 77.53 | K3: =IF('Excel Calcs'!B86=4,VLOOKUP('Excel Calcs'!N39,Steel_List_Table,MATCH(STL_PNUM,Steel_List_Column_Names,0),FALSE),VLOOKUP('Excel Calcs'!K13,Steel_List_Table,MATCH(STL_PNUM,Steel_List_Column_Names,0),FALSE)) -> 001 08405 006 | L3: 1
A4: F3 | B4: ='Excel Calcs'!B166 -> 30.9 | C4: =IF(B4="-","-",$C$2) -> 0.5 THRU | E4: D1 | F4: ='Excel Calcs'!B153 -> 51.61 | G4: =IF(F4="-","-","TOTAL FAN SKID LENGTH") -> TOTAL FAN SKID LENGTH | I4: 3 | J4: =IF('Excel Calcs'!B86=4,CONCATENATE(VLOOKUP('Excel Calcs'!N60,Steel_List_Table,MATCH(STL_DESC,Steel_List_Column_Names,0),FALSE)," x ",ROUND('Excel Calcs'!N62,2)),CONCATENATE(VLOOKUP('Excel Calcs'!K24,Steel_List_Table,MATCH(STL_DESC,Steel_List_Column_Names,0),FALSE)," x ",ROUND('Excel Calcs'!K25,2))) -> 6" x 8.2# Structural Channel x 47.77 | K4: =IF('Excel Calcs'!B86=4,VLOOKUP('Excel Calcs'!N60,Steel_List_Table,MATCH(STL_PNUM,Steel_List_Column_Names,0),FALSE),VLOOKUP('Excel Calcs'!K24,Steel_List_Table,MATCH(STL_PNUM,Steel_List_Column_Names,0),FALSE)) -> 001 08405 006 | L4: 1
A5: F4 | B5: ='Excel Calcs'!B167 -> 11.92 | C5: =IF(B5="-","-",$C$2) -> 0.5 THRU | E5: D2 | F5: ='Excel Calcs'!B154 -> 77.53 | G5: =IF(F5="-","-","TOTAL FAN SKID WIDTH") -> TOTAL FAN SKID WIDTH | I5: 4 | J5: =IF('Excel Calcs'!B86=4,CONCATENATE(VLOOKUP('Excel Calcs'!N60,Steel_List_Table,MATCH(STL_DESC,Steel_List_Column_Names,0),FALSE)," x ",ROUND('Excel Calcs'!N62,2)),CONCATENATE(VLOOKUP('Excel Calcs'!K24,Steel_List_Table,MATCH(STL_DESC,Steel_List_Column_Names,0),FALSE)," x ",ROUND('Excel Calcs'!K25,2))) -> 6" x 8.2# Structural Channel x 47.77 | K5: =IF('Excel Calcs'!B86=4,VLOOKUP('Excel Calcs'!N60,Steel_List_Table,MATCH(STL_PNUM,Steel_List_Column_Names,0),FALSE),VLOOKUP('Excel Calcs'!K24,Steel_List_Table,MATCH(STL_PNUM,Steel_List_Column_Names,0),FALSE)) -> 001 08405 006 | L5: 1
A6: F5 | B6: ='Excel Calcs'!B168 -> 31.76 | C6: =IF(B6="-","-",$C$2) -> 0.5 THRU | E6: D3 | F6: ='Excel Calcs'!B155 -> 45.5 | G6: =IF(F6="-","-","INTERNAL DOA RAIL1 LOCATION") -> INTERNAL DOA RAIL1 LOCATION | I6: 5 | J6: =IF('Excel Calcs'!B86=4,CONCATENATE(VLOOKUP('Excel Calcs'!N75,Steel_List_Table,MATCH(STL_DESC,Steel_List_Column_Names,0),FALSE)," x ",ROUND('Excel Calcs'!N76,2)),CONCATENATE(VLOOKUP('Excel Calcs'!K41,Steel_List_Table,MATCH(STL_DESC,Steel_List_Column_Names,0),FALSE)," x ",ROUND('Excel Calcs'!K42,2))) -> 6" x 8.2# Structural Channel x 47.77 | K6: =IF('Excel Calcs'!B86=4,VLOOKUP('Excel Calcs'!N75,Steel_List_Table,MATCH(STL_PNUM,Steel_List_Column_Names,0),FALSE),VLOOKUP('Excel Calcs'!K41,Steel_List_Table,MATCH(STL_PNUM,Steel_List_Column_Names,0),FALSE)) -> 001 08405 006 | L6: =IF(J6="-","-",IF(AND('Excel Calcs'!N72=1,'Excel Calcs'!B9=1),2,'Excel Calcs'!K35+'Excel Calcs'!K36)) -> 2
A7: F6 | B7: ='Excel Calcs'!B169 -> 7.93 | C7: =IF(B7="-","-",$C$2) -> 0.5 THRU | E7: D4 | F7: ='Excel Calcs'!B156 -> 62.56 | G7: =IF(F7="-","-","INTERNAL DOA RAIL2 LOCATION") -> INTERNAL DOA RAIL2 LOCATION | I7: 6 | J7: =IF('Excel Calcs'!B86=4,"-",CONCATENATE(VLOOKUP('Excel Calcs'!K66,Steel_List_Table,MATCH(STL_DESC,Steel_List_Column_Names,0),FALSE)," x ",ROUND('Excel Calcs'!K69,2))) -> 4" x 5.4# Structural Channel x 21.25 | K7: =IF(J7="-","-",VLOOKUP('Excel Calcs'!K66,Steel_List_Table,MATCH(STL_PNUM,Steel_List_Column_Names,0),FALSE)) -> 001 08405 004 | L7: =IF(J7="-","-",2) -> 2
A8: MB1 | B8: ='Excel Calcs'!B170 -> 1.38 | C8: =CONCATENATE('Excel Calcs'!B136," THRU") -> 0.75 THRU | E8: D5 | F8: ='Excel Calcs'!B157 -> - | G8: =IF(F8="-","-","INTERNAL DOW RAIL LOCATION") -> - | I8: 7 | J8: =IF(AND(B520=0,B521=0),"-",IF(OR(B520=1,Sheet1!B520=2),CONCATENATE(VLOOKUP('Excel Calcs'!N50,Steel_List_Table,MATCH(STL_DESC,Steel_List_Column_Names,0),FALSE)," x ",ROUND('Excel Calcs'!N51,2)),CONCATENATE(VLOOKUP('Excel Calcs'!K55,Steel_List_Table,MATCH(STL_DESC,Steel_List_Column_Names,0),FALSE)," x ",ROUND('Excel Calcs'!K56,2)))) -> - | K8: =IF(J8="-","-",IF(B491=4,VLOOKUP('Excel Calcs'!N50,Steel_List_Table,MATCH(STL_PNUM,Steel_List_Column_Names,0),FALSE),VLOOKUP('Excel Calcs'!K55,Steel_List_Table,MATCH(STL_PNUM,Steel_List_Column_Names,0),FALSE))) -> - | L8: =IF(J8="-","-",1) -> -
A9: MB2 | B9: ='Excel Calcs'!B171 -> 18.5 | C9: =IF(B9="-","-",$C$8) -> 0.75 THRU | E9: D6 | F9: ='Excel Calcs'!B158 -> - | G9: =IF(F9="-","-","INTERNAL BTM DISCH DOW RAIL LOCATION") -> - | I9: 8 | J9: =IF(Sheet1!B402=4,"-",CONCATENATE("Isolator Support Angle - S1 Location")) -> Isolator Support Angle - S1 Location | K9: =IF(J9="-","-",VLOOKUP('Excel Calcs'!K83,Isolator_SupAng_Table,MATCH(SUPANG_PN,Isolator_SupAng_Column_Names,0),FALSE)) -> 091 20019 010 | L9: =IF(J9="-","-",1) -> 1
A10: MB3 | B10: ='Excel Calcs'!B172 -> 1.37 | C10: =IF(B10="-","-",$C$8) -> 0.75 THRU | E10: D7 | F10: ='Excel Calcs'!B159 -> - | G10: =IF(F10="-","-","FIA DOW RAIL LOCATION") -> - | I10: 9 | J10: =IF(Sheet1!B402=4,"-",CONCATENATE("Isolator Support Angle - S2 Location")) -> Isolator Support Angle - S2 Location | K10: =IF(J10="-","-",VLOOKUP('Excel Calcs'!K85,Isolator_SupAng_Table,MATCH(SUPANG_PN,Isolator_SupAng_Column_Names,0),FALSE)) -> 091 20019 010 | L10: =IF(J10="-","-",1) -> 1
A11: MB4 | B11: ='Excel Calcs'!B173 -> 2 | C11: =IF(B11="-","-",$C$8) -> 0.75 THRU | E11: D8 | F11: ='Excel Calcs'!B160 -> - | G11: =IF(F11="-","-","LIA DOW RAIL LOCATION") -> - | I11: 10 | J11: =IF(Sheet1!B402=4,"-",CONCATENATE("Isolator Support Angle - S3 Location")) -> Isolator Support Angle - S3 Location | K11: =IF(J11="-","-",VLOOKUP('Excel Calcs'!K87,Isolator_SupAng_Table,MATCH(SUPANG_PN,Isolator_SupAng_Column_Names,0),FALSE)) -> 091 20019 010 | L11: =IF(J11="-","-",1) -> 1
A12: MB5 | B12: ='Excel Calcs'!B174 -> 16 | C12: =IF(B12="-","-",$C$8) -> 0.75 THRU | E12: D9 | F12: ='Excel Calcs'!B161 -> 1.92 | G12: =IF(F12="-","-","MOTOR SUP RAIL Z LOCATION") -> MOTOR SUP RAIL Z LOCATION | I12: 11 | J12: =IF(Sheet1!B402=4,"-",CONCATENATE("Isolator Support Angle - S4 Location")) -> Isolator Support Angle - S4 Location | K12: =IF(J12="-","-",VLOOKUP('Excel Calcs'!K89,Isolator_SupAng_Table,MATCH(SUPANG_PN,Isolator_SupAng_Column_Names,0),FALSE)) -> 091 20019 010 | L12: =IF(J12="-","-",1) -> 1
A13: MB6 | B13: ='Excel Calcs'!B175 -> - | C13: =IF(B13="-","-",$C$8) -> - | E13: D10 | F13: ='Excel Calcs'!B162 -> 16 | G13: =IF(F13="-","-","MOTOR SUP RAIL SPACING") -> MOTOR SUP RAIL SPACING
E14: D11 | F14: ='Excel Calcs'!B163 -> 2.48 | G14: =IF(F14="-","-","MOTOR SUP RAIL, MOTOR SIDE OVERHANG") -> MOTOR SUP RAIL, MOTOR SIDE OVERHANG
A19: Parameter | B19: Value | C19: UM
A20: Inside_Height | B20: ='Excel Calcs'!B5 -> 106 | C20: in
A21: Inside_Width | B21: ='Excel Calcs'!B6 -> 134 | C21: in
A22: Core_Segment_Length | B22: ='Excel Calcs'!B7 -> 76 | C22: in
A23: MotorHand | B23: ='Excel Calcs'!B8 -> 1 | C23: ul
A24: MotorLocation | B24: ='Excel Calcs'!B9 -> 1 | C24: ul
A25: Tolerance_Gap | B25: ='Excel Calcs'!B10 -> 0.031 | C25: in
A26: Side_BH_To_Shell_Clearance | B26: ='Excel Calcs'!B12 -> 0.31 | C26: in
A27: Base_Fan_Z_Location | B27: ='Excel Calcs'!B15 -> 48.69 | C27: in
A28: Base_Fan_Y_Location | B28: ='Excel Calcs'!B16 -> 8.90601 | C28: in
A29: Base_Fan_X_Location | B29: ='Excel Calcs'!B17 -> 47.845 | C29: in
A30: FAN_Location_In_Segment | B30: =IF('Excel Calcs'!B26="FIA",1,2) -> 2 | C30: ul
A31: FAN_FanType_Selection | B31: ='Excel Calcs'!B27 -> 3 | C31: ul
A32: FAN_FanBlade_Direction | B32: ='Excel Calcs'!B28 -> 1 | C32: ul
A33: FAN_WH_DIA_Nominal | B33: ='Excel Calcs'!B29 -> 30 | C33: in
A34: FAN_LB | B34: ='Excel Calcs'!B30 -> 1024 | C34: in
A35: FAN_Sheave_LB | B35: ='Excel Calcs'!B31 -> 25 | C35: in
A36: FAN_A | B36: ='Excel Calcs'!B32 -> 31.81 | C36: in
A37: FAN_B | B37: ='Excel Calcs'!B33 -> 42.75 | C37: in
A38: FAN_BAH | B38: ='Excel Calcs'!B34 -> 2.5 | C38: in
A39: FAN_BAW | B39: ='Excel Calcs'!B35 -> 2.5 | C39: in
A40: FAN_BAT | B40: ='Excel Calcs'!B36 -> 0.25 | C40: in
A41: FAN_BH | B41: ='Excel Calcs'!B37 -> 0.56 | C41: in
A42: FAN_BH_NOM | B42: ='Excel Calcs'!B38 -> 0.5 | C42: in
... A78: FAN_FRAME_TOP_Suppresion | B78: ='Excel Calcs'!B74 -> 1 | C78: ul
A79: MTR_C | B79: ='Excel Calcs'!E4 -> 30.28 | C79: in
A80: MTR_D | B80: ='Excel Calcs'!E5 -> 8 | C80: in
A81: MTR_E | B81: ='Excel Calcs'!E6 -> 6.25 | C81: in
A82: MTR_2F | B82: ='Excel Calcs'!E7 -> 12 | C82: in
A83: MTR_H | B83: ='Excel Calcs'!E8 -> 0.656 | C83: in
A84: MTR_P | B84: ='Excel Calcs'!E9 -> 16.5 | C84: in
A85: MTR_KWL | B85: ='Excel Calcs'!E10 -> 3.875 | C85: in
A86: MTR_R | B86: ='Excel Calcs'!E11 -> 1.844 | C86: in
A87: MTR_S | B87: ='Excel Calcs'!E12 -> 0.5 | C87: in
A88: MTR_U | B88: ='Excel Calcs'!E13 -> 2.125 | C88: in
A89: MTR_V | B89: ='Excel Calcs'!E14 -> 5.25 | C89: in
A90: MTR_AB | B90: ='Excel Calcs'!E15 -> 14.61 | C90: in
... A96: MTR_LB | B96: ='Excel Calcs'!E21 -> 700 | C96: ul
A97: MTR_Hand | B97: ='Excel Calcs'!E23 -> 1 | C97: ul
A98: MTR_Beside_X_Location | B98: ='Excel Calcs'!E24 -> 93.35 | C98: in
A99: MTR_Behind_X_Location | B99: ='Excel Calcs'!E25 -> 62.6 | C99: in
A100: MTR_Y_Location | B100: ='Excel Calcs'!E26 -> 12.99001 | C100: in
A101: MTR_Beside_Z_Location | B101: ='Excel Calcs'!E27 -> -15.88 | C101: in
A102: MTR_Behind_Z_Location | B102: ='Excel Calcs'!E28 -> -15.88 | C102: in
A103: MTRBS_AL | B103: ='Excel Calcs'!E32 -> 22.75 | C103: in
A104: MTRBS_AM | B104: ='Excel Calcs'!E33 -> 20.75 | C104: in
A105: MTRBS_AX | B105: ='Excel Calcs'!E34 -> 2.5 | C105: in
A106: MTRBS_BB | B106: ='Excel Calcs'!E35 -> 15.5 | C106: in
A107: MTRBS_E | B107: ='Excel Calcs'!E37 -> 6.25 | C107: in
A108: MTRBS_F | B108: ='Excel Calcs'!E38 -> 6 | C108: in
A109: MTRBS_AO | B109: ='Excel Calcs'!E39 -> 8 | C109: in
A110: MTRBS_AR | B110: ='Excel Calcs'!E40 -> 9.25 | C110: in
A111: MTRBS_AU | B111: ='Excel Calcs'!E41 -> 0.75 | C111: in
A112: MTRBS_BT | B112: ='Excel Calcs'!E42 -> 5.25 | C112: in
A113: MTRBS_AT | B113: ='Excel Calcs'!E43 -> 0.1875 | C113: in
A114: MTRBS_XC | B114: ='Excel Calcs'!E44 -> 2.125 | C114: in
A115: MTRBS_DBOLT_D | B115: ='Excel Calcs'!E45 -> 0.625 | C115: in
A116: MTRBS_DBOLT_L | B116: ='Excel Calcs'!E46 -> 2.5 | C116: in
A117: MTRBS_AYBOLT_D | B117: ='Excel Calcs'!E47 -> 0.75 | C117: in
A118: MTRBS_AYBOLT_L | B118: ='Excel Calcs'!E48 -> 9 | C118: in
... A128: MTRBS_Z_Location | B128: ='Excel Calcs'!E58 -> -15.88 | C128: in
A129: TopDischTrans_Y_Loc | B129: ='Excel Calcs'!E73 -> 75.15601 | C129: in
A130: TopDischTrans_Z_Loc | B130: ='Excel Calcs'!E74 -> 41.285 | C130: in
A131: TopDischTrans_H | B131: ='Excel Calcs'!E75 -> 12 | C131: in
A132: TopDischTrans_X | B132: ='Excel Calcs'!E76 -> 42.38798 | C132: in
A133: TopDischTrans_Z | B133: ='Excel Calcs'!E77 -> 31.56 | C133: in
A134: TopDischTrans_FIA_LIA_L | B134: ='Excel Calcs'!E78 -> 42.5 | C134: in
A135: TopDischTrans_RH_LH_L | B135: ='Excel Calcs'!E79 -> 31.38598 | C135: in
A136: TopDischTrans_Hole1_YLoc_Top | B136: ='Excel Calcs'!E80 -> 0.75 | C136: in
A137: TopDischTrans_Hole1_YLoc_Btm | B137: ='Excel Calcs'!E81 -> 1.375 | C137: in
A138: TopDischTrans_Hole1_ArrayQty | B138: ='Excel Calcs'!E82 -> 3 | C138: ul
A139: TopDischTrans_Hole1_ArrayDist | B139: ='Excel Calcs'!E83 -> 4.9375 | C139: in
A140: TopDischTrans_Stiffener_Flng_L | B140: ='Excel Calcs'!E84 -> 1.25 | C140: in
... A154: TopDischTrans_Thk | B154: ='Excel Calcs'!E98 -> 0.05601 | C154: in
A155: PLT_W | B155: ='Excel Calcs'!H4 -> 9 | C155: in
A156: PLT_L | B156: ='Excel Calcs'!H5 -> 13 | C156: in
A157: PLT_T | B157: ='Excel Calcs'!H6 -> 0.15601 | C157: in
A158: PLT_PH | B158: ='Excel Calcs'!H7 -> 0.25 | C158: in
A159: PLT_SH | B159: ='Excel Calcs'!H8 -> 0.75 | C159: in
A160: PLTS1_Designation | B160: ='Excel Calcs'!H11 -> 4 | C160: ul
A161: PLTS1_OS | B161: ='Excel Calcs'!H12 -> 0 | C161: ul
A162: PLTS1_SS | B162: ='Excel Calcs'!H13 -> 1 | C162: ul
A163: PLTS1_SW1 | B163: ='Excel Calcs'!H14 -> 2.625 | C163: in
A164: PLTS1_SW2 | B164: ='Excel Calcs'!H15 -> 6.375 | C164: in
A165: PLTS1_SL1 | B165: ='Excel Calcs'!H16 -> 1.125 | C165: in
A166: PLTS1_SL2 | B166: ='Excel Calcs'!H17 -> 6.5 | C166: in
...

Sheet Data
A1: INPUTS
A2: Parameter | B2: Value | C2: Description | F2: THIS BOX IS OUTPUT ONLY … DO NOT USE AS INPUTS
A3: IH | B3: 106 | C3: Inside Height | F3: Thickness Outputs
A4: IW | B4: 134 | C4: Inside Width | F4: InertiaPlateThk | G4: =IF(InertiaPlateThkO="-",'Excel Calcs'!Q18,InertiaPlateThkO) -> 0.05601 | H4: INERTIA FAN BASE SHEETMETAL BTM PANEL THICKNESS
A5: SEGL | B5: 76 | C5: Segment Length | F5: TopDischTransThk | G5: =IF(TopDischTransThkO="-",'Excel Calcs'!E98,InertiaPlateThkO) -> 0.05601 | H5: TOP DISCHARGE TRANSITION THICKNESS
A6: FANSIZE | B6: 300 | C6: 122 to 600 Class 1 & 2 182 to 600 Class 3
A7: FANCLASS | B7: 2 | C7: Fan Class 1, 2 or 3 | D7: 1, 2, 3
A8: FANWEIGHT | B8: 1024 | C8: Standard Fan Weights extracted from XML by MOM - Can be used as manual override for SQ purposes.
A9: FANDISCHARGELOC | B9: R | C9: F, FI, R, RI, T, TI, B, BI (Front, Front Inverted, Rear, Rear Inverted, Top, Top Inverted, Btm, Btm Inverted) | D9: F, FI, R, RI, T, TI, B, BI
A10: MOTORFRAME | B10: 326T | C10: Motor Frame Size
A11: MOTORLOCATION | B11: BESIDE | C11: BESIDE or BEHIND | D11: BESIDE, BEHIND
A12: MOTORHAND | B12: L | C12: L or R (Left or Right looking at air entering side of fan with airflow at your back) | D12: L, R
A13: MOTORWEIGHT | B13: 700 | C13: Standard Motor Weights extracted from XML by MOM - Can be used as manual override for SQ purposes. Edit manual (section 003) contains documentation on motor weights
A14: FAN_X_LOCATION | B14: 47.845 | C14: Location of "Base" fan in X direction (across width of unit). Dim is from RH origin plane (RH side of IW of unit) to center of Fan Discharge Default = 0 - Default value centers fan discharge in IW of unit
A15: ISOLATORDEFLECTION | B15: 2 | C15: 1 or 2 - Default = 2 | D15: 1, 2
A16: INERTIA | B16: NO | C16: YES or NO - Default = NO - Smaller fans that default to Type A base are forced to Type B when inertia is selected | D16: Yes, No
A17: MaterialStyle | B17: STL GALV | C17: Material Style | D17: STL GALV, SST304
A18: Construction | B18: BASELINE | C18: See "Isolator Plate" tab | D18: BASELINE, SEISMIC
A19: Fan_Start | B19: 0 | C19: Distance from segment start to fan discharge start - Default = 0"
A20: Motor_ChannelO | B20: 0 | C20: Only valid Channel sizes from steel list can be used. Enter as Channel Height followed a space followed by LB/FT (ie. 3 4.1 is 3" channel 4.1 lb/ft) - Default = 0
A21: FanBase_Type_ForcedO | B21: - | C21: "-", TYPEA, TYPEB, or TYPEC - Forces fan base to Type A, B or C regardless of fan size - STD = TypeA fan <=222, TypeB fan >222 and <=365, TypeC fan >365 - Default = "-" | D21: -, TYPEA, TYPEB, or TYPEC
A22: Center_DistanceO | B22: 0 | C22: Center Distance override - Default = 0
A23: InertiaPlateThkO | B23: - | C23: Inertia Bottom Plate Thickness Override - set to "-" when using defaults - Default = 16ga
A24: TopDischTransThkO | B24: - | C24: Top Discharge Transition Thickness Override - set to "-" when using defaults - Default = 16ga
A26: =IF(OR('Load Calculations'!B4>Isolators!G22,'Load Calculations'!C4>Isolators!G22,'Load Calculations'!D4>Isolators!G22,'Load Calculations'!E4>Isolators!G22),"WEIGHT CALCULATIONS EXCEED SINGLE ISOLATOR USE OF 2050LBS IN ONE OR MORE ISOLATOR LOCATIONS. PLEASE SEE LOAD CALCULATIONS TAB FOR LOAD DATA AND ADD/ADJUST ISOLATORS AS NEEDED TO MEET LOAD REQUIREMENT.",IF(AND(OR('Load Calculations'!B4>Isolators!G10,'Load Calculations'!C4>Isolators!G10,'Load Calculations'!D4>Isolators!G10,'Load Calculations'!E4>Isolators!G10),ISOLATORDEFLECTION=1),"LOAD EXCEEDS LARGEST SPRING FOR 1 INCH ISOLATOR DEFLECTION, PLEASE CHANGE ISOLATOR DEFLECTION TO 2"," "))

Sheet Excel Calcs
E1: =B17-B52+E10-E14-E16+E19-E17/2 -> 2.34
A2: Parameter | B2: Value | D2: Parameter | E2: Value | G2: Parameter | H2: Value | J2: Parameter | K2: Value | M2: Parameter | N2: Value | P2: Parameter | Q2: Value
A3: General | D3: Motor Data | G3: Isolator Plate Data | J3: Structural Fan Base Data Type B & C | M3: Structural Fan Base Data Type A | P3: Inertia Base Data
A4: Sheetmetal Weight lb/sqft/in | B4: 40.793 | D4: MTR_C | E4: =VLOOKUP(MOTORFRAME,Motor_Table,MATCH(MTR_C,Motor_Data_Column_Names,0),FALSE) -> 30.28 | G4: PLT_W | H4: ='Isolator Plate'!I4 -> 9 | J4: Min_Dist_HoleCtr_To_SteelWeb_FIA/LIA/DOA_Rail | K4: =E61/2+K18+K19*0.8 -> 1.1304 | M4: Min_Dist_HoleCtr_To_SteelWeb_DOA_Rail | N4: =IF(E61/2+N65+N66*0.666<1.5,1.5,E61/2+N65+N66*0.666) -> 1.5 | P4: FanBase_Str_Inertia_Internal_DOA_ChannelSpace | Q4: =K28+2.5 -> 4.42
A5: Inside Height | B5: =IH -> 106 | D5: MTR_D | E5: =VLOOKUP(MOTORFRAME,Motor_Table,MATCH(MTR_D,Motor_Data_Column_Names,0),FALSE) -> 8 | G5: PLT_L | H5: ='Isolator Plate'!J4 -> 13 | J5: DOA_INT_MTR_CHAN_to_MTRBS_Hole | K5: 0.5 | M5: Min_Dist_HoleCtr_To_SteelWeb_FIA/LIA_Rail | N5: =E61/2+N21+N22*0.666 -> 1.364 | P5: FanBase_Str_Inertia_BtmPlate_OutsideTollerance | Q5: 0.5
A6: Inside Width | B6: =IW -> 134 | D6: MTR_E | E6: =VLOOKUP(MOTORFRAME,Motor_Table,MATCH(MTR_E,Motor_Data_Column_Names,0),FALSE) -> 6.25 | G6: PLT_T | H6: ='Isolator Plate'!K4 -> 0.15601 | J6: FIAtoLIA_Channel_Distance | K6: =K12-K11+K21*2 -> 51.61 | M6: Min_Dist_FanMntHole_to_FIA/LIA_Rail | N6: =N5 -> 1.364 | P6: FanBase_Str_Inertia_Total_Plate_XDim | Q6: =IF(OR(B27=6,B27=8),K14+K28*2-Q5*2,K14-Q5*2) -> 76.5306
A7: Core_Segment_Length | B7: =Data!B5 -> 76 | D7: MTR_2F | E7: =VLOOKUP(MOTORFRAME,Motor_Table,MATCH(MTR_2F,Motor_Data_Column_Names,0),FALSE) -> 12 | G7: PLT_PH | H7: ='Isolator Plate'!L4 -> 0.25 | J7: FanFace_to_StructBaseFace | K7: =IF(AND(B9=2,OR(B27=1,B27=2,B27=3,B27=4,B27=5,B27=7)),0.5,IF(OR(B27=6,B27=8),K17+B11,IF(OR(B27=1,B27=2,B27=7),IF(B60<B49+0.5-K17-N6,0.5,K17-N6-(B49-B60)),IF(OR(B27=3,B27=4,B27=5),IF(B60<B49+0.5-K17-N6,0.5,K17-N6+B60-B49))))) -> 0.5 | M7: FIAtoLIA_Angle_Distance | N7: =N47-N26+N24+N46 -> 49.19 | P7: FanBase_Str_Inertia_Total_Plate_ZDim | Q7: =IF(B27=6,K54-K11-K21+K17-Q5*2,IF(B27=8,K25-(K54-(K11+K21-K17))-Q5*2,K25+K17*2-Q5*2)) -> 50.61
A8: MotorHand | B8: =IF(MOTORHAND="L",1,2) -> 1 | D8: MTR_H | E8: =VLOOKUP(MOTORFRAME,Motor_Table,MATCH(MTR_H,Motor_Data_Column_Names,0),FALSE) -> 0.656 | G8: PLT_SH | H8: =VLOOKUP(H11,Isolator_Plate_Table,MATCH(PLT_SH,Isolator_Plate_Column_Names,0),FALSE) -> 0.75 | J8: FanBase_Str_CHAN_Suppresion | K8: =IF(B20<>"TYPEA",1,0) -> 1 | M8: FanFace_to_StructBaseFace | N8: =IF(AND(B9=2,OR(B27=1,B27=2,B27=3,B27=4,B27=5,B27=7)),0.5,IF(B27=6,N42+B11,IF(B27=8,N20+B11,IF(OR(B27=1,B27=2,B27=7),IF(B60<B49+0.5-N20-N6,0.5,N20-N6-(B49-B60)),IF(OR(B27=3,B27=4,B27=5),IF(B60<B49+0.5-N42-N6,0.5,N42-N6+B60-B49)))))) -> 0.5 | P8: FanBase_Str_Inertia_MaxPlate_XDim | Q8: 36
A9: MotorLocation | B9: =IF(MOTORLOCATION="BESIDE",1,2) -> 1 | D9: MTR_P | E9: =VLOOKUP(MOTORFRAME,Motor_Table,MATCH(MTR_P,Motor_Data_Column_Names,0),FALSE) -> 16.5 | G9: PLT_Upstream_SLI | H9: =IF(OR(B27=1,B27=2),'Isolator Plate'!S7,'Isolator Plate'!S6) -> 6.5 | J9: FIA/LIA Channel Data | M9: FanBase_Str_ANG_Suppresion | N9: =IF(B20="TYPEA",1,0) -> 0 | P9: FanBase_Str_Inertia_Plate1_Suppresion | Q9: =IF(AND(B9=1,B27=8),0,IF(Q17>=1,1,0)) -> 0
A10: Tolerance_Gap | B10: 0.031 | D10: MTR_KWL | E10: =VLOOKUP(MOTORFRAME,Motor_Table,MATCH(MTR_KWL,Motor_Data_Column_Names,0),FALSE) -> 3.875 | G10: PLT_Dnstream_SLI | H10: =IF(OR(B27=3,B27=4),'Excel Calcs'!H5-'Isolator Plate'!S7,'Isolator Plate'!S6) -> 9.1875 | J10: FanBase_Str_FIA_LIA_CHAN_XLoc | K10: =IF(AND(B9=1,B8=1,OR(B27=6,B27=8)),K14/2-(B59-K32)+IF(K32=K4,B11,0),IF(AND(B9=1,B8=2,OR(B27=6,B27=8)),(K14/2-(B59-K32)+IF(K32=K4,B11,0))*-1,IF(AND(B9=1,B8=1),K14/2-(B59+K4),IF(AND(B9=1,B8=2),(K14/2-(B59+K4))*-1,IF(B9=2,0,FALSE))))) -> 14.8849 | M10: Isolator Hole Data | P10: FanBase_Str_Inertia_Plate2_Suppresion | Q10: =IF(Q17>=3,1,0) -> 0
A11: Fan_BtmDisch_Tolerance_Gap | B11: 0.031 | D11: MTR_R | E11: =VLOOKUP(MOTORFRAME,Motor_Table,MATCH(MTR_R,Motor_Data_Column_Names,0),FALSE) -> 1.844 | G11: PLTS1_Designation | H11: =IF(AND(OR(B27=1,B27=2,B27=5,B27=6,B27=7,B27=8),H43<>19,B21=2),3,IF(AND(OR(B27=1,B27=2,B27=5,B27=6,B27=7,B27=8),H43=19,B21=2),5,IF(AND(H43<>19,B21=2),4,IF(AND(H43=19,B21=2),6,IF(AND(OR(B27=1,B27=2,B27=5,B27=6,B27=7,B27=8),B21=1),1,IF(B21=1,2,FALSE)))))) -> 4 | J11: FanBase_Str_FIA_CHAN_ZLoc | K11: =IF(B27=8,B14-K7+K21,IF(B27=7,B14+K21-K7,IF(OR(B27=5,B27=6),B7-B14-B49+E58-E39-K70/2-K21,IF(OR(B27=1,B27=2),B13+K21-K7,IF(OR(B27=3,B27=4),B7-B13-B49+E58-E39-K70/2-K21))))) -> 21.85 | M11: FanBase_Str_DOA_ANG_IsoHole_STLOC | N11: =IF(B21=1,1.375,0.75) -> 0.75 | P11: FanBase_Str_Inertia_Plate3_Suppresion | Q11: =IF(Q17>=4,1,0) -> 0
A12: Side BH to Shell Clearance | B12: 0.31 | D12: MTR_S | E12: =VLOOKUP(MOTORFRAME,Motor_Table,MATCH(MTR_S,Motor_Data_Column_Names,0),FALSE) -> 0.5 | G12: PLTS1_OS | H12: =IF(ISEVEN(H11),0,1) -> 0 | J12: FanBase_Str_LIA_CHAN_ZLoc | K12: =IF(OR(B27=7,B27=8),B14+B49+E58+E39+K70/2+K21,IF(OR(B27=6,B27=5),B7-B14+K7-K21,IF(OR(B27=1,B27=2),B13+B49+E58+E39+K70/2+K21,IF(OR(B27=3,B27=4),B7-B13-K21+K7)))) -> 71.54 | M12: FanBase_Str_DOA_ANG_IsoHole_HS | N12: =K96 -> 2 | P12: FanBase_Str_Inertia_Plate4_Suppresion | Q12: =IF(Q17>=5,1,0) -> 0
A13: Fan_Disch_X_Distance (F, FI, R, RI) | B13: =IF(Fan_Start<>0,Fan_Start,4) -> 4 | D13: MTR_U | E13: =VLOOKUP(MOTORFRAME,Motor_Table,MATCH(MTR_U,Motor_Data_Column_Names,0),FALSE) -> 2.125 | G13: PLTS1_SS | H13: =IF(ISODD(H11),0,1) -> 1 | J13: FanBase_Str_FIA_LIA_CHAN_Lookup | K13: =CONCATENATE("Channel",K15,K16) -> Channel68.2 | M13: FanBase_Str_DOA_ANG_IsoHole_HL | N13: =K97 -> 1.25 | P13: FanBase_Str_Inertia_Plate5_Suppresion | Q13: =IF(AND(B9=1,B27=6),0,IF(AND(B9=1,B27=8,Q17=1),1,IF(Q17>=2,1,0))) -> 0
A14: Fan_Disch_X_Distance (T, TI, B, BI) | B14: =IF(Fan_Start<>0,Fan_Start,7) -> 7 | D14: MTR_V | E14: =VLOOKUP(MOTORFRAME,Motor_Table,MATCH(MTR_V,Motor_Data_Column_Names,0),FALSE) -> 5.25 | G14: PLTS1_SW1 | H14: =VLOOKUP(H11,Isolator_Plate_Table,MATCH(PLT_SW1,Isolator_Plate_Column_Names,0),FALSE) -> 2.625 | J14: FanBase_Str_FIA_LIA_CHAN_L | K14: =IF(AND(B9=2,OR(B27=6,B27=8)),B59*2-K32*2,IF(B9=2,B59*2+K4*2,IF(AND(B9=1,OR(B27=6,B27=8)),IF(K32=K4,B11,0)+(B59-K32)+(MAX(E56,B17)-MIN(E56,B17))+E33/2-K28,IF(K32=K4,B11,0)+(B59-K32)+(MAX(E56,B17)-MIN(E56,B17))+E33/2))) -> 77.5306 | M14: FanBase_Str_DOA_ANG_IsoHole_HD1 | N14: =K98 -> 0.625 | P14: FanBase_Str_Inertia_PlateBeside_Btm_Suppresion | Q14: =IF(AND(B9=1,OR(B27=6,B27=8),Q17>1),1,0) -> 0
A15: Base_Fan_Z_Location | B15: =IF(OR(B27=1,B27=2),B13+B49,IF(OR(B27=3,B27=4),B7-B13-B49,IF(OR(B27=5,B27=6),B7-B14-B49,IF(OR(B27=7,B27=8),B14+B49)))) -> 48.69 | D15: MTR_AB | E15: =VLOOKUP(MOTORFRAME,Motor_Table,MATCH(MTR_AB,Motor_Data_Column_Names,0),FALSE) -> 14.61 | G15: PLTS1_SW2 | H15: =VLOOKUP(H11,Isolator_Plate_Table,MATCH(PLT_SW2,Isolator_Plate_Column_Names,0),FALSE) -> 6.375 | J15: FanBase_Str_FIA_LIA_CHAN_H | K15: =IF(B20="TYPEC",8,6) -> 6 | M15: FanBase_Str_DOA_ANG_IsoHole_HD2 | N15: =K99 -> 0.875 | P15: FanBase_Str_Inertia_PlateBeside_BtmFiller_Suppresion | Q15: =IF(AND(B9=1,B27=6,Q17>=1),1,0) -> 0
A16: Base_Fan_Y_Location | B16: =IF(B20="TYPEA",H6+H42+N65,H6+H42+K94+K101) -> 8.90601 | D16: MTR_BA | E16: =VLOOKUP(MOTORFRAME,Motor_Table,MATCH(MTR_BA,Motor_Data_Column_Names,0),FALSE) -> 5.25 | G16: PLTS1_SL1 | H16: =VLOOKUP(H11,Isolator_Plate_Table,MATCH(PLT_SL1,Isolator_Plate_Column_Names,0),FALSE) -> 1.125 | J16: FanBase_Str_FIA_LIA_CHAN_LBFT | K16: =IF(K15=6,8.2,11.5) -> 8.2 | M16: FIA Angle Data | P16: FanBase_Str_Inertia_PlateBeside_BtmInvFiller_Suppresion | Q16: =IF(AND(B9=1,B27=8,Q17>=1),1,0) -> 0
A17: Base_Fan_X_Location | B17: =IF(FAN_X_LOCATION=0,B6/2,FAN_X_LOCATION) -> 47.845 | D17: MTR_BL | E17: =VLOOKUP(MOTORFRAME,Motor_Table,MATCH(MTR_BL,Motor_Data_Column_Names,0),FALSE) -> 14 | G17: PLTS1_SL2 | H17: =VLOOKUP(H11,Isolator_Plate_Table,MATCH(PLT_SL2,Isolator_Plate_Column_Names,0),FALSE) -> 6.5 | J17: FanBase_Str_FIA_LIA_CHAN_D | K17: =VLOOKUP(K13,Steel_List_Table,MATCH(STL_D,Steel_List_Column_Names,0),FALSE) -> 1.92 | M17: FanBase_Str_FIA_ANG_Lookup | N17: =CONCATENATE("Angle",N19,N20,N21) -> Angle430.375 | P17: FanBase_Str_Inertia_Plate_Qty | Q17: =IF(INERTIA<>"YES",0,IF(Q7<=Q8,1,IF(Q7/2<=Q8,2,IF(Q7/3<=Q8,3,IF(Q7/4<=Q8,4,5))))) -> 0
A18: MtrBehind_MinDistance_FanToMtr | B18: 0.5 | D18: MTR_BW | E18: =VLOOKUP(MOTORFRAME,Motor_Table,MATCH(MTR_BW,Motor_Data_Column_Names,0),FALSE) -> 14.5 | G18: PLTS2_Designation | H18: =IF(AND(OR(B27=3,B27=4,B27=5,B27=6,B27=7,B27=8),H56<>19,B21=2),3,IF(AND(OR(B27=3,B27=4,B27=5,B27=6,B27=7,B27=8),H56=19,B21=2),5,IF(AND(H56<>19,B21=2),4,IF(AND(H56=19,B21=2),6,IF(AND(OR(B27=3,B27=4,B27=5,B27=6,B27=7,B27=8),B21=1),1,IF(B21=1,2,FALSE)))))) -> 3 | J18: FanBase_Str_FIA_LIA_CHAN_WT | K18: =VLOOKUP(K13,Steel_List_Table,MATCH(STL_WT,Steel_List_Column_Names,0),FALSE) -> 0.2 | M18: FanBase_Str_FIA_ANG_L | N18: =IF(B9=2,B33,B33/2+B52-E10+E14+E16+E7/2+E40-N4) -> 74.63 | P18: FanBase_Str_Inertia_Plate_Thk | Q18: =IF(InertiaPlateThkO<>"-",InertiaPlateThkO,VLOOKUP(CONCATENATE(Q19,MaterialStyle),'Material List'!$A$8:$S$501,8,FALSE)) -> 0.05601
A19: Min_Isolator_CntrDist_DOA | B19: =H5-H9+0.25+H10 -> 15.9375 | D19: MTR_D1 | E19: =VLOOKUP(MOTORFRAME,Motor_Table,MATCH(MTR_D1,Motor_Data_Column_Names,0),FALSE) -> 1 | G19: PLTS2_OS | H19: =IF(ISEVEN(H18),0,1) -> 1 | J19: FanBase_Str_FIA_LIA_CHAN_FTR | K19: =VLOOKUP(K13,Steel_List_Table,MATCH(STL_FTR,Steel_List_Column_Names,0),FALSE) -> 0.343 | M19: FanBase_Str_FIA_ANG_H | N19: 4 | P19: FanBase_Str_Inertia_Plate_GA | Q19: =IF(InertiaPlateThkO<>"-","NA",16) -> 16
A20: FanBase_Type | B20: =IF(FanBase_Type_ForcedO<>"-",FanBase_Type_ForcedO,IF(AND(VALUE(LEFT(FANSIZE,2))<=22,INERTIA="YES"),"TYPEB",IF(FANSIZE<=22,"TYPEA",IF(AND(FANSIZE>22,FANSIZE<=36),"TYPEB",IF(AND(FANSIZE>36,FANSIZE<=55),"TYPEC",IF(FANSIZE<=222,"TYPEA",IF(AND(FANSIZE>222,FANSIZE<=365),"TYPEB",IF(FANSIZE>365,"TYPEC",FALSE)))))))) -> TYPEB | D20: MTR_D2 | E20: =VLOOKUP(MOTORFRAME,Motor_Table,MATCH(MTR_D2,Motor_Data_Column_Names,0),FALSE) -> 0.44 | G20: PLTS2_SS | H20: =IF(ISODD(H18),0,1) -> 0 | J20: FanBase_Str_FIA_LIA_CHAN_LB | K20: =K14*(VLOOKUP(K13,Steel_List_Table,MATCH(STL_LBFT,Steel_List_Column_Names,0),FALSE)/12) -> 52.979243 | M20: FanBase_Str_FIA_ANG_D | N20: 3 | P20: FanBase_Str_Inertia_Plate_YLoc | Q20: =B16-K15 -> 2.90601
A21: Isolator_Deflection | B21: =ISOLATORDEFLECTION -> 2 | D21: MTR_LB | E21: =MOTORWEIGHT -> 700 | G21: PLTS2_SW1 | H21: =VLOOKUP(H18,Isolator_Plate_Table,MATCH(PLT_SW1,Isolator_Plate_Column_Names,0),FALSE) -> 1.125 | J21: FanBase_Str_FIA_LIA_CHAN_Loc_Plane | K21: =K17/2 -> 0.96 | M21: FanBase_Str_FIA_ANG_WT | N21: 0.375 | P21: FanBase_Str_Inertia_Plate_XLoc | Q21: =K10 -> 14.8849
D22: MTR_Sheave_LB | E22: =(VLOOKUP(MOTORFRAME,Motor_Table,MATCH(MTR_HP,Motor_Data_Column_Names,0),FALSE))/2 -> 25 | G22: PLTS2_SW2 | H22: =VLOOKUP(H18,Isolator_Plate_Table,MATCH(PLT_SW2,Isolator_Plate_Column_Names,0),FALSE) -> 4.875 | J22: DOA Channel Data | M22: FanBase_Str_FIA_ANG_FTR | N22: 0.5 | P22: FanBase_Str_Inertia_Plate_FlangeH | Q22: =Q94-Q88/2 -> 1.75
A23: Parameter | B23: Value | D23: MTR_Hand | E23: =IF(MOTORHAND="L",1,2) -> 1 | G23: PLTS2_SL1 | H23: =VLOOKUP(H18,Isolator_Plate_Table,MATCH(PLT_SL1,Isolator_Plate_Column_Names,0),FALSE) -> 3.8125 | J23: FanBase_Str_DOA_CHAN_Suppresion | K23: =IF(K8=0,0,IF(OR(B27=6,B27=8),2,1)) -> 1 | M23: FanBase_Str_FIA_ANG_LB | N23: =N18*(VLOOKUP(N17,Steel_List_Table,MATCH(STL_LBFT,Steel_List_Column_Names,0),FALSE)/12) -> 52.862917 | P23: FanBase_Str_Inertia_Plate_Flange_EndNotch | Q23: =K17-Q5+0.125 -> 1.545
A24: Fan Data | D24: MTR_Beside_X_Location | E24: =IF(B8=1,B17+B52-E10+E14+E16-E19+E17/2,B17-B52+E10-E14-E16+E19-E17/2) -> 93.35 | G24: PLTS2_SL2 | H24: =VLOOKUP(H18,Isolator_Plate_Table,MATCH(PLT_SL2,Isolator_Plate_Column_Names,0),FALSE) -> 9.1875 | J24: FanBase_Str_DOA_CHAN_Lookup | K24: =CONCATENATE("Channel",K26,K27) -> Channel68.2 | M24: FanBase_Str_FIA_ANG_HoleLoc_Plane | N24: =N20/2 -> 1.5 | P24: FanBase_Str_Inertia_Plate_Flange_BtmInvDischNotch_Suppresion | Q24: =IF(AND(B9=1,B27=8),1,0) -> 0
A25: FAN_Lookup | B25: =CONCATENATE(FANSIZE,IF(OR(FANDISCHARGELOC="F",FANDISCHARGELOC="FI",FANDISCHARGELOC="R",FANDISCHARGELOC="RI"),"H",IF(OR(FANDISCHARGELOC="T",FANDISCHARGELOC="TI"),"T",IF(OR(FANDISCHARGELOC="B",FANDISCHARGELOC="BI"),"B","")))) -> 300H | D25: MTR_Behind_X_Location | E25: =IF(B8=1,B17+B52-B55-(E14-E10)-E16-E7/2,B17-B52+B55+(E14-E10)+E16+E7/2) -> 62.6 | G25: PLTS3_Designation | H25: =IF(AND(OR(B27=1,B27=2,B27=5,B27=6,B27=7,B27=8),H69<>19,B21=2),3,IF(AND(OR(B27=1,B27=2,B27=5,B27=6,B27=7,B27=8),H69=19,B21=2),5,IF(AND(H69<>19,B21=2),4,IF(AND(H69=19,B21=2),6,IF(AND(OR(B27=1,B27=2,B27=5,B27=6,B27=7,B27=8),B21=1),1,IF(B21=1,2,FALSE)))))) -> 4 | J25: FanBase_Str_DOA_CHAN_L | K25: =IF(OR(B27=6,B27=8),K6,K6-K17*2) -> 47.77 | M25: FanBase_Str_FIA_ANG_XLoc | N25: =IF(AND(B9=1,B8=1),N18/2-B33/2,IF(AND(B9=1,B8=2),(N18/2-B33/2)*-1,IF(B9=2,0,FALSE))) -> 15.94 | P25: FanBase_Str_Inertia_Plate_Flange_BtmDischNotch_Suppresion | Q25: =IF(AND(B9=1,B27=6),1,0) -> 0
A26: FAN_Location_In_Segment | B26: =IF(OR(B27=1,B27=2,B27=7,B27=8),"FIA","LIA") -> LIA | D26: MTR_Y_Location | E26: =E57+E34 -> 12.99001 | G26: PLTS3_OS | H26: =IF(ISEVEN(H25),0,1) -> 0 | J26: FanBase_Str_DOA_CHAN_H | K26: =K15 -> 6 | M26: FanBase_Str_FIA_ANG_ZLoc | N26: =IF(B27=8,B14-N8+N24,IF(B27=7,B14+N24-N8,IF(OR(B27=5,B27=6),B7-B14-B49+E58-E39,IF(OR(B27=1,B27=2),B13+N24-N8,IF(OR(B27=3,B27=4),B7-B13-B49+E58-E39))))) -> 24.81 | P26: FanBase_Str_Inertia_Plate_Flange_SnglPlateNotch_Suppresion | Q26: =IF(AND(Q17=1,OR(Q24=1,Q25=1)),1,0) -> 0
A27: FAN_FanType_Selection | B27: =IF(FANDISCHARGELOC="F",1,IF(FANDISCHARGELOC="FI",2,IF(FANDISCHARGELOC="R",3,IF(FANDISCHARGELOC="RI",4,IF(FANDISCHARGELOC="T",5,IF(FANDISCHARGELOC="B",6,IF(FANDISCHARGELOC="TI",7,IF(FANDISCHARGELOC="BI",8,FALSE)))))))) -> 3 | D27: MTR_Beside_Z_Location | E27: =IF(OR(B27=1,B27=2,B27=7,B27=8),'Center Distance'!D5,'Center Distance'!D5*-1) -> -15.88 | G27: PLTS3_SS | H27: =IF(ISODD(H25),0,1) -> 1 | J27: FanBase_Str_DOA_CHAN_LBFT | K27: =K16 -> 8.2 | M27: MIA Angle Data | P27: FanBase_Str_Inertia_Plate_Flange_BtmDischNotch_XDim | Q27: =IF(B8=1,Q97+K28-Q5+K45+Q5,Q127+K28-Q5+K45+Q5) -> 9.84
A28: FAN_FanBlade_Direction | B28: =IF(OR(B27=2,B27=3,B27=6,B27=7),1,IF(OR(B27=1,B27=4,B27=5,B27=8),2,FALSE)) -> 1 | D28: MTR_Behind_Z_Location | E28: =IF(OR(B27=1,B27=2,B27=7,B27=8),'Center Distance'!D5,'Center Distance'!D5*-1) -> -15.88 | G28: PLTS3_SW1 | H28: =VLOOKUP(H25,Isolator_Plate_Table,MATCH(PLT_SW1,Isolator_Plate_Column_Names,0),FALSE) -> 2.625 | J28: FanBase_Str_DOA_CHAN_D | K28: =VLOOKUP(K24,Steel_List_Table,MATCH(STL_D,Steel_List_Column_Names,0),FALSE) -> 1.92 | M28: FanBase_Str_MIA_ANG_Suppresion | N28: =IF(N9=0,0,IF(MOTORLOCATION="BESIDE",0,1)) -> 0 | P28: FanBase_Str_Inertia_Plate_Flange_BtmDischNotch_XLoc | Q28: =IF(B8=1,Q6/2-Q27/2,(Q6/2-Q27/2)*-1) -> 33.3453
A29: FAN_WH_DIA_Nominal | B29: =VLOOKUP(B25,Fan_Data_Table,MATCH(WH_DIA_Nominal,Fan_Data_Column_Names,0),FALSE) -> 30 | G29: PLTS3_SW2 | H29: =VLOOKUP(H25,Isolator_Plate_Table,MATCH(PLT_SW2,Isolator_Plate_Column_Names,0),FALSE) -> 6.375 | J29: FanBase_Str_DOA_CHAN_WT | K29: =VLOOKUP(K24,Steel_List_Table,MATCH(STL_WT,Steel_List_Column_Names,0),FALSE) -> 0.2 | M29: FanBase_Str_MIA_ANG_Lookup | N29: =CONCATENATE("Angle",N31,N32,N33) -> Angle430.375 | P29: FanBase_Str_Inertia_Plate_Flange_IntFanNotch_XLoc | Q29: =IF(B9=2,6,IF(AND(B8=1,OR(B27=6,B27=8)),Q97+K28-Q5+K45/2,IF(AND(B8=2,OR(B27=6,B27=8)),Q97+K28-Q5+K46*2+Q112-K45/2,IF(B8=1,Q97+K29-Q5+K45/2,IF(B8=2,Q97+K29-Q5+K46*2+Q112-K45/2,FALSE))))) -> 6.66
A30: FAN_LB | B30: =FANWEIGHT -> 1024 | D30: Parameter | E30: Value | G30: PLTS3_SL1 | H30: =VLOOKUP(H25,Isolator_Plate_Table,MATCH(PLT_SL1,Isolator_Plate_Column_Names,0),FALSE) -> 1.125 | J30: FanBase_Str_DOA_CHAN_FTR | K30: =VLOOKUP(K24,Steel_List_Table,MATCH(STL_FTR,Steel_List_Column_Names,0),FALSE) -> 0.343 | M30: FanBase_Str_MIA_ANG_L | N30: =N18 -> 74.63 | P30: FanBase_Str_Inertia_Plate_Flange_IntFanNotch_Suppresion | Q30: =IF(Q26=1,0,IF(K36=0,0,1)) -> 1
A31: FAN_Sheave_LB | B31: =E22 -> 25 | D31: Motor Base Data | G31: PLTS3_SL2 | H31: =VLOOKUP(H25,Isolator_Plate_Table,MATCH(PLT_SL2,Isolator_Plate_Column_Names,0),FALSE) -> 6.5 | J31: FanBase_Str_DOA_CHAN_LB | K31: =K25*(VLOOKUP(K24,Steel_List_Table,MATCH(STL_LBFT,Steel_List_Column_Names,0),FALSE)/12) -> 32.642833 | M31: FanBase_Str_MIA_ANG_H | N31: 4 | P31: FanBase_Str_Inertia_Plate_Flange_IntMtrNotch_XLoc | Q31: =IF(AND(B8=1,B9=1,OR(B27=6,B27=8)),Q97+K28-Q5+K46+Q112+K46-K45/2,IF(AND(B8=1,B9=2,OR(B27=6,B27=8)),Q97+K28-Q5+K29-K45/2,IF(AND(B8=2,OR(B27=6,B27=8)),Q97+K28-Q5+K45/2,IF(AND(B8=1,B9=1),Q97+K29-Q5+K46+Q112+K46-K45/2,IF(B8=1,Q97+K29-Q5+K46-K45/2,IF(B8=2,Q97+K29-Q5+K45/2,FALSE)))))) -> 11.14
A32: FAN_A | B32: =VLOOKUP(B25,Fan_Data_Table,MATCH(FAN_A,Fan_Data_Column_Names,0),FALSE) -> 31.81 | D32: MTRBS_AL | E32: =VLOOKUP(MOTORFRAME,MotorBase_Table,MATCH(MTRBS_AL,MotorBase_Data_Column_Names,0),FALSE) -> 22.75 | G32: PLTS4_Designation | H32: =IF(AND(OR(B27=3,B27=4,B27=5,B27=6,B27=7,B27=8),H82<>19,B21=2),3,IF(AND(OR(B27=3,B27=4,B27=5,B27=6,B27=7,B27=8),H82=19,B21=2),5,IF(AND(H82<>19,B21=2),4,IF(AND(H82=19,B21=2),6,IF(AND(OR(B27=3,B27=4,B27=5,B27=6,B27=7,B27=8),B21=1),1,IF(B21=1,2,FALSE)))))) -> 3 | J32: FanBase_Str_DOA_CHAN_HoleLoc_Plane | K32: =IF(AND(B27<>6,B27<>8),K4,IF(K45-(B59-B33/2-B11+B37/2)<0.25,K45-B37/2-0.25,B59-B33/2-B11)) -> 1.1304 | M32: FanBase_Str_MIA_ANG_D | N32: 3 | P32: FanBase_Str_Inertia_Plate_Flange_IntMtrNotch_BtmFiller_XLoc | Q32: =IF(B8=1,Q31-(Q6-Q78),Q31) -> -52.0706
A33: FAN_B | B33: =VLOOKUP(B25,Fan_Data_Table,MATCH(FAN_B,Fan_Data_Column_Names,0),FALSE) -> 42.75 | D33: MTRBS_AM | E33: =VLOOKUP(MOTORFRAME,MotorBase_Table,MATCH(MTRBS_AM,MotorBase_Data_Column_Names,0),FALSE) -> 20.75 | G33: PLTS4_OS | H33: =IF(ISEVEN(H32),0,1) -> 1 | J33: DOA Internal Channel Data | M33: FanBase_Str_MIA_ANG_WT | N33: =N21 -> 0.375 | P33: FanBase_Str_Inertia_Plate_Flange_IntNotch_W | Q33: =K45+0.5 -> 2.42
A34: FAN_BAH | B34: =VLOOKUP(B25,Fan_Data_Table,MATCH(FAN_BAH,Fan_Data_Column_Names,0),FALSE) -> 2.5 | D34: MTRBS_AX | E34: =VLOOKUP(MOTORFRAME,MotorBase_Table,MATCH(MTRBS_AX,MotorBase_Data_Column_Names,0),FALSE) -> 2.5 | G34: PLTS4_SS | H34: =IF(ISODD(H32),0,1) -> 0 | J34: FanBase_Str_DOA_INT_MTR_CHAN_Coping_Suppresion | K34: =IF(AND(OR(B27=6,B27=8),B8=1,B9=2),1,IF(AND(OR(B27=6,B27=8),B8=2,B9=2),2,0)) -> 0 | M34: FanBase_Str_MIA_ANG_FTR | N34: =VLOOKUP(N29,Steel_List_Table,MATCH(STL_FTR,Steel_List_Column_Names,0),FALSE) -> 0.5 | P34: FanBase_Str_Inertia_Plate_X_Hole_XStart | Q34: 2.375
A35: FAN_BAW | B35: =VLOOKUP(B25,Fan_Data_Table,MATCH(FAN_BAW,Fan_Data_Column_Names,0),FALSE) -> 2.5 | D35: MTRBS_BB | E35: =VLOOKUP(MOTORFRAME,MotorBase_Table,MATCH(MTRBS_BB,MotorBase_Data_Column_Names,0),FALSE) -> 15.5 | G35: PLTS4_SW1 | H35: =VLOOKUP(H32,Isolator_Plate_Table,MATCH(PLT_SW1,Isolator_Plate_Column_Names,0),FALSE) -> 1.125 | J35: FanBase_Str_DOA_INT_MTR_CHAN_Suppresion | K35: =IF(K8=0,0,IF(OR(B9=1,FANSIZE>=402),1,0)) -> 1 | M35: FanBase_Str_MIA_ANG_LB | N35: =N30*(VLOOKUP(N29,Steel_List_Table,MATCH(STL_LBFT,Steel_List_Column_Names,0),FALSE)/12) -> 52.862917 | P35: FanBase_Str_Inertia_Plate_X_Hole_YLoc | Q35: =Q22/2 -> 0.875
A36: FAN_BAT | B36: =VLOOKUP(B25,Fan_Data_Table,MATCH(FAN_BAT,Fan_Data_Column_Names,0),FALSE) -> 0.25 | D36: MTRBS_BT | E36: =VLOOKUP(MOTORFRAME,MotorBase_Table,MATCH(MTRBS_BT,MotorBase_Data_Column_Names,0),FALSE) -> 5.25 | G36: PLTS4_SW2 | H36: =VLOOKUP(H32,Isolator_Plate_Table,MATCH(PLT_SW2,Isolator_Plate_Column_Names,0),FALSE) -> 4.875 | J36: FanBase_Str_DOA_INT_FAN_CHAN_Suppresion | K36: =IF(K8=0,0,IF(B9=1,1,0)) -> 1 | M36: FanBase_Str_MIA_ANG_HoleLoc_Plane | N36: =N32/2 -> 1.5 | P36: FanBase_Str_Inertia_Plate_X_Hole_BtmFiller_StartPlane | Q36: =IF(B8=1,Q54-Q78,0) -> 63.2106
A37: FAN_BH | B37: =VLOOKUP(B25,Fan_Data_Table,MATCH(FAN_BH,Fan_Data_Column_Names,0),FALSE) -> 0.56 | D37: MTRBS_E | E37: =VLOOKUP(MOTORFRAME,MotorBase_Table,MATCH(MTRBS_E,MotorBase_Data_Column_Names,0),FALSE) -> 6.25 | G37: PLTS4_SL1 | H37: =VLOOKUP(H32,Isolator_Plate_Table,MATCH(PLT_SL1,Isolator_Plate_Column_Names,0),FALSE) -> 3.8125 | J37: FanBase_Str_DOA_INT_MTR_CHAN_XLoc | K37: =IF(B8=1,E56-B17-E40+K5+K45-K50,B17-E56-E40+K5+K45-K50) -> 37.5446 | M37: FanBase_Str_MIA_ANG_ZLoc | N37: =IF(OR(B27=1,B27=2,B27=7,B27=8),B15+E58-E39,B15+E58+E39) -> 40.81 | P37: FanBase_Str_Inertia_Plate_X_Hole_Eng_Hole_Dia | Q37: ='Hole Sizes'!I11 -> 0.152
A38: FAN_BH_NOM | B38: =VLOOKUP(B25,Fan_Data_Table,MATCH(FAN_BH_NOM,Fan_Data_Column_Names,0),FALSE) -> 0.5 | D38: MTRBS_F | E38: =VLOOKUP(MOTORFRAME,MotorBase_Table,MATCH(MTRBS_F,MotorBase_Data_Column_Names,0),FALSE) -> 6 | G38: PLTS4_SL2 | H38: =VLOOKUP(H32,Isolator_Plate_Table,MATCH(PLT_SL2,Isolator_Plate_Column_Names,0),FALSE) -> 9.1875 | J38: FanBase_Str_DOA_INT_MTR_CHAN_ZLoc | K38: =IF(AND(B27=6,B9=2),K54-((K25-K17*2-B11*2-B32+K60)/2),IF(AND(B27=8,B9=2),K54+((K25-K17*2-B11*2-B32+K60)/2),IF(OR(B27=6,B27=8),H104-K93/2+K17-K106+K25/2,H104-K93/2+K106+K25/2))) -> 46.695 | M38: LIA Angle Data | P38: FanBase_Str_Inertia_Plate_X_Hole_Clr_Hole_Dia | Q38: ='Hole Sizes'!B7 -> 0.218
A39: FAN_DC | B39: =VLOOKUP(B25,Fan_Data_Table,MATCH(FAN_DC,Fan_Data_Column_Names,0),FALSE) -> 24.5 | D39: MTRBS_AO | E39: =VLOOKUP(MOTORFRAME,MotorBase_Table,MATCH(MTRBS_AO,MotorBase_Data_Column_Names,0),FALSE) -> 8 | J39: FanBase_Str_DOA_INT_FAN_CHAN_XLoc | K39: =B59 -> 22.75 | M39: FanBase_Str_LIA_ANG_Lookup | N39: =CONCATENATE("Angle",N41,N42,N43) -> Angle430.375 | P39: FanBase_Str_Inertia_Plate_X_Hole_Ind_Hole_Dia | Q39: =IF(Q18<=0.09,'Hole Sizes'!B35,IF(AND(Q18>0.09,Q18<0.14),'Hole Sizes'!B36,'Hole Sizes'!B37)) -> 0.125
A40: FAN_DD | B40: =VLOOKUP(B25,Fan_Data_Table,MATCH(FAN_DD,Fan_Data_Column_Names,0),FALSE) -> 30.25 | D40: MTRBS_AR | E40: =VLOOKUP(MOTORFRAME,MotorBase_Table,MATCH(MTRBS_AR,MotorBase_Data_Column_Names,0),FALSE) -> 9.25 | G40: Parameter | H40: Value | J40: FanBase_Str_DOA_INT_FAN_CHAN_ZLoc | K40: =K38 -> 46.695 | M40: FanBase_Str_LIA_ANG_L | N40: =N18 -> 74.63 | P40: FanBase_Str_Inertia_Plate_X_Hole1_PlateBeside_Btm_Suppresion | Q40: =IF(B8=1,0,1) -> 0
A41: FAN_DE | B41: =VLOOKUP(B25,Fan_Data_Table,MATCH(FAN_DE,Fan_Data_Column_Names,0),FALSE) -> 14.75 | D41: MTRBS_AU | E41: =VLOOKUP(MOTORFRAME,MotorBase_Table,MATCH(MTRBS_AU,MotorBase_Data_Column_Names,0),FALSE) -> 0.75 | G41: Isolator Data | J41: FanBase_Str_DOA_INT_CHAN_Lookup | K41: =CONCATENATE("Channel",K43,K44) -> Channel68.2 | M41: FanBase_Str_LIA_ANG_H | N41: 4 | P41: FanBase_Str_Inertia_Plate_X_Hole1_Suppresion | Q41: =IF(AND(B8=1,Q17>=2),1,IF(B8=2,1,0)) -> 0
A42: FAN_DX | B42: =VLOOKUP(B25,Fan_Data_Table,MATCH(FAN_DX,Fan_Data_Column_Names,0),FALSE) -> 1.5 | D42: MTRBS_BT | E42: =VLOOKUP(MOTORFRAME,MotorBase_Table,MATCH(MTRBS_BT,MotorBase_Data_Column_Names,0),FALSE) -> 5.25 | G42: Standard_Isolator_Operating_Height | H42: =IF(AND(B21=1,B20="TYPEA"),4.625,7.25) -> 7.25 | J42: FanBase_Str_DOA_INT_CHAN_L | K42: =IF(AND(B9=2,OR(B27=6,B27=8)),K25-K17*2-B11*2-B32-K60,IF(OR(B27=6,B27=8),K25-K17*2,K25)) -> 47.77 | M42: FanBase_Str_LIA_ANG_D | N42: 3 | P42: FanBase_Str_Inertia_Plate_X_Hole1_XLoc | Q42: =Q34 -> 2.375
A43: FAN_G | B43: =VLOOKUP(B25,Fan_Data_Table,MATCH(FAN_G,Fan_Data_Column_Names,0),FALSE) -> 41 | D43: MTRBS_AT | E43: =VLOOKUP(MOTORFRAME,MotorBase_Table,MATCH(MTRBS_AT,MotorBase_Data_Column_Names,0),FALSE) -> 0.1875 | G43: ISO_S1_PartNumber | H43: {=IF('Load Calculations'!B4>Isolators!G22,Isolators!B22,MAX(IF(('Load Calculations'!B4>=Isolators!F4:F22)*('Load Calculations'!B4<=Isolators!G4:G22)*(B21=Isolators!E4:E22),1,0)*Isolators!B4:B22))} -> 11 | J43: FanBase_Str_DOA_INT_CHAN_H | K43: =K15 -> 6 | M43: FanBase_Str_LIA_ANG_WT | N43: =N21 -> 0.375 | P43: FanBase_Str_Inertia_Plate_X_Hole1_ArrayQty | Q43: =ROUNDUP((Q96-Q42*2)/8,0)+1 -> 2
A44: FAN_GA | B44: =VLOOKUP(B25,Fan_Data_Table,MATCH(FAN_GA,Fan_Data_Column_Names,0),FALSE) -> 0.126 | D44: MTRBS_XC | E44: =VLOOKUP(MOTORFRAME,MotorBase_Table,MATCH(MTRBS_XC,MotorBase_Data_Column_Names,0),FALSE) -> 2.125 | G44: ISO_S1_OPHGT | H44: =VLOOKUP(H43,Isolator_Table,MATCH(ISO_OPHGT,Isolator_Data_Column_Names,0),FALSE) -> 7.25 | J44: FanBase_Str_DOA_INT_CHAN_LBFT | K44: =K16 -> 8.2 | M44: FanBase_Str_LIA_ANG_FTR | N44: =VLOOKUP(N39,Steel_List_Table,MATCH(STL_FTR,Steel_List_Column_Names,0),FALSE) -> 0.5 | P44: FanBase_Str_Inertia_Plate_X_Hole1_ArrayDist | Q44: =(Q96-Q42*2)/(Q43-1) -> 1.91
A45: FAN_GB | B45: =VLOOKUP(B25,Fan_Data_Table,MATCH(FAN_GB,Fan_Data_Column_Names,0),FALSE) -> 0.097 | D45: MTRBS_DBOLT_D | E45: =VLOOKUP(MOTORFRAME,MotorBase_Table,MATCH(MTRBS_DBOLT_D,MotorBase_Data_Column_Names,0),FALSE) -> 0.625 | G45: ISO_S1_BLT | H45: =VLOOKUP(H43,Isolator_Table,MATCH(ISO_BLT,Isolator_Data_Column_Names,0),FALSE) -> 1.5 | J45: FanBase_Str_DOA_INT_CHAN_D | K45: =VLOOKUP(K41,Steel_List_Table,MATCH(STL_D,Steel_List_Column_Names,0),FALSE) -> 1.92 | M45: FanBase_Str_LIA_ANG_LB | N45: =N40*(VLOOKUP(N39,Steel_List_Table,MATCH(STL_LBFT,Steel_List_Column_Names,0),FALSE)/12) -> 52.862917 | P45: FanBase_Str_Inertia_Plate_X_Hole2_Suppresion | Q45: =IF(B9=1,1,IF(AND(B9=2,K35=1),1,0)) -> 1
A46: FAN_GC | B46: =IF(OR(B27=3,B27=4,B27=5,B27=6),VLOOKUP(B25,Fan_Data_Table,MATCH(FAN_GC,Fan_Data_Column_Names,0),FALSE),B43-VLOOKUP(B25,Fan_Data_Table,MATCH(FAN_GC,Fan_Data_Column_Names,0),FALSE)) -> 20.5 | D46: MTRBS_DBOLT_L | E46: =VLOOKUP(MOTORFRAME,MotorBase_Table,MATCH(MTRBS_DBOLT_L,MotorBase_Data_Column_Names,0),FALSE) -> 2.5 | G46: ISO_S1_BW | H46: =VLOOKUP(H43,Isolator_Table,MATCH(ISO_BW,Isolator_Data_Column_Names,0),FALSE) -> 6 | J46: FanBase_Str_DOA_INT_CHAN_WT | K46: =VLOOKUP(K41,Steel_List_Table,MATCH(STL_WT,Steel_List_Column_Names,0),FALSE) -> 0.2 | M46: FanBase_Str_LIA_ANG_HoleLoc_Plane | N46: =N42/2 -> 1.5 | P46: FanBase_Str_Inertia_Plate_X_Hole2_XLoc | Q46: =IF(AND(B8=1,B9=1),Q29+Q34,Q31+Q34) -> 9.035
A47: FAN_H | B47: =VLOOKUP(B25,Fan_Data_Table,MATCH(FAN_H,Fan_Data_Column_Names,0),FALSE) -> 47.75 | D47: MTRBS_AYBOLT_D | E47: =VLOOKUP(MOTORFRAME,MotorBase_Table,MATCH(MTRBS_AYBOLT_D,MotorBase_Data_Column_Names,0),FALSE) -> 0.75 | G47: ISO_S1_BL | H47: =VLOOKUP(H43,Isolator_Table,MATCH(ISO_BL,Isolator_Data_Column_Names,0),FALSE) -> 7.625 | J47: FanBase_Str_DOA_INT_CHAN_FTR | K47: =VLOOKUP(K41,Steel_List_Table,MATCH(STL_FTR,Steel_List_Column_Names,0),FALSE) -> 0.343 | M47: FanBase_Str_LIA_ANG_ZLoc | N47: =IF(OR(B27=7,B27=8),B14+B49+E58+E39,IF(OR(B27=6,B27=5),B7-B14+N8-N46,IF(OR(B27=1,B27=2),B13+B49+E58+E39,IF(OR(B27=3,B27=4),B7-B13-N46+N8)))) -> 71 | P47: FanBase_Str_Inertia_Plate_X_Hole2_ArrayQty | Q47: =ROUNDUP((Q111-Q34*2)/8,0)+1 -> 0
A48: FAN_HE | B48: =VLOOKUP(B25,Fan_Data_Table,MATCH(FAN_HE,Fan_Data_Column_Names,0),FALSE) -> 25.75 | D48: MTRBS_AYBOLT_L | E48: =VLOOKUP(MOTORFRAME,MotorBase_Table,MATCH(MTRBS_AYBOLT_L,MotorBase_Data_Column_Names,0),FALSE) -> 9 | G48: ISO_S1_BT | H48: =VLOOKUP(H43,Isolator_Table,MATCH(ISO_BT,Isolator_Data_Column_Names,0),FALSE) -> 0.375 | J48: FanBase_Str_DOA_INT_CHAN_LB | K48: =K42*(VLOOKUP(K41,Steel_List_Table,MATCH(STL_LBFT,Steel_List_Column_Names,0),FALSE)/12) -> 32.642833 | M48: Down Blast Fan Angle Data | P48: FanBase_Str_Inertia_Plate_X_Hole2_ArrayDist | Q48: =(Q111-Q34*2)/(Q47-1) -> 0.27
A49: FAN_HJ | B49: =VLOOKUP(B25,Fan_Data_Table,MATCH(FAN_HJ,Fan_Data_Column_Names,0),FALSE) -> 23.31 | D49: MTRBS_LB | E49: =VLOOKUP(MOTORFRAME,MotorBase_Table,MATCH(MTRBS_LB,MotorBase_Data_Column_Names,0),FALSE) -> 31 | G49: ISO_S1_BHD | H49: =VLOOKUP(H43,Isolator_Table,MATCH(ISO_BHD,Isolator_Data_Column_Names,0),FALSE) -> 0.875 | J49: FanBase_Str_DOA_INT_FAN_CHAN_HoleLoc_Plane | K49: =IF(AND(B27<>6,B27<>8),K4,IF(K45-(B59-B33/2-B11+B37/2)<0.25,K45-B37/2-0.25,B59-B33/2-B11)) -> 1.1304 | M49: FanBase_Str_DB_ANG_Suppresion | N49: =IF(N9=0,0,IF(OR(B27=6,B27=8),1,0)) -> 0 | P49: FanBase_Str_Inertia_Plate_X_Hole3_Suppresion | Q49: =IF(B9=1,1,0) -> 1
A50: FAN_HN | B50: =VLOOKUP(B25,Fan_Data_Table,MATCH(FAN_HN,Fan_Data_Column_Names,0),FALSE) -> 31.75 | D50: MTRBS_AdjBolt_Loc | E50: =IF(MOTORFRAME<"143T",0,'Excel Calcs'!E38) -> 6 | G50: ISO_S1_BHW | H50: =VLOOKUP(H43,Isolator_Table,MATCH(ISO_BHW,Isolator_Data_Column_Names,0),FALSE) -> 1.125 | J50: FanBase_Str_DOA_INT_MTR_CHAN_HoleLoc_Plane | K50: =K4 -> 1.1304 | M50: FanBase_Str_DB_ANG_Lookup | N50: =CONCATENATE("Angle",N52,N53,N54) -> Angle430.375 | P50: FanBase_Str_Inertia_Plate_X_Hole3_XLoc | Q50: =IF(B8=1,Q31+Q34,IF(AND(B8=2,B9=1),Q29+Q34,Q34)) -> 13.515
A51: FAN_J | B51: =VLOOKUP(B25,Fan_Data_Table,MATCH(FAN_J,Fan_Data_Column_Names,0),FALSE) -> 26.25 | D51: MTRBS_AdjBolt_ArrayQty | E51: =IF(E50=0,1,2) -> 2 | G51: ISO_S1_BHL | H51: =VLOOKUP(H43,Isolator_Table,MATCH(ISO_BHL,Isolator_Data_Column_Names,0),FALSE) -> 1.125 | J51: DOW Internal Channel Data | M51: FanBase_Str_DB_ANG_L | N51: =B33 -> 42.75 | P51: FanBase_Str_Inertia_Plate_X_Hole3_ArrayQty | Q51: =ROUNDUP((Q126-Q34*2)/8,0)+1 -> 2
A52: FAN_P | B52: =VLOOKUP(B25,Fan_Data_Table,MATCH(FAN_P,Fan_Data_Column_Names,0),FALSE) -> 32.88 | D52: MTRBS_AdjBolt_ArrayDist | E52: =E38*2 -> 12 | G52: ISO_S1_HL | H52: =VLOOKUP(H43,Isolator_Table,MATCH(ISO_HL,Isolator_Data_Column_Names,0),FALSE) -> 6.44 | J52: FanBase_Str_DOW_INT_CHAN_Suppresion | K52: =IF(K8=0,0,IF(OR(B27=6,B27=8),1,0)) -> 0 | M52: FanBase_Str_DB_ANG_H | N52: 4 | P52: FanBase_Str_Inertia_Plate_X_Hole3_ArrayDist | Q52: =(Q126-Q34*2)/(Q51-1) -> 1.91
A53: FAN_Q | B53: =VLOOKUP(B25,Fan_Data_Table,MATCH(FAN_Q,Fan_Data_Column_Names,0),FALSE) -> 15.81 | D53: MTRBS_Bstyle_Suppresion | E53: =IF(MOTORFRAME<="215T",0,1) -> 1 | G53: ISO_S1_TDBL | H53: =VLOOKUP(H43,Isolator_Table,MATCH(ISO_TDBL,Isolator_Data_Column_Names,0),FALSE) -> 2 | J53: FanBase_Str_DOW_INT_CHAN_XLoc | K53: =IF(B8=1,B17+(K56-(B33+B11*2))/2,B17-(K56-(B33+B11*2))/2) -> 47.9518 | M53: FanBase_Str_DB_ANG_D | N53: 3 | P53: FanBase_Str_Inertia_Plate1_ZDim | Q53: =IF(Q17=0,12,Q7/Q17) -> 12
A54: FAN_SD | B54: =VLOOKUP(B25,Fan_Data_Table,MATCH(FAN_SD,Fan_Data_Column_Names,0),FALSE) -> 2.4375 | D54: MTRBS_Bstyle_Flange_W | E54: =(E35-E38*2)/2+2.25 -> 4 | G54: ISO_S1_TDBD | H54: =VLOOKUP(H43,Isolator_Table,MATCH(ISO_TDBD,Isolator_Data_Column_Names,0),FALSE) -> 0.5 | J54: FanBase_Str_DOW_INT_CHAN_ZLoc | K54: =IF(B27=6,B15+B49-B32-B11,B15-B49+B32+B11) -> 57.221 | M54: FanBase_Str_DB_ANG_WT | N54: =N21 -> 0.375 | P54: FanBase_Str_Inertia_Plate1_XDim | Q54: =Q6 -> 76.5306
A55: FAN_KSL | B55: =VLOOKUP(B25,Fan_Data_Table,MATCH(FAN_KSL,Fan_Data_Column_Names,0),FALSE) -> 5.5 | D55: MTRBS_Bstyle_Block_W | E55: =IF(MOTORFRAME<="286T",1.75,IF(MOTORFRAME<="365T",2,2.5)) -> 2 | G55: ISO_S1_ADJBD | H55: =VLOOKUP(H43,Isolator_Table,MATCH(ISO_ADJBD,Isolator_Data_Column_Names,0),FALSE) -> 0.625 | J55: FanBase_Str_DOW_INT_CHAN_Lookup | K55: =CONCATENATE("Channel",K57,K58) -> Channel68.2 | M55: FanBase_Str_DB_ANG_FTR | N55: =VLOOKUP(N50,Steel_List_Table,MATCH(STL_FTR,Steel_List_Column_Names,0),FALSE) -> 0.5 | P55: FanBase_Str_Inertia_Plate1_ZLoc | Q55: =IF(AND(B27=8,B9=2),K54+Q5+Q53/2,K11+K21-K17+Q5+Q53/2) -> 27.39 | R55: =N7<N62 -> TRUE
A56: FAN_KSW | B56: =VLOOKUP(B25,Fan_Data_Table,MATCH(FAN_KSW,Fan_Data_Column_Names,0),FALSE) -> 0.63 | D56: MTRBS_X_Location | E56: =IF(B9=1,E24,IF(B9=2,E25)) -> 93.35 | G56: ISO_S2_PartNumber | H56: {=IF('Load Calculations'!C4>Isolators!G22,Isolators!B22,MAX(IF(('Load Calculations'!C4>=Isolators!F4:F22)*('Load Calculations'!C4<=Isolators!G4:G22)*(B21=Isolators!E4:E22),1,0)*Isolators!B4:B22))} -> 14 | J56: FanBase_Str_DOW_INT_CHAN_L | K56: =B33/2+B11+B59-K49 -> 43.0256 | M56: FanBase_Str_DB_ANG_LB | N56: =N51*(VLOOKUP(N50,Steel_List_Table,MATCH(STL_LBFT,Steel_List_Column_Names,0),FALSE)/12) -> 30.28125 | P56: FanBase_Str_Inertia_Plate1_LB | Q56: =IF(Q9=0,0,IF(Q6=Q53,((Q53*Q54)/144)*$B$4*$Q$18,(((Q53+Q22)*Q54)/144)*$B$4*$Q$18)) -> 0
A57: FAN_KSD | B57: =VLOOKUP(B25,Fan_Data_Table,MATCH(FAN_KSD,Fan_Data_Column_Names,0),FALSE) -> 0.31 | D57: MTRBS_Y_Location | E57: =IF(B20="TYPEA",H44+H6+N65,H44+H6+K94+K102+K72) -> 10.49001 | G57: ISO_S2_OPHGT | H57: =VLOOKUP(H56,Isolator_Table,MATCH(ISO_OPHGT,Isolator_Data_Column_Names,0),FALSE) -> 7.25 | J57: FanBase_Str_DOW_INT_CHAN_H | K57: =K15 -> 6 | M57: FanBase_Str_DB_ANG_HoleLoc_Plane | N57: =N53/2 -> 1.5 | P57: FanBase_Str_Inertia_Plate2_ZDim | Q57: =IF(Q17=0,12,Q7/Q17) -> 12
A58: FAN_AH | B58: =IF(VLOOKUP(B25,Fan_Data_Table,MATCH(FAN_AH,Fan_Data_Column_Names,0),FALSE)="n/a",1,VLOOKUP(FANSIZE,Fan_Data_Table,MATCH(FAN_AH,Fan_Data_Column_Names,0),FALSE)) -> 1 | D58: MTRBS_Z_Location | E58: =IF(MOTORLOCATION="BESIDE",E27,IF(MOTORLOCATION="BEHIND",E28,FALSE)) -> -15.88 | G58: ISO_S2_BLT | H58: =VLOOKUP(H56,Isolator_Table,MATCH(ISO_BLT,Isolator_Data_Column_Names,0),FALSE) -> 1.5 | J58: FanBase_Str_DOW_INT_CHAN_LBFT | K58: =K16 -> 8.2 | M58: FanBase_Str_DB_ANG_ZLoc | N58: =IF(B27=6,B15+B49-B32-N57,B15-B49+B32+N57) -> 58.69 | P58: FanBase_Str_Inertia_Plate2_XDim | Q58: =Q54 -> 76.5306
A59: FAN_K | B59: =VLOOKUP(B25,Fan_Data_Table,MATCH(FAN_K,Fan_Data_Column_Names,0),FALSE) -> 22.75 | D59: MTRBS_AdjBoltHeadThickness | E59: 0.5 | G59: ISO_S2_BW | H59: =VLOOKUP(H56,Isolator_Table,MATCH(ISO_BW,Isolator_Data_Column_Names,0),FALSE) -> 6 | J59: FanBase_Str_DOW_INT_CHAN_D | K59: =VLOOKUP(K55,Steel_List_Table,MATCH(STL_D,Steel_List_Column_Names,0),FALSE) -> 1.92 | M59: DOA Angle Data | P59: FanBase_Str_Inertia_Plate2_ZLoc | Q59: =IF(B27=8,K11+K21-K17+Q53+Q5+Q57/2+Q77,K11+K21-K17+Q53+Q5+Q57/2) -> 39.39
A60: FAN_M | B60: =VLOOKUP(B25,Fan_Data_Table,MATCH(FAN_M,Fan_Data_Column_Names,0),FALSE) -> 15.88 | D60: MTRBS_BoltHeadDia | E60: =VLOOKUP(E41,Hardware_Table,MATCH(HDWR_BOD,Hardware_Column_Names,0),FALSE) -> 1.083 | G60: ISO_S2_BL | H60: =VLOOKUP(H56,Isolator_Table,MATCH(ISO_BL,Isolator_Data_Column_Names,0),FALSE) -> 7.625 | J60: FanBase_Str_DOW_INT_CHAN_WT | K60: =VLOOKUP(K55,Steel_List_Table,MATCH(STL_WT,Steel_List_Column_Names,0),FALSE) -> 0.2 | M60: FanBase_Str_DOA_ANG_Lookup | N60: =CONCATENATE("Angle",N63,N64,N65) -> Angle640.375 | P60: FanBase_Str_Inertia_Plate2_LB | Q60: =IF(Q10=0,0,(((Q57+$Q$22*2)*Q58)/144)*$B$4*$Q$18) -> 0
A61: FAN_N | B61: =VLOOKUP(B25,Fan_Data_Table,MATCH(FAN_N,Fan_Data_Column_Names,0),FALSE) -> 1.13 | D61: MTRBS_FlatWasherDia | E61: =VLOOKUP(E41,Hardware_Table,MATCH(HDWR_FWOD,Hardware_Column_Names,0),FALSE) -> 1.312 | G61: ISO_S2_BT | H61: =VLOOKUP(H56,Isolator_Table,MATCH(ISO_BT,Isolator_Data_Column_Names,0),FALSE) -> 0.375 | J61: FanBase_Str_DOW_INT_CHAN_FTR | K61: =VLOOKUP(K55,Steel_List_Table,MATCH(STL_FTR,Steel_List_Column_Names,0),FALSE) -> 0.343 | M61: FanBase_Str_DOA_ANG_L_Calculation (actual) | N61: =N7 -> 49.19 | P61: FanBase_Str_Inertia_Plate3_ZDim | Q61: =IF(Q17=0,12,Q7/Q17) -> 12
A62: FAN_ND | B62: =VLOOKUP(B25,Fan_Data_Table,MATCH(FAN_ND,Fan_Data_Column_Names,0),FALSE) -> 4.62 | D62: MTRBS_LockWasherDia | E62: =VLOOKUP(E41,Hardware_Table,MATCH(HDWR_LWOD,Hardware_Column_Names,0),FALSE) -> 1.079 | G62: ISO_S2_BHD | H62: =VLOOKUP(H56,Isolator_Table,MATCH(ISO_BHD,Isolator_Data_Column_Names,0),FALSE) -> 0.875 | J62: FanBase_Str_DOW_INT_CHAN_LB | K62: =K56*(VLOOKUP(K55,Steel_List_Table,MATCH(STL_LBFT,Steel_List_Column_Names,0),FALSE)/12) -> 29.400827 | M62: FanBase_Str_DOA_ANG_L | N62: =N61+N68+N69 -> 53.315 | P62: FanBase_Str_Inertia_Plate3_XDim | Q62: =Q54 -> 76.5306
A63: FAN_WOD | B63: =VLOOKUP(B25,Fan_Data_Table,MATCH(FAN_WOD,Fan_Data_Column_Names,0),FALSE) -> 36 | D63: MTRBS_NutDia | E63: =VLOOKUP(E41,Hardware_Table,MATCH(HDWR_NOD,Hardware_Column_Names,0),FALSE) -> 1.23 | G63: ISO_S2_BHW | H63: =VLOOKUP(H56,Isolator_Table,MATCH(ISO_BHW,Isolator_Data_Column_Names,0),FALSE) -> 1.125 | J63: Motor Sup Rail Channel Data | M63: FanBase_Str_DOA_ANG_H | N63: 6 | P63: FanBase_Str_Inertia_Plate3_ZLoc | Q63: =IF(B27=8,K11+K21-K17+Q53+Q57+Q5+Q61/2+Q77,K11+K21-K17+Q53+Q57+Q5+Q61/2) -> 51.39
A64: FAN_WID | B64: =VLOOKUP(B25,Fan_Data_Table,MATCH(FAN_WID,Fan_Data_Column_Names,0),FALSE) -> 23.4 | D64: MTRBS_TOL1 | E64: =IF(FANSIZE=122,0.45,0.5) -> 0.5 | G64: ISO_S2_BHL | H64: =VLOOKUP(H56,Isolator_Table,MATCH(ISO_BHL,Isolator_Data_Column_Names,0),FALSE) -> 1.125 | J64: FanBase_Str_MtrSup_CHAN_XLoc | K64: =IF(AND(B9=2,B8=1,K77<>0,B20<>"TYPEC"),B17+K77/2,IF(AND(B9=2,B8=2,K77<>0,B20<>"TYPEC"),B17-K77/2,IF(AND(B9=2,K77=0,B20<>"TYPEC"),B17,IF(AND(B8=1,K77<>0),E56+K77-K76*2,IF(AND(B8=2,K77<>0),E56-K77+K76*2,E56))))) -> 93.35 | M64: FanBase_Str_DOA_ANG_D | N64: 4 | P64: FanBase_Str_Inertia_Plate3_LB | Q64: =IF(Q11=0,0,(((Q61+$Q$22*2)*Q62)/144)*$B$4*$Q$18) -> 0
A65: FAN_WW | B65: =VLOOKUP(B25,Fan_Data_Table,MATCH(FAN_WW,Fan_Data_Column_Names,0),FALSE) -> 27.7875 | G65: ISO_S2_HL | H65: =VLOOKUP(H56,Isolator_Table,MATCH(ISO_HL,Isolator_Data_Column_Names,0),FALSE) -> 6.44 | J65: FanBase_Str_MtrSup_CHAN_ZLoc | K65: =E58 -> -15.88 | M65: FanBase_Str_DOA_ANG_WT | N65: 0.375 | P65: FanBase_Str_Inertia_Plate4_ZDim | Q65: =IF(Q17=0,12,Q7/Q17) -> 12
A66: FAN_INLET_FLG_W | B66: =VLOOKUP(B25,Fan_Data_Table,MATCH(FAN_INLET_FLG_W,Fan_Data_Column_Names,0),FALSE) -> 1.5 | D66: Parameter | E66: Value | G66: ISO_S2_TDBL | H66: =VLOOKUP(H56,Isolator_Table,MATCH(ISO_TDBL,Isolator_Data_Column_Names,0),FALSE) -> 2 | J66: FanBase_Str_MtrSup_CHAN_Lookup | K66: =CONCATENATE("Channel",K70,K71) -> Channel45.4 | M66: FanBase_Str_DOA_ANG_FTR | N66: =VLOOKUP(N60,Steel_List_Table,MATCH(STL_FTR,Steel_List_Column_Names,0),FALSE) -> 0.5 | P66: FanBase_Str_Inertia_Plate4_XDim | Q66: =Q54 -> 76.5306
A67: FAN_BRG_SUP_W | B67: =VLOOKUP(B25,Fan_Data_Table,MATCH(FAN_BRG_SUP_W,Fan_Data_Column_Names,0),FALSE) -> 3.5 | D67: Top Discharge Flange Data | G67: ISO_S2_TDBD | H67: =VLOOKUP(H56,Isolator_Table,MATCH(ISO_TDBD,Isolator_Data_Column_Names,0),FALSE) -> 0.5 | J67: FanBase_Str_MtrSup_CHAN_Spacing | K67: =E39*2 -> 16 | M67: FanBase_Str_DOA_ANG_LB | N67: =N62*(VLOOKUP(N60,Steel_List_Table,MATCH(STL_LBFT,Steel_List_Column_Names,0),FALSE)/12) -> 54.647875 | P67: FanBase_Str_Inertia_Plate4_ZLoc | Q67: =IF(B27=8,K11+K21-K17+Q53+Q57+Q61+Q5+Q65/2+Q77,K11+K21-K17+Q53+Q57+Q61+Q5+Q65/2) -> 63.39
A68: FAN_BRG_SUP_T | B68: =VLOOKUP(B25,Fan_Data_Table,MATCH(FAN_BRG_SUP_T,Fan_Data_Column_Names,0),FALSE) -> 0.375 | D68: TopDischTrans_Fan_Gap | E68: 4 | G68: ISO_S2_ADJBD | H68: =VLOOKUP(H56,Isolator_Table,MATCH(ISO_ADJBD,Isolator_Data_Column_Names,0),FALSE) -> 0.625 | J68: FanBase_Str_MtrSup_CHAN_L_Calculation (actual) | K68: =IF(AND(B9=2,B20="TYPEC"),K76*2+E33,IF(AND(B9=2,OR(B27=6,B27=8)),K14+K17*2+K76*2,IF(B9=2,K14+K76*2,E33+K76*2))) -> 21.25 | M68: FanBase_Str_DOA_ANG_ISO_L_Add | N68: =IF(N61-N11*2-N12*2+N69>=B19,0,IF(N61-N11*2-N12*2<B19,B19-(N61-N11*2-N12*2),0)) -> 0 | P68: FanBase_Str_Inertia_Plate4_LB | Q68: =IF(Q12=0,0,(((Q65+$Q$22*2)*Q66)/144)*$B$4*$Q$18) -> 0
A69: FAN_BRG_DIA | B69: =VLOOKUP(B25,Fan_Data_Table,MATCH(FAN_BRG_DIA,Fan_Data_Column_Names,0),FALSE) -> 3.65625 | D69: TopDischTrans_Roof_Overlap | E69: 1.5 | G69: ISO_S3_PartNumber | H69: {=IF('Load Calculations'!D4>Isolators!G22,Isolators!B22,MAX(IF(('Load Calculations'!D4>=Isolators!F4:F22)*('Load Calculations'!D4<=Isolators!G4:G22)*(B21=Isolators!E4:E22),1,0)*Isolators!B4:B22))} -> 12 | J69: FanBase_Str_MtrSup_CHAN_L | K69: =K68+K77 -> 21.25 | M69: FanBase_Str_DOA_ANG_MTRBS_L_Add | N69: =N11+N12*0.75-(N42-N46)+(E32/2-E39) -> 4.125 | P69: FanBase_Str_Inertia_Plate5_ZDim | Q69: =IF(Q17=0,12,Q7/Q17) -> 12
A70: FAN_BRG_W | B70: =VLOOKUP(B25,Fan_Data_Table,MATCH(FAN_BRG_W,Fan_Data_Column_Names,0),FALSE) -> 3 | D70: TopDischTrans_Roof_Clearance | E70: 0.125 | G70: ISO_S3_OPHGT | H70: =VLOOKUP(H69,Isolator_Table,MATCH(ISO_OPHGT,Isolator_Data_Column_Names,0),FALSE) -> 7.25 | J70: FanBase_Str_MtrSup_CHAN_H | K70: =IF(Motor_ChannelO<>0,LEFT(Motor_ChannelO,FIND(" ",Motor_ChannelO)-1),4) -> 4 | M70: FanBase_Str_DOA_ANG_ZLoc | N70: =IF(OR(B27=1,B27=2,B27=7,B27=8),N26-N24+N62/2,N26-N24+N62/2-N69) -> 45.8425 | P70: FanBase_Str_Inertia_Plate5_XDim | Q70: =Q54 -> 76.5306
A71: FAN_BRG_H | B71: =VLOOKUP(B25,Fan_Data_Table,MATCH(FAN_BRG_H,Fan_Data_Column_Names,0),FALSE) -> 3.78125 | D71: TopDischTrans_Flex_Clearance | E71: 0.75 | G71: ISO_S3_BLT | H71: =VLOOKUP(H69,Isolator_Table,MATCH(ISO_BLT,Isolator_Data_Column_Names,0),FALSE) -> 1.5 | J71: FanBase_Str_MtrSup_CHAN_LBFT | K71: =IF(Motor_ChannelO<>0,MID(Motor_ChannelO,FIND(" ",Motor_ChannelO)+1,255),5.4) -> 5.4 | M71: DOA Internal Angle Data | P71: FanBase_Str_Inertia_Plate5_ZLoc | Q71: =IF(B27=8,K12-K21+K17-Q5-Q69/2,IF(Q12=1,K11+K21-K17+Q53+Q57+Q61+Q65+Q5+Q69/2,IF(Q11=1,K11+K21-K17+Q53+Q57+Q61+Q5+Q69/2,IF(Q10=1,K11+K21-K17+Q53+Q57+Q5+Q69/2,K11+K21-K17+Q53+Q5+Q69/2)))) -> 39.39
A72: FAN_FRAME_CUT_FIA | B72: =IF(OR(B27=1,B27=7,B27=8),0.063,IF(B27=3,B40-B63/2-B34,IF(OR(B27=2,B27=5,B27=6),B40-B71+B69/2,IF(B27=4,1,)))) -> 9.75 | D72: TopDischTrans_Corner_Clearance | E72: 0.031 | G72: ISO_S3_BW | H72: =VLOOKUP(H69,Isolator_Table,MATCH(ISO_BW,Isolator_Data_Column_Names,0),FALSE) -> 6 | J72: FanBase_Str_MtrSup_CHAN_D | K72: =VLOOKUP(K66,Steel_List_Table,MATCH(STL_D,Steel_List_Column_Names,0),FALSE) -> 1.584 | M72: FanBase_Str_DOA_INT_ANG_Suppresion | N72: =IF(N9=0,0,IF(B9=2,0,1)) -> 0 | P72: FanBase_Str_Inertia_Plate5_LB | Q72: =IF(Q13=0,0,(((Q69+$Q$22)*Q70)/144)*$B$4*$Q$18) -> 0
A73: FAN_FRAME_CUT_LIA | B73: =IF(B27=1,B40-B63/2-B34,IF(OR(B27=3,B27=5,B27=6),0.063,IF(B27=2,1,IF(OR(B27=4,B27=7,B27=8),B40-B71+B69/2,)))) -> 0.063 | D73: TopDischTrans_Y_Loc | E73: =B16+B39+B50+E68+E75/2 -> 75.15601 | G73: ISO_S3_BL | H73: =VLOOKUP(H69,Isolator_Table,MATCH(ISO_BL,Isolator_Data_Column_Names,0),FALSE) -> 7.625 | J73: FanBase_Str_MtrSup_CHAN_WT | K73: =VLOOKUP(K66,Steel_List_Table,MATCH(STL_WT,Steel_List_Column_Names,0),FALSE) -> 0.184 | M73: FanBase_Str_DOA_INT_ANG_RH_Location | N73: =IF(B8=1,B17+B33/2+N82,E56+E40) -> 70.72 | P73: FanBase_Str_Inertia_PlateBeside_Btm_ZDim | Q73: =Q69 -> 12
A74: FAN_FRAME_TOP_Suppresion | B74: =IF(OR(B27=1,B27=3),1,0) -> 1 | D74: TopDischTrans_Z_Loc | E74: =IF(B27=5,B15+B49-B32/2,B15-B49+B32/2) -> 41.285 | G74: ISO_S3_BT | H74: =VLOOKUP(H69,Isolator_Table,MATCH(ISO_BT,Isolator_Data_Column_Names,0),FALSE) -> 0.375 | J74: FanBase_Str_MtrSup_CHAN_FTR | K74: =VLOOKUP(K66,Steel_List_Table,MATCH(STL_FTR,Steel_List_Column_Names,0),FALSE) -> 0.296 | M74: FanBase_Str_DOA_INT_ANG_LH_Location | N74: =IF(B8=1,E56-E40,B17-B33/2-N82) -> 84.1 | P74: FanBase_Str_Inertia_PlateBeside_Btm_XDim | Q74: =Q54 -> 76.5306
A75: FAN_BoltHeadDia | B75: =VLOOKUP(B38,Hardware_Table,MATCH(HDWR_BOD,Hardware_Column_Names,0),FALSE) -> 0.649 | D75: TopDischTrans_H | E75: =IF(OR(B27=5,B27=7),B5-B16-B39-B50-E68+E69,12) -> 12 | G75: ISO_S3_BHD | H75: =VLOOKUP(H69,Isolator_Table,MATCH(ISO_BHD,Isolator_Data_Column_Names,0),FALSE) -> 0.875 | J75: FanBase_Str_MtrSup_CHAN_LB | K75: =K69*(VLOOKUP(K66,Steel_List_Table,MATCH(STL_LBFT,Steel_List_Column_Names,0),FALSE)/12) -> 9.5625 | M75: FanBase_Str_DOA_INT_ANG_Lookup | N75: =CONCATENATE("Angle",N77,N78,N79) -> Angle430.375 | P75: FanBase_Str_Inertia_PlateBeside_Btm_ZLoc | Q75: =IF(B27=6,Q71,Q84+Q82/2+Q73/2) -> 39.39
A76: FAN_FlatWasherDia | B76: =VLOOKUP(B38,Hardware_Table,MATCH(HDWR_FWOD,Hardware_Column_Names,0),FALSE) -> 0.812 | D76: TopDischTrans_X | E76: =B33-E70*2-E98*2 -> 42.38798 | G76: ISO_S3_BHW | H76: =VLOOKUP(H69,Isolator_Table,MATCH(ISO_BHW,Isolator_Data_Column_Names,0),FALSE) -> 1.125 | J76: FanBase_Str_MtrSup_CHAN_Std_Overhang | K76: 0.25 | M76: FanBase_Str_DOA_INT_ANG_L | N76: =N7-N20-N42 -> 43.19 | P76: FanBase_Str_Inertia_PlateBeside_Btm_LB | Q76: =IF(Q14=0,0,(((Q73+$Q$22)*Q74)/144)*$B$4*$Q$18) -> 0
A77: FAN_LockWasherDia | B77: =VLOOKUP(B38,Hardware_Table,MATCH(HDWR_LWOD,Hardware_Column_Names,0),FALSE) -> 0.683 | D77: TopDischTrans_Z | E77: =B32-E70*2 -> 31.56 | G77: ISO_S3_BHL | H77: =VLOOKUP(H69,Isolator_Table,MATCH(ISO_BHL,Isolator_Data_Column_Names,0),FALSE) -> 1.125 | J77: FanBase_Str_MtrSup_CHAN_L_Add | K77: =IF(B20="TYPEC",0,IF(AND(B8=1,B9<>1,OR(B27=6,B27=8)),((B17-E56)*-1)+E33/2-K68/2+K76,IF(AND(B8=2,B9<>1,OR(B27=6,B27=8)),B17-E56+E33/2-K68/2+K76,IF(AND(B8=1,B9<>1),((B17-E56)*-1)+E33/2-K68/2+K76,IF(AND(B8=2,B9<>1),B17-E56+E33/2-K68/2+K76,0))))) -> 0 | M77: FanBase_Str_DOA_INT_ANG_H | N77: 4 | P77: FanBase_Str_Inertia_PlateBeside_BtmFiller_ZDim | Q77: =IF(AND(B9=1,OR(B27=6,B27=8)),K25-Q5*2-Q7,12) -> 12
A78: FAN_NutDia | B78: =VLOOKUP(B38,Hardware_Table,MATCH(HDWR_NOD,Hardware_Column_Names,0),FALSE) -> 0.795 | D78: TopDischTrans_FIA_LIA_L | E78: =E76+E98*2 -> 42.5 | G78: ISO_S3_HL | H78: =VLOOKUP(H69,Isolator_Table,MATCH(ISO_HL,Isolator_Data_Column_Names,0),FALSE) -> 6.44 | J78: FanBase_Str_MtrSup_CHAN_Overhang_TypeB | K78: =IF(AND(B20="TYPEB",B8=2,B9=1),((B17+K10-K14/2)-(E24-K69/2)),IF(AND(B20="TYPEB",B8=1,B9=1),((E24+K69/2)-(B17+K10+K14/2)),0)) -> 2.4798 | M78: FanBase_Str_DOA_INT_ANG_D | N78: 3 | P78: FanBase_Str_Inertia_PlateBeside_BtmFiller_XDim | Q78: =IF(B8=1,Q112+Q127+K46*2+K28-Q5*2,Q97+Q112+K46*2+K28-Q5*2) -> 13.32
D79: TopDischTrans_RH_LH_L | E79: =E77-E98*2-E72*2 -> 31.38598 | G79: ISO_S3_TDBL | H79: =VLOOKUP(H69,Isolator_Table,MATCH(ISO_TDBL,Isolator_Data_Column_Names,0),FALSE) -> 2 | J79: FanBase_Str_MtrSup_CHAN_Overhang_TypeC | K79: =IF(AND(B20="TYPEC",B8=2,B9=1),((B17+K10-K14/2)-(E24-K69/2)),IF(AND(B20="TYPEC",B8=1,B9=1),((E24+K69/2)-(B17+K10+K14/2)),0)) -> 0 | M79: FanBase_Str_DOA_INT_ANG_WT | N79: 0.375 | P79: FanBase_Str_Inertia_PlateBeside_BtmFiller_ZLoc | Q79: =IF(Q12=1,K11+K21-K17+Q57+Q61+Q65+Q69+Q73+Q5+Q77/2,IF(Q11=1,K11+K21-K17+Q57+Q61+Q65+Q73+Q5+Q77/2,IF(Q10=1,K11+K21-K17+Q57+Q61+Q73+Q5+Q77/2,IF(Q17=2,K11+K21-K17+Q53+Q73+Q77/2+Q5,K11+K21-K17+Q53+Q5+Q77/2)))) -> 39.39
A80: Parameter | B80: Value | D80: TopDischTrans_Hole1_YLoc_Top | E80: =E69/2 -> 0.75 | G80: ISO_S3_TDBD | H80: =VLOOKUP(H69,Isolator_Table,MATCH(ISO_TDBD,Isolator_Data_Column_Names,0),FALSE) -> 0.5 | J80: Isolator Support Angle Data | M80: FanBase_Str_DOA_INT_ANG_FTR | N80: =VLOOKUP(N75,Steel_List_Table,MATCH(STL_FTR,Steel_List_Column_Names,0),FALSE) -> 0.5 | P80: FanBase_Str_Inertia_PlateBeside_BtmFiller_XLoc | Q80: =IF(B8=1,Q21+Q54/2-Q78/2,Q21-Q54/2+Q78/2) -> 46.4902
A81: Weldment Model Data | D81: TopDischTrans_Hole1_YLoc_Btm | E81: =E71+E84/2 -> 1.375 | G81: ISO_S3_ADJBD | H81: =VLOOKUP(H69,Isolator_Table,MATCH(ISO_ADJBD,Isolator_Data_Column_Names,0),FALSE) -> 0.625 | J81: FanBase_Str_IsoSup_ANG_Suppresion | K81: =IF(B20<>"TYPEA",1,0) -> 1 | M81: FanBase_Str_DOA_INT_ANG_LB | N81: =N76*(VLOOKUP(N75,Steel_List_Table,MATCH(STL_LBFT,Steel_List_Column_Names,0),FALSE)/12) -> 30.592917 | P81: FanBase_Str_Inertia_PlateBeside_BtmFiller_LB | Q81: =IF(Q15=0,0,(((Q77+$Q$22)*Q78)/144)*$B$4*$Q$18) -> 0
A82: WLDMNT_FIA_LIA_Direction | B82: =IF(B26="FIA",1,2) -> 2 | D82: TopDischTrans_Hole1_ArrayQty | E82: =ROUNDUP((E75-E80-E81)/8,0)+1 -> 3 | G82: ISO_S4_PartNumber | H82: {=IF('Load Calculations'!E4>Isolators!G22,Isolators!B22,MAX(IF(('Load Calculations'!E4>=Isolators!F4:F22)*('Load Calculations'!E4<=Isolators!G4:G22)*(B21=Isolators!E4:E22),1,0)*Isolators!B4:B22))} -> 12 | J82: FanBase_Str_IsoSup_ANG_SizeLookup_Designation | K82: =IF(B21=1,1,2) -> 2 | M82: FanBase_Str_DOA_INT_ANG_HoleLoc_Plane | N82: =N78/2 -> 1.5 | P82: FanBase_Str_Inertia_PlateBeside_BtmInvFiller_ZDim | Q82: =Q77 -> 12
A83: WLDMNT_Base_THK | B83: 0.25 | D83: TopDischTrans_Hole1_ArrayDist | E83: =(E75-E80-E81)/(E82-1) -> 4.9375 | G83: ISO_S4_OPHGT | H83: =VLOOKUP(H82,Isolator_Table,MATCH(ISO_OPHGT,Isolator_Data_Column_Names,0),FALSE) -> 7.25 | J83: FanBase_Str_IsoSup_ANG_Designation_S1_Loc | K83: =IF(AND('Load Calculations'!B4<'Iso Sup Angle'!D5,H44=7.25),'Iso Sup Angle'!B5,IF(AND('Load Calculations'!B4>='Iso Sup Angle'!D5,H44=7.25),'Iso Sup Angle'!B6,IF(AND('Load Calculations'!B4<'Iso Sup Angle'!D7,H44=8.125),'Iso Sup Angle'!B7,IF(AND('Load Calculations'!B4>='Iso Sup Angle'!D7,H44=8.125),'Iso Sup Angle'!B8,IF(H44=4.625,'Iso Sup Angle'!B4,FALSE))))) -> 2 | P83: FanBase_Str_Inertia_PlateBeside_BtmInvFiller_XDim | Q83: =Q78 -> 13.32
A84: WLDMNT_Base_L | B84: =IF(AND(B9=1,B86=4),45,IF(B86=4,50,IF(AND(B9=1,B86<>4),38.5,50.5))) -> 38.5 | D84: TopDischTrans_Stiffener_Flng_L | E84: 1.25 | G84: ISO_S4_BLT | H84: =VLOOKUP(H82,Isolator_Table,MATCH(ISO_BLT,Isolator_Data_Column_Names,0),FALSE) -> 1.5 | J84: FanBase_Str_IsoSup_ANG_S1_Gusset_Suppresion | K84: =IF(OR(K83=1,K83=2,K83=4),0,1) -> 0 | P84: FanBase_Str_Inertia_PlateBeside_BtmInvFiller_ZLoc | Q84: =K11+K21-K17+Q5+Q82/2 -> 27.39
A85: WLDMNT_Base_W | B85: =IF(AND(B86=4,B9=2),50,IF(AND(B86=4,B9=1),60,IF(B9=2,40,50))) -> 50 | D85: TopDischTrans_Stiffener_YLoc | E85: =E71+E84/2 -> 1.375 | G85: ISO_S4_BW | H85: =VLOOKUP(H82,Isolator_Table,MATCH(ISO_BW,Isolator_Data_Column_Names,0),FALSE) -> 6 | J85: FanBase_Str_IsoSup_ANG_Designation_S2_Loc | K85: =IF(AND('Load Calculations'!E4<'Iso Sup Angle'!C5,H57=7.25),'Iso Sup Angle'!B5,IF(AND('Load Calculations'!E4>='Iso Sup Angle'!C5,H57=7.25),'Iso Sup Angle'!B6,IF(AND('Load Calculations'!C4<'Iso Sup Angle'!D7,H57=8.125),'Iso Sup Angle'!B7,IF(AND('Load Calculations'!C4>='Iso Sup Angle'!D7,H57=8.125),'Iso Sup Angle'!B8,IF(H57=4.625,'Iso Sup Angle'!B4,FALSE))))) -> 2 | P85: FanBase_Str_Inertia_PlateBeside_BtmInvFiller_XLoc | Q85: =Q80 -> 46.4902
A86: WLDMNT_Base_H | B86: =IF(B20="TYPEA",4,IF(B20="TYPEB",6,IF(B20="TYPEC",8))) -> 6 | D86: TopDischTrans_Stiffener_ArrayQty | E86: =IF(E75>36,2,1) -> 1 | G86: ISO_S4_BL | H86: =VLOOKUP(H82,Isolator_Table,MATCH(ISO_BL,Isolator_Data_Column_Names,0),FALSE) -> 7.625 | J86: FanBase_Str_IsoSup_ANG_S2_Gusset_Suppresion | K86: =IF(OR(K85=1,K85=2,K85=4),0,1) -> 0 | P86: FanBase_Str_Inertia_PlateBeside_BtmInvFiller_LB | Q86: =IF(Q16=0,0,(((Q82+$Q$22)*Q83)/144)*$B$4*$Q$18) -> 0
A87: WLDMNT_Base4_FIA_FlngD | B87: =N20 -> 3 | D87: TopDischTrans_Stiffener_ArrayDist | E87: =(E75-E69-E71-E84)/2+E84+E71 -> 6.25 | G87: ISO_S4_BT | H87: =VLOOKUP(H82,Isolator_Table,MATCH(ISO_BT,Isolator_Data_Column_Names,0),FALSE) -> 0.375 | J87: FanBase_Str_IsoSup_ANG_Designation_S3_Loc | K87: =IF(AND('Load Calculations'!D4<'Iso Sup Angle'!D5,H70=7.25),'Iso Sup Angle'!B5,IF(AND('Load Calculations'!D4>='Iso Sup Angle'!D5,H70=7.25),'Iso Sup Angle'!B6,IF(AND('Load Calculations'!D4<'Iso Sup Angle'!D7,H70=8.125),'Iso Sup Angle'!B7,IF(AND('Load Calculations'!D4>='Iso Sup Angle'!D7,H70=8.125),'Iso Sup Angle'!B8,IF(H70=4.625,'Iso Sup Angle'!B4,FALSE))))) -> 2 | P87: FanBase_Str_Inertia_Rebar_Lookup | Q87: =CONCATENATE("Rebar",Q88) -> Rebar0.5
A88: WLDMNT_Base4_LIA_FlngD | B88: =N42 -> 3 | D88: TopDischTrans_Stiffener_FIA_LIA_L | E88: =E78 -> 42.5 | G88: ISO_S4_BHD | H88: =VLOOKUP(H82,Isolator_Table,MATCH(ISO_BHD,Isolator_Data_Column_Names,0),FALSE) -> 0.875 | J88: FanBase_Str_IsoSup_ANG_S3_Gusset_Suppresion | K88: =IF(OR(K87=1,K87=2,K87=4),0,1) -> 0 | P88: FanBase_Str_Inertia_Rebar_D | Q88: 0.5
A89: WLDMNT_Base4_FIA_Loc | B89: =IF(AND(B86=4,N7<N62,OR(B27=3,B27=4,B27=5,B27=6)),B84/2-1,B84/2) -> 19.25 | D89: TopDischTrans_Stiffener_FIA_LIA_Hole1_XLoc | E89: 1.5 | G89: ISO_S4_BHW | H89: =VLOOKUP(H82,Isolator_Table,MATCH(ISO_BHW,Isolator_Data_Column_Names,0),FALSE) -> 1.125 | J89: FanBase_Str_IsoSup_ANG_Designation_S4_Loc | K89: =IF(AND('Load Calculations'!E4<'Iso Sup Angle'!D5,H83=7.25),'Iso Sup Angle'!B5,IF(AND('Load Calculations'!E4>='Iso Sup Angle'!D5,H83=7.25),'Iso Sup Angle'!B6,IF(AND('Load Calculations'!E4<'Iso Sup Angle'!D7,H83=8.125),'Iso Sup Angle'!B7,IF(AND('Load Calculations'!E4>='Iso Sup Angle'!D7,H83=8.125),'Iso Sup Angle'!B8,IF(H83=4.625,'Iso Sup Angle'!B4,FALSE))))) -> 2 | P89: FanBase_Str_Inertia_Rebar_Zone1_Suppresion | Q89: =IF(INERTIA<>"YES",0,1) -> 0
A90: WLDMNT_Base4_LIA_Loc | B90: =IF(AND(B86=4,N7<N62,OR(B27=1,B27=2,B27=7,B27=8)),B84/2-1,B84/2) -> 19.25 | D90: TopDischTrans_Stiffener_FIA_LIA_Hole1_ArrayQty | E90: =ROUNDUP((E88-E89*2)/8,0)+1 -> 6 | G90: ISO_S4_BHL | H90: =VLOOKUP(H82,Isolator_Table,MATCH(ISO_BHL,Isolator_Data_Column_Names,0),FALSE) -> 1.125 | J90: FanBase_Str_IsoSup_ANG_S4_Gusset_Suppresion | K90: =IF(OR(K89=1,K89=2,K89=4),0,1) -> 0 | P90: FanBase_Str_Inertia_Rebar_Zone2_Suppresion | Q90: =IF(INERTIA<>"YES",0,IF(B9=1,1,IF(AND(B9=2,B20="TYPEC"),1,0))) -> 0
A91: WLDMNT_Base6_DOA_Suppresion | B91: =IF(B86=4,2,IF(OR(B27=6,B27=8),0,1)) -> 1 | D91: TopDischTrans_Stiffener_FIA_LIA_Hole1_ArrayDist | E91: =(E88-E89*2)/(E90-1) -> 7.9 | G91: ISO_S4_HL | H91: =VLOOKUP(H82,Isolator_Table,MATCH(ISO_HL,Isolator_Data_Column_Names,0),FALSE) -> 6.44 | J91: FanBase_Str_IsoSup_ANG_H | K91: =VLOOKUP(K82,Isolator_SupAng_Table,MATCH(SUPANG_H,Isolator_SupAng_Column_Names,0),FALSE) -> 4 | P91: FanBase_Str_Inertia_Rebar_Zone3_Suppresion | Q91: =IF(OR(INERTIA<>"YES",B9<>1),0,1) -> 0
A92: WLDMNT_IntRail_DOA_ZLoc | B92: =IF(B86=4,B90-B88-0.001,IF(AND(B27=6,B9=2),B111-B83-0.001,B84/2)) -> 19.25 | D92: TopDischTrans_Stiffener_RH_LH_L | E92: =E79+E98*2+E72*2 -> 31.56 | G92: ISO_S4_TDBL | H92: =VLOOKUP(H82,Isolator_Table,MATCH(ISO_TDBL,Isolator_Data_Column_Names,0),FALSE) -> 2 | J92: FanBase_Str_IsoSup_ANG_D | K92: =VLOOKUP(K82,Isolator_SupAng_Table,MATCH(SUPANG_D,Isolator_SupAng_Column_Names,0),FALSE) -> 6 | P92: FanBase_Str_Inertia_Rebar_Tollerance | Q92: 0.125
A93: WLDMNT_IntRail_DOA_XLoc | B93: =IF(B86=4,B85/7,IF(B21=1,B85/11,B85/9)) -> 5.5555556 | D93: TopDischTrans_Stiffener_RH_LH_Hole1_ZLoc | E93: 2 | G93: ISO_S4_TDBD | H93: =VLOOKUP(H82,Isolator_Table,MATCH(ISO_TDBD,Isolator_Data_Column_Names,0),FALSE) -> 0.5 | J93: FanBase_Str_IsoSup_ANG_L | K93: =VLOOKUP(K82,Isolator_SupAng_Table,MATCH(SUPANG_L,Isolator_SupAng_Column_Names,0),FALSE) -> 8 | P93: FanBase_Str_Inertia_Rebar_Spacing | Q93: 9
A94: WLDMNT_IntRail_DOA_L | B94: =IF(AND(B9=1,OR(B86=6,B86=8)),B84,IF(AND(B9=2,OR(B27=1,B27=2,B27=3,B27=4,B27=5,B27=7)),B84,IF(OR(B86=6,B86=8),B84/2+1-B83,IF(OR(B27=1,B27=2,B27=7,B27=8),B84/2-B87+B90-B88,B84/2-B87+B89-B88))))-0.001*2 -> 38.498 | D94: TopDischTrans_Stiffener_RH_LH_Hole1_ArrayQty | E94: =ROUNDUP((E92-E93*2)/8,0)+1 -> 5 | G94: ISO_S4_ADJBD | H94: =VLOOKUP(H82,Isolator_Table,MATCH(ISO_ADJBD,Isolator_Data_Column_Names,0),FALSE) -> 0.625 | J94: FanBase_Str_IsoSup_ANG_WT | K94: =VLOOKUP(K82,Isolator_SupAng_Table,MATCH(SUPANG_WT,Isolator_SupAng_Column_Names,0),FALSE) -> 0.5 | P94: FanBase_Str_Inertia_Rebar_OffsetFromBtmOfBase | Q94: 2
A95: WLDMNT_IntRail_DOA_Base4_BS_Suppresion | B95: =IF(OR(B86<>4,B9=2),0,1) -> 0 | D95: TopDischTrans_Stiffener_RH_LH_Hole1_ArrayDist | E95: =(E92-E93*2)/(E94-1) -> 6.89 | G95: ISO_TopNut_Plane_Loc | H95: =IF(B20="TYPEA",N65,K94) -> 0.5 | J95: FanBase_Str_IsoSup_ANG_FTR | K95: =VLOOKUP(K82,Isolator_SupAng_Table,MATCH(SUPANG_FTR,Isolator_SupAng_Column_Names,0),FALSE) -> 0.5 | P95: FanBase_Str_Inertia_Rebar_YLoc | Q95: =B16-K15+Q94 -> 4.90601
A96: WLDMNT_IntRail_DOA_Base4_BH_Suppresion | B96: =IF(OR(B86<>4,B9=1),0,1) -> 0 | D96: TopDischTrans_Eng_Hole_Dia | E96: ='Hole Sizes'!E17 -> 0.152 | G96: ISO_Tiedown_Bolt_Head_Dia | H96: =VLOOKUP(N14,Hardware_Table,MATCH(HDWR_BOD,Hardware_Column_Names,0),FALSE) -> 0.866 | J96: FanBase_Str_IsoSup_ANG_HS | K96: =VLOOKUP(K82,Isolator_SupAng_Table,MATCH(SUPANG_HS,Isolator_SupAng_Column_Names,0),FALSE) -> 2 | P96: FanBase_Str_Inertia_Rebar_Zone1_XDim_Hole_Calc | Q96: =IF(OR(B27=6,B27=8),Q97+K28-Q5+K45/2,Q97+K29-Q5+K45/2) -> 6.66
A97: WLDMNT_IntRail_DOA_Base4_LH_Suppresion | B97: =IF(OR(B86<>4,B8=2),0,1) -> 0 | D97: TopDischTrans_Clr_Hole_Dia | E97: ='Hole Sizes'!B7 -> 0.218 | G97: ISO_S1_XLoc | H97: =H99 -> 106.2452 | J97: FanBase_Str_IsoSup_ANG_HL | K97: =VLOOKUP(K82,Isolator_SupAng_Table,MATCH(SUPANG_HL,Isolator_SupAng_Column_Names,0),FALSE) -> 1.25 | P97: FanBase_Str_Inertia_Rebar_Zone1_XDim | Q97: =IF(Q89=0,6,IF(AND(B20<>"TYPEC",B9<>1,OR(B27=6,B27=8)),K14,IF(AND(B20<>"TYPEC",B9<>1),K14-K29*2,IF(AND(B8=1,B9=1,OR(B27=6,B27=8)),K39*2-K49-K32,IF(AND(B8=1,OR(B27=6,B27=8)),K14-Q112-K46,IF(AND(B8=2,OR(B27=6,B27=8)),K14-(B59-K32)-K37-K50,IF(AND(B8=1,B9=1),K39*2-K49+K32-K29,IF(B8=1,K14-(Q112+K29)-K29-K46,IF(B8=2,K14-(B59+K32)-K37-K50-K29))))))))) -> 6
A98: WLDMNT_IntRail_DOA_Base4_RH_Suppresion | B98: =IF(OR(B86<>4,B8=1),0,1) -> 0 | D98: TopDischTrans_Thk | E98: =IF(TopDischTransThkO<>"-",TopDischTransThkO,VLOOKUP(CONCATENATE(E99,MaterialStyle),'Material List'!$A$8:$S$501,8,FALSE)) -> 0.05601 | G98: ISO_S1_ZLoc | H98: =H102 -> 68.5 | J98: FanBase_Str_IsoSup_ANG_HD1 | K98: =VLOOKUP(K82,Isolator_SupAng_Table,MATCH(SUPANG_HD1,Isolator_SupAng_Column_Names,0),FALSE) -> 0.625 | P98: FanBase_Str_Inertia_Rebar_Zone1_XLength | Q98: =Q97-$Q$92*2 -> 5.75
A99: WLDMNT_IntRail_DOA_Base6_LH_Suppresion | B99: =IF(OR(B86=4,B8=2),0,1) -> 1 | D99: TopDischTrans_GA | E99: =IF(TopDischTransThkO<>"-","NA",16) -> 16 | G99: ISO_S2_XLoc | H99: =IF(B20="TYPEA",H103+(N63-N13)+N18+(N63-N13),IF(OR(B27=6,B27=8),B17+K10+(K14/2)+K29+(K92-K97),B17+K10+(K14/2)+(K92-K97))) -> 106.2452 | J99: FanBase_Str_IsoSup_ANG_HD2 | K99: =VLOOKUP(K82,Isolator_SupAng_Table,MATCH(SUPANG_HD2,Isolator_SupAng_Column_Names,0),FALSE) -> 0.875 | P99: FanBase_Str_Inertia_Rebar_Zone1_ZDim | Q99: =IF(Q89=0,12,IF(AND(B8=1,B9=1,OR(B27=6,B27=8)),K25-K17*2-B11*2-B32-K60,IF(OR(B27=6,B27=8),K42,K25))) -> 12
A100: WLDMNT_IntRail_DOA_Base6_RH_Suppresion | B100: =IF(OR(B86=4,B8=1),0,1) -> 0 | G100: ISO_S2_ZLoc | H100: =H104 -> 24.89 | J100: FanBase_Str_IsoSup_ANG_LB | K100: =VLOOKUP(K82,Isolator_SupAng_Table,MATCH(SUPANG_LB,Isolator_SupAng_Column_Names,0),FALSE) -> 10.8 | P100: FanBase_Str_Inertia_Rebar_Zone1_ZLength | Q100: =Q99-$Q$92*2 -> 11.75
...

Sheet Fan Data
C2: Twin City BAE DWDI Fan Data (Horizontal Discharge) | AD2: Key Slot Dimensions | AG2: Isolator Location Dimensions | AL2: Wheel Data Dimensions | AP2: Bearing Data Dimensions | AV2: Class 1 & 2 fans | CH2: Class 3 fans
C3: FAN | D3: WH_DIA_Nominal | E3: MIN_T_FRAME | F3: MAX_T_FRAME | G3: FAN_A | H3: FAN_B | I3: FAN_BAH | J3: FAN_BAW | K3: FAN_BAT | L3: FAN_BH | M3: FAN_BH_NOM | N3: FAN_DC | O3: FAN_DD | P3: FAN_DE | Q3: FAN_DX | R3: FAN_G | S3: FAN_GA | T3: FAN_GB | U3: FAN_GC | V3: FAN_H | W3: FAN_HE | X3: FAN_HJ | Y3: FAN_HN | Z3: FAN_J | AA3: FAN_P | AB3: FAN_Q | AC3: FAN_SD | AD3: FAN_KSL | AE3: FAN_KSW | AF3: FAN_KSD | AG3: FAN_AH (DB Fans Only) | AH3: FAN_K | AI3: FAN_M | AJ3: FAN_N | AK3: FAN_ND | AL3: FAN_WOD | AM3: FAN_WID | AN3: FAN_WW | AO3: FAN_INLET_FLG_W | AP3: FAN_BRG_SUP_W | AQ3: FAN_BRG_SUP_T | AR3: FAN_BRG_DIA | AS3: FAN_BRG_W | AT3: FAN_BRG_H | AV3: FAN_MAX_T_FRAME_CL1 | AW3: FAN_MAX_T_FRAME_CL2 | AX3: FAN_A_CL1/CL2 | AY3: FAN_B_CL1/CL2 | AZ3: FAN_BAH_CL1/CL2 | BA3: FAN_BAW_CL1/CL2 | BB3: FAN_BAT_CL1/CL2 | BC3: FAN_BH_CL1/CL2 | BD3: FAN_DC_T_CL1/CL2 | BE3: FAN_DC_B_CL1/CL2 | BF3: FAN_DX_CL1/CL2 | BG3: FAN_G_CL1/CL2 | BH3: FAN_GA_CL1/CL2 | BI3: FAN_GB_CL1/CL2 | BJ3: FAN_GC_CL1/CL2 | BK3: FAN_H_CL1/CL2 | BL3: FAN_HE_CL1/CL2 | BM3: FAN_HJ_CL1/CL2 | BN3: FAN_HN_T_CL1/CL2 | BO3: FAN_HN_B_CL1/CL2 | BP3: FAN_J_CL1 | BQ3: FAN_J_CL2 | BR3: FAN_K_CL1/CL2 | BS3: FAN_KSL_CL1/CL2 | BT3: FAN_KSW_CL1 | BU3: FAN_KSW_CL2 | BV3: FAN_KSD_CL1 | BW3: FAN_KSD_CL2 | BX3: FAN_M_CL1/CL2 | BY3: FAN_N_CL1/CL2 | BZ3: FAN_P_CL1 | CA3: FAN_P_CL2 | CB3: FAN_Q_CL1/CL2 | CC3: FAN_SD_CL1 | CD3: FAN_SD_CL2 | CE3: FAN_BRG_SUP_W_CL1 | CF3: FAN_BRG_SUP_W_CL2 | CH3: FAN_MAX_T_FRAME_CL3 | CI3: FAN_A_CL3 | CJ3: FAN_B_CL3 | CK3: FAN_BAH_CL3 | CL3: FAN_BAW_CL3 | CM3: FAN_BAT_CL3 | CN3: FAN_BH_CL3 | CO3: FAN_DC_T_CL3 | CP3: FAN_DC_B_CL3 | CQ3: FAN_DX_CL3 | CR3: FAN_G_CL3 | CS3: FAN_GA_CL3 | CT3: FAN_GB_CL3 | CU3: FAN_GC_CL3 | CV3: FAN_H_CL3 | CW3: FAN_HE_CL3 | CX3: FAN_HJ_CL3 | CY3: FAN_HN_T_CL3 | CZ3: FAN_HN_B_CL3 | DA3: FAN_J_CL3 | DB3: FAN_K_CL3 | DC3: FAN_KSL_CL3 | DD3: FAN_KSW_CL3 | DE3: FAN_KSD_CL3 | DF3: FAN_M_CL3 | DG3: FAN_N_CL3 | DH3: FAN_P_CL3 | DI3: FAN_Q_CL3 | DJ3: FAN_SD_CL3 | DK3: FAN_BRG_SUP_W_CL3
B4: TYPE A | C4: 122H | D4: =LEFT(C4,3)/10 -> 12.2 | E4: 143T | F4: =IF(FANCLASS=1,AV4,IF(FANCLASS=2,AW4, IF(FANCLASS=3,CH4))) -> 254T | G4: =IF(OR(FANCLASS=1,FANCLASS=2),AX4, IF(FANCLASS=3,CI4)) -> 13 | H4: =IF(OR(FANCLASS=1,FANCLASS=2),AY4, IF(FANCLASS=3,CJ4)) -> 17.5 | I4: =IF(OR(FANCLASS=1,FANCLASS=2),AZ4, IF(FANCLASS=3,CK4)) -> 1.5 | J4: =IF(OR(FANCLASS=1,FANCLASS=2),BA4, IF(FANCLASS=3,CL4)) -> 1.5 | K4: =IF(OR(FANCLASS=1,FANCLASS=2),BB4, IF(FANCLASS=3,CM4)) -> 0.188 | L4: =IF(OR(FANCLASS=1,FANCLASS=2),BC4, IF(FANCLASS=3,CN4)) -> 0.44 | M4: 0.375 | N4: =IF(AND(OR(FANCLASS=1,FANCLASS=2),OR(FANDISCHARGELOC="F",FANDISCHARGELOC="R")),BD4, IF(AND(FANCLASS=3,OR(FANDISCHARGELOC="F",FANDISCHARGELOC="R")),CO4,IF(OR(FANCLASS=1,FANCLASS=2),BE4, IF(FANCLASS=3,CP4)))) -> 10.25 | O4: =IF(OR(FANDISCHARGELOC="F",FANDISCHARGELOC="R",FANDISCHARGELOC="T",FANDISCHARGELOC="TI"),Y4-1.5,IF(OR(FANDISCHARGELOC="B",FANDISCHARGELOC="BI",FANDISCHARGELOC="FI",FANDISCHARGELOC="RI"),Y4-((TAN(60*PI()/180))*(W4-R4/2))-3)) -> 11.44 | P4: =IF(OR(FANDISCHARGELOC="F",FANDISCHARGELOC="R"),O4-AL4/2+I4,IF(OR(FANDISCHARGELOC="FI",FANDISCHARGELOC="RI"),O4-(AR4+0.5),IF(OR(FANDISCHARGELOC="T",FANDISCHARGELOC="TI",FANDISCHARGELOC="B",FANDISCHARGELOC="BI"),O4-(AR4+2)))) -> 5.19 | Q4: =IF(OR(FANCLASS=1,FANCLASS=2),BF4, IF(FANCLASS=3,CQ4)) -> 1 | R4: =IF(OR(FANCLASS=1,FANCLASS=2),BG4, IF(FANCLASS=3,CR4)) -> 18.5 | S4: =IF(OR(FANCLASS=1,FANCLASS=2),BH4, IF(FANCLASS=3,CS4)) -> 0.07 | T4: =IF(OR(FANCLASS=1,FANCLASS=2),BI4, IF(FANCLASS=3,CT4)) -> 0.07 | U4: =IF(OR(FANCLASS=1,FANCLASS=2),BJ4, IF(FANCLASS=3,CU4)) -> 9.875 | V4: =IF(OR(FANCLASS=1,FANCLASS=2),BK4, IF(FANCLASS=3,CV4)) -> 20.5 | W4: =IF(OR(FANCLASS=1,FANCLASS=2),BL4, IF(FANCLASS=3,CW4)) -> 10.56 | X4: =IF(OR(FANCLASS=1,FANCLASS=2),BM4, IF(FANCLASS=3,CX4)) -> 9.25 | Y4: =IF(AND(OR(FANCLASS=1,FANCLASS=2),OR(FANDISCHARGELOC="F",FANDISCHARGELOC="R")),BN4, IF(AND(FANCLASS=3,OR(FANDISCHARGELOC="F",FANDISCHARGELOC="R")),CY4,IF(OR(FANCLASS=1,FANCLASS=2),BO4, IF(FANCLASS=3,CZ4)))) -> 12.94 | Z4: =IF(FANCLASS=1,BP4,IF(FANCLASS=2,BQ4, IF(FANCLASS=3,DA4))) -> 12.38 | AA4: =IF(FANCLASS=1,BZ4,IF(FANCLASS=2,CA4, IF(FANCLASS=3,DH4))) -> 16.25 | AB4: =IF(OR(FANCLASS=1,FANCLASS=2),CB4, IF(FANCLASS=3,DI4)) -> 6.44 | AC4: =IF(FANCLASS=1,CC4,IF(FANCLASS=2,CD4, IF(FANCLASS=3,DJ4))) -> 1.4375 | AD4: =IF(OR(FANCLASS=1,FANCLASS=2),BS4, IF(FANCLASS=3,DC4)) -> 3 | AE4: =IF(FANCLASS=1,BT4,IF(FANCLASS=2,BU4, IF(FANCLASS=3,DD4))) -> 0.38 | AF4: =IF(FANCLASS=1,BV4,IF(FANCLASS=2,BW4, IF(FANCLASS=3,DE4))) -> 0.19 | AG4: n/a | AH4: =IF(OR(FANCLASS=1,FANCLASS=2),BR4, IF(FANCLASS=3,DB4)) -> 9.63 | AI4: =IF(OR(FANCLASS=1,FANCLASS=2),BX4, IF(FANCLASS=3,DF4)) -> 6.75 | AJ4: =IF(OR(FANCLASS=1,FANCLASS=2),BY4, IF(FANCLASS=3,DG4)) -> 0.63 | AK4: =U4-AI4 -> 3.125 | AL4: =R4-I4*2 -> 15.5 | AM4: =D4*0.78 -> 9.516 | AN4: =H4*0.65 -> 11.375 | AO4: =1.25 -> 1.25 | AP4: =IF(FANCLASS=1,CE4,IF(FANCLASS=2,CF4, IF(FANCLASS=3,DK4))) -> 2.5 | AQ4: 0.375 | AR4: =AC4*1.5 -> 2.15625 | AS4: =AP4-0.5 -> 2 | AT4: =AR4+0.125 -> 2.28125 | AV4: 213T | AW4: 254T | AX4: 13 | AY4: =BK4-BA4*2 -> 17.5 | AZ4: 1.5 | BA4: 1.5 | BB4: 0.188 | BC4: 0.44 | BD4: 10.25 | BE4: 15 | BF4: 1 | BG4: 18.5 | BH4: 0.07 | BI4: 0.07 | BJ4: 9.875 | BK4: 20.5 | BL4: 10.56 | BM4: 9.25 | BN4: 12.94 | BO4: 9.31 | BP4: 11.44 | BQ4: 12.38 | BR4: 9.63 | BS4: 3 | BT4: 0.25 | BU4: 0.38 | BV4: 0.13 | BW4: 0.19 | BX4: 6.75 | BY4: 0.63 | BZ4: 15.25 | CA4: 16.25 | CB4: 6.44 | CC4: 1.1875 | CD4: 1.4375 | CE4: =BA4+1 -> 2.5 | CF4: =BA4+1 -> 2.5 | CH4: 254T | CI4: 13.13 | CJ4: =CV4-CL4*2 -> 17.63 | CK4: 1.5 | CL4: 2 | CM4: 0.188 | CN4: 0.44 | CO4: 10.25 | CP4: 15.5 | CQ4: 1.25 | CR4: 18.63 | CS4: 0.126 | CT4: 0.126 | CU4: 9.875 | CV4: 21.63 | CW4: 10.63 | CX4: 9.75 | CY4: =14.25-CQ4 -> 13 | CZ4: 9.38 | DA4: 12.56 | DB4: 9.94 | DC4: 3.5 | DD4: 0.5 | DE4: 0.25 | DF4: 6.5 | DG4: 0.88 | DH4: 17.06 | DI4: 6.44 | DJ4: 1.9375 | DK4: =CL4+1 -> 3
C5: 135H | D5: =LEFT(C5,3)/10 -> 13.5 | E5: 143T | F5: =IF(FANCLASS=1,AV5,IF(FANCLASS=2,AW5, IF(FANCLASS=3,CH5))) -> 254T | G5: =IF(OR(FANCLASS=1,FANCLASS=2),AX5, IF(FANCLASS=3,CI5)) -> 14.31 | H5: =IF(OR(FANCLASS=1,FANCLASS=2),AY5, IF(FANCLASS=3,CJ5)) -> 19.5 | I5: =IF(OR(FANCLASS=1,FANCLASS=2),AZ5, IF(FANCLASS=3,CK5)) -> 1.5 | J5: =IF(OR(FANCLASS=1,FANCLASS=2),BA5, IF(FANCLASS=3,CL5)) -> 1.5 | K5: =IF(OR(FANCLASS=1,FANCLASS=2),BB5, IF(FANCLASS=3,CM5)) -> 0.188 | L5: =IF(OR(FANCLASS=1,FANCLASS=2),BC5, IF(FANCLASS=3,CN5)) -> 0.44 | M5: 0.375 | N5: =IF(AND(OR(FANCLASS=1,FANCLASS=2),OR(FANDISCHARGELOC="F",FANDISCHARGELOC="R")),BD5, IF(AND(FANCLASS=3,OR(FANDISCHARGELOC="F",FANDISCHARGELOC="R")),CO5,IF(OR(FANCLASS=1,FANCLASS=2),BE5, IF(FANCLASS=3,CP5)))) -> 11.25 | O5: =IF(OR(FANDISCHARGELOC="F",FANDISCHARGELOC="R",FANDISCHARGELOC="T",FANDISCHARGELOC="TI"),Y5-1.5,IF(OR(FANDISCHARGELOC="B",FANDISCHARGELOC="BI",FANDISCHARGELOC="FI",FANDISCHARGELOC="RI"),Y5-((TAN(60*PI()/180))*(W5-R5/2))-3)) -> 12.75 | P5: =IF(OR(FANDISCHARGELOC="F",FANDISCHARGELOC="R"),O5-AL5/2+I5,IF(OR(FANDISCHARGELOC="FI",FANDISCHARGELOC="RI"),O5-(AR5+0.5),IF(OR(FANDISCHARGELOC="T",FANDISCHARGELOC="TI",FANDISCHARGELOC="B",FANDISCHARGELOC="BI"),O5-(AR5+2)))) -> 5.875 | Q5: =IF(OR(FANCLASS=1,FANCLASS=2),BF5, IF(FANCLASS=3,CQ5)) -> 1 | R5: =IF(OR(FANCLASS=1,FANCLASS=2),BG5, IF(FANCLASS=3,CR5)) -> 19.75 | S5: =IF(OR(FANCLASS=1,FANCLASS=2),BH5, IF(FANCLASS=3,CS5)) -> 0.07 | T5: =IF(OR(FANCLASS=1,FANCLASS=2),BI5, IF(FANCLASS=3,CT5)) -> 0.07 | U5: =IF(OR(FANCLASS=1,FANCLASS=2),BJ5, IF(FANCLASS=3,CU5)) -> 10.5 | V5: =IF(OR(FANCLASS=1,FANCLASS=2),BK5, IF(FANCLASS=3,CV5)) -> 22.5 | W5: =IF(OR(FANCLASS=1,FANCLASS=2),BL5, IF(FANCLASS=3,CW5)) -> 11.63 | X5: =IF(OR(FANCLASS=1,FANCLASS=2),BM5, IF(FANCLASS=3,CX5)) -> 10.25 | Y5: =IF(AND(OR(FANCLASS=1,FANCLASS=2),OR(FANDISCHARGELOC="F",FANDISCHARGELOC="R")),BN5, IF(AND(FANCLASS=3,OR(FANDISCHARGELOC="F",FANDISCHARGELOC="R")),CY5,IF(OR(FANCLASS=1,FANCLASS=2),BO5, IF(FANCLASS=3,CZ5)))) -> 14.25 | Z5: =IF(FANCLASS=1,BP5,IF(FANCLASS=2,BQ5, IF(FANCLASS=3,DA5))) -> 13.38 | AA5: =IF(FANCLASS=1,BZ5,IF(FANCLASS=2,CA5, IF(FANCLASS=3,DH5))) -> 17.25 | AB5: =IF(OR(FANCLASS=1,FANCLASS=2),CB5, IF(FANCLASS=3,DI5)) -> 7.13 | AC5: =IF(FANCLASS=1,CC5,IF(FANCLASS=2,CD5, IF(FANCLASS=3,DJ5))) -> 1.6875 | AD5: =IF(OR(FANCLASS=1,FANCLASS=2),BS5, IF(FANCLASS=3,DC5)) -> 3 | AE5: =IF(FANCLASS=1,BT5,IF(FANCLASS=2,BU5, IF(FANCLASS=3,DD5))) -> 3.8 | AF5: =IF(FANCLASS=1,BV5,IF(FANCLASS=2,BW5, IF(FANCLASS=3,DE5))) -> 0.19 | AG5: n/a | AH5: =IF(OR(FANCLASS=1,FANCLASS=2),BR5, IF(FANCLASS=3,DB5)) -> 10.63 | AI5: =IF(OR(FANCLASS=1,FANCLASS=2),BX5, IF(FANCLASS=3,DF5)) -> 7.38 | AJ5: =IF(OR(FANCLASS=1,FANCLASS=2),BY5, IF(FANCLASS=3,DG5)) -> 0.63 | AK5: =U5-AI5 -> 3.12 | AL5: =R5-I5*2 -> 16.75 | AM5: =D5*0.78 -> 10.53 | AN5: =H5*0.65 -> 12.675 | AO5: 1.25 | AP5: =IF(FANCLASS=1,CE5,IF(FANCLASS=2,CF5, IF(FANCLASS=3,DK5))) -> 2.5 | AQ5: 0.375 | AR5: =AC5*1.5 -> 2.53125 | AS5: =AP5-0.5 -> 2 | AT5: =AR5+0.125 -> 2.65625 | AV5: 213T | AW5: 254T | AX5: 14.31 | AY5: =BK5-BA5*2 -> 19.5 | AZ5: 1.5 | BA5: 1.5 | BB5: 0.188 | BC5: 0.44 | BD5: 11.25 | BE5: 16.25 | BF5: 1 | BG5: 19.75 | BH5: 0.07 | BI5: 0.07 | BJ5: 10.5 | BK5: 22.5 | BL5: 11.63 | BM5: 10.25 | BN5: 14.25 | BO5: 10.25 | BP5: 12.44 | BQ5: 13.38 | BR5: 10.63 | BS5: 3 | BT5: 0.25 | BU5: 3.8 | BV5: 0.13 | BW5: 0.19 | BX5: 7.38 | BY5: 0.63 | BZ5: 16.25 | CA5: 17.25 | CB5: 7.13 | CC5: 1.1875 | CD5: 1.6875 | CE5: =BA5+1 -> 2.5 | CF5: =BA5+1 -> 2.5 | CH5: 254T | CI5: 14.44 | CJ5: =CV5-CL5*2 -> 19.63 | CK5: 1.5 | CL5: 2 | CM5: 0.188 | CN5: 0.44 | CO5: 11.25 | CP5: 16.75 | CQ5: 1.25 | CR5: 19.88 | CS5: 0.126 | CT5: 0.126 | CU5: 10.5 | CV5: 23.63 | CW5: 11.69 | CX5: 10.75 | CY5: =15.56-CQ5 -> 14.31 | CZ5: 10.31 | DA5: 13.56 | DB5: 10.94 | DC5: 4 | DD5: 0.5 | DE5: 0.25 | DF5: 7.13 | DG5: 0.88 | DH5: 18.56 | DI5: 7.13 | DJ5: 1.9375 | DK5: =CL5+1 -> 3
C6: 150H | D6: =LEFT(C6,3)/10 -> 15 | E6: 143T | F6: =IF(FANCLASS=1,AV6,IF(FANCLASS=2,AW6, IF(FANCLASS=3,CH6))) -> 256T | G6: =IF(OR(FANCLASS=1,FANCLASS=2),AX6, IF(FANCLASS=3,CI6)) -> 15.88 | H6: =IF(OR(FANCLASS=1,FANCLASS=2),AY6, IF(FANCLASS=3,CJ6)) -> 21.5 | I6: =IF(OR(FANCLASS=1,FANCLASS=2),AZ6, IF(FANCLASS=3,CK6)) -> 1.5 | J6: =IF(OR(FANCLASS=1,FANCLASS=2),BA6, IF(FANCLASS=3,CL6)) -> 1.5 | K6: =IF(OR(FANCLASS=1,FANCLASS=2),BB6, IF(FANCLASS=3,CM6)) -> 0.188 | L6: =IF(OR(FANCLASS=1,FANCLASS=2),BC6, IF(FANCLASS=3,CN6)) -> 0.44 | M6: 0.375 | N6: =IF(AND(OR(FANCLASS=1,FANCLASS=2),OR(FANDISCHARGELOC="F",FANDISCHARGELOC="R")),BD6, IF(AND(FANCLASS=3,OR(FANDISCHARGELOC="F",FANDISCHARGELOC="R")),CO6,IF(OR(FANCLASS=1,FANCLASS=2),BE6, IF(FANCLASS=3,CP6)))) -> 12.25 | O6: =IF(OR(FANDISCHARGELOC="F",FANDISCHARGELOC="R",FANDISCHARGELOC="T",FANDISCHARGELOC="TI"),Y6-1.5,IF(OR(FANDISCHARGELOC="B",FANDISCHARGELOC="BI",FANDISCHARGELOC="FI",FANDISCHARGELOC="RI"),Y6-((TAN(60*PI()/180))*(W6-R6/2))-3)) -> 14.31 | P6: =IF(OR(FANDISCHARGELOC="F",FANDISCHARGELOC="R"),O6-AL6/2+I6,IF(OR(FANDISCHARGELOC="FI",FANDISCHARGELOC="RI"),O6-(AR6+0.5),IF(OR(FANDISCHARGELOC="T",FANDISCHARGELOC="TI",FANDISCHARGELOC="B",FANDISCHARGELOC="BI"),O6-(AR6+2)))) -> 6.56 | Q6: =IF(OR(FANCLASS=1,FANCLASS=2),BF6, IF(FANCLASS=3,CQ6)) -> 1 | R6: =IF(OR(FANCLASS=1,FANCLASS=2),BG6, IF(FANCLASS=3,CR6)) -> 21.5 | S6: =IF(OR(FANCLASS=1,FANCLASS=2),BH6, IF(FANCLASS=3,CS6)) -> 0.07 | T6: =IF(OR(FANCLASS=1,FANCLASS=2),BI6, IF(FANCLASS=3,CT6)) -> 0.07 | U6: =IF(OR(FANCLASS=1,FANCLASS=2),BJ6, IF(FANCLASS=3,CU6)) -> 11.375 | V6: =IF(OR(FANCLASS=1,FANCLASS=2),BK6, IF(FANCLASS=3,CV6)) -> 24.5 | W6: =IF(OR(FANCLASS=1,FANCLASS=2),BL6, IF(FANCLASS=3,CW6)) -> 12.88 | X6: =IF(OR(FANCLASS=1,FANCLASS=2),BM6, IF(FANCLASS=3,CX6)) -> 11.44 | Y6: =IF(AND(OR(FANCLASS=1,FANCLASS=2),OR(FANDISCHARGELOC="F",FANDISCHARGELOC="R")),BN6, IF(AND(FANCLASS=3,OR(FANDISCHARGELOC="F",FANDISCHARGELOC="R")),CY6,IF(OR(FANCLASS=1,FANCLASS=2),BO6, IF(FANCLASS=3,CZ6)))) -> 15.81 | Z6: =IF(FANCLASS=1,BP6,IF(FANCLASS=2,BQ6, IF(FANCLASS=3,DA6))) -> 14.38 | AA6: =IF(FANCLASS=1,BZ6,IF(FANCLASS=2,CA6, IF(FANCLASS=3,DH6))) -> 18.75 | AB6: =IF(OR(FANCLASS=1,FANCLASS=2),CB6, IF(FANCLASS=3,DI6)) -> 7.88 | AC6: =IF(FANCLASS=1,CC6,IF(FANCLASS=2,CD6, IF(FANCLASS=3,DJ6))) -> 1.6875 | AD6: =IF(OR(FANCLASS=1,FANCLASS=2),BS6, IF(FANCLASS=3,DC6)) -> 3.5 | AE6: =IF(FANCLASS=1,BT6,IF(FANCLASS=2,BU6, IF(FANCLASS=3,DD6))) -> 0.38 | AF6: =IF(FANCLASS=1,BV6,IF(FANCLASS=2,BW6, IF(FANCLASS=3,DE6))) -> 0.19 | AG6: n/a | AH6: =IF(OR(FANCLASS=1,FANCLASS=2),BR6, IF(FANCLASS=3,DB6)) -> 11.63 | AI6: =IF(OR(FANCLASS=1,FANCLASS=2),BX6, IF(FANCLASS=3,DF6)) -> 8.25 | AJ6: =IF(OR(FANCLASS=1,FANCLASS=2),BY6, IF(FANCLASS=3,DG6)) -> 0.63 | AK6: =U6-AI6 -> 3.125 | AL6: =R6-I6*2 -> 18.5 | AM6: =D6*0.78 -> 11.7 | AN6: =H6*0.65 -> 13.975 | AO6: 1.25 | AP6: =IF(FANCLASS=1,CE6,IF(FANCLASS=2,CF6, IF(FANCLASS=3,DK6))) -> 2.5 | AQ6: 0.375 | AR6: =AC6*1.5 -> 2.53125 | AS6: =AP6-0.5 -> 2 | AT6: =AR6+0.125 -> 2.65625 | AV6: 215T | AW6: 256T | AX6: 15.88 | AY6: =BK6-BA6*2 -> 21.5 | AZ6: 1.5 | BA6: 1.5 | BB6: 0.188 | BC6: 0.44 | BD6: 12.25 | BE6: 18 | BF6: 1 | BG6: 21.5 | BH6: 0.07 | BI6: 0.07 | BJ6: 11.375 | BK6: 24.5 | BL6: 12.88 | BM6: 11.44 | BN6: 15.81 | BO6: 11.38 | BP6: 14.38 | BQ6: 14.38 | BR6: 11.63 | BS6: 3.5 | BT6: 0.38 | BU6: 0.38 | BV6: 0.19 | BW6: 0.19 | BX6: 8.25 | BY6: 0.63 | BZ6: 18.75 | CA6: 18.75 | CB6: 7.88 | CC6: 1.4375 | CD6: 1.6875 | CE6: =BA6+1 -> 2.5 | CF6: =BA6+1 -> 2.5 | CH6: 256T | CI6: 16 | CJ6: =CV6-CL6*2 -> 21.63 | CK6: 1.5 | CL6: 2 | CM6: 0.188 | CN6: 0.44 | CO6: 12.25 | CP6: 18.5 | CQ6: 1.25 | CR6: 21.63 | CS6: 0.126 | CT6: 0.126 | CU6: 11.375 | CV6: 25.63 | CW6: 12.94 | CX6: 11.94 | CY6: =17.13-CQ6 -> 15.88 | CZ6: 11.44 | DA6: 15.13 | DB6: 11.94 | DC6: 4 | DD6: 0.5 | DE6: 0.25 | DF6: 8 | DG6: 0.88 | DH6: 20.13 | DI6: 7.88 | DJ6: 2.1875 | DK6: =CL6+1.5 -> 3.5
C7: 165H | D7: =LEFT(C7,3)/10 -> 16.5 | E7: 143T | F7: =IF(FANCLASS=1,AV7,IF(FANCLASS=2,AW7, IF(FANCLASS=3,CH7))) -> 256T | G7: =IF(OR(FANCLASS=1,FANCLASS=2),AX7, IF(FANCLASS=3,CI7)) -> 17.44 | H7: =IF(OR(FANCLASS=1,FANCLASS=2),AY7, IF(FANCLASS=3,CJ7)) -> 23.625 | I7: =IF(OR(FANCLASS=1,FANCLASS=2),AZ7, IF(FANCLASS=3,CK7)) -> 1.5 | J7: =IF(OR(FANCLASS=1,FANCLASS=2),BA7, IF(FANCLASS=3,CL7)) -> 2 | K7: =IF(OR(FANCLASS=1,FANCLASS=2),BB7, IF(FANCLASS=3,CM7)) -> 0.188 | L7: =IF(OR(FANCLASS=1,FANCLASS=2),BC7, IF(FANCLASS=3,CN7)) -> 0.44 | M7: 0.375 | N7: =IF(AND(OR(FANCLASS=1,FANCLASS=2),OR(FANDISCHARGELOC="F",FANDISCHARGELOC="R")),BD7, IF(AND(FANCLASS=3,OR(FANDISCHARGELOC="F",FANDISCHARGELOC="R")),CO7,IF(OR(FANCLASS=1,FANCLASS=2),BE7, IF(FANCLASS=3,CP7)))) -> 13.5 | O7: =IF(OR(FANDISCHARGELOC="F",FANDISCHARGELOC="R",FANDISCHARGELOC="T",FANDISCHARGELOC="TI"),Y7-1.5,IF(OR(FANDISCHARGELOC="B",FANDISCHARGELOC="BI",FANDISCHARGELOC="FI",FANDISCHARGELOC="RI"),Y7-((TAN(60*PI()/180))*(W7-R7/2))-3)) -> 15.88 | P7: =IF(OR(FANDISCHARGELOC="F",FANDISCHARGELOC="R"),O7-AL7/2+I7,IF(OR(FANDISCHARGELOC="FI",FANDISCHARGELOC="RI"),O7-(AR7+0.5),IF(OR(FANDISCHARGELOC="T",FANDISCHARGELOC="TI",FANDISCHARGELOC="B",FANDISCHARGELOC="BI"),O7-(AR7+2)))) -> 6.755 | Q7: =IF(OR(FANCLASS=1,FANCLASS=2),BF7, IF(FANCLASS=3,CQ7)) -> 1 | R7: =IF(OR(FANCLASS=1,FANCLASS=2),BG7, IF(FANCLASS=3,CR7)) -> 24.25 | S7: =IF(OR(FANCLASS=1,FANCLASS=2),BH7, IF(FANCLASS=3,CS7)) -> 0.07 | T7: =IF(OR(FANCLASS=1,FANCLASS=2),BI7, IF(FANCLASS=3,CT7)) -> 0.07 | U7: =IF(OR(FANCLASS=1,FANCLASS=2),BJ7, IF(FANCLASS=3,CU7)) -> 12.125 | V7: =IF(OR(FANCLASS=1,FANCLASS=2),BK7, IF(FANCLASS=3,CV7)) -> 27.625 | W7: =IF(OR(FANCLASS=1,FANCLASS=2),BL7, IF(FANCLASS=3,CW7)) -> 14.13 | X7: =IF(OR(FANCLASS=1,FANCLASS=2),BM7, IF(FANCLASS=3,CX7)) -> 12.63 | Y7: =IF(AND(OR(FANCLASS=1,FANCLASS=2),OR(FANDISCHARGELOC="F",FANDISCHARGELOC="R")),BN7, IF(AND(FANCLASS=3,OR(FANDISCHARGELOC="F",FANDISCHARGELOC="R")),CY7,IF(OR(FANCLASS=1,FANCLASS=2),BO7, IF(FANCLASS=3,CZ7)))) -> 17.38 | Z7: =IF(FANCLASS=1,BP7,IF(FANCLASS=2,BQ7, IF(FANCLASS=3,DA7))) -> 15.56 | AA7: =IF(FANCLASS=1,BZ7,IF(FANCLASS=2,CA7, IF(FANCLASS=3,DH7))) -> 20.06 | AB7: =IF(OR(FANCLASS=1,FANCLASS=2),CB7, IF(FANCLASS=3,DI7)) -> 8.69 | AC7: =IF(FANCLASS=1,CC7,IF(FANCLASS=2,CD7, IF(FANCLASS=3,DJ7))) -> 1.9375 | AD7: =IF(OR(FANCLASS=1,FANCLASS=2),BS7, IF(FANCLASS=3,DC7)) -> 3.5 | AE7: =IF(FANCLASS=1,BT7,IF(FANCLASS=2,BU7, IF(FANCLASS=3,DD7))) -> 0.5 | AF7: =IF(FANCLASS=1,BV7,IF(FANCLASS=2,BW7, IF(FANCLASS=3,DE7))) -> 0.25 | AG7: n/a | AH7: =IF(OR(FANCLASS=1,FANCLASS=2),BR7, IF(FANCLASS=3,DB7)) -> 12.94 | AI7: =IF(OR(FANCLASS=1,FANCLASS=2),BX7, IF(FANCLASS=3,DF7)) -> 8.75 | AJ7: =IF(OR(FANCLASS=1,FANCLASS=2),BY7, IF(FANCLASS=3,DG7)) -> 0.88 | AK7: =U7-AI7 -> 3.375 | AL7: =R7-I7*2 -> 21.25 | AM7: =D7*0.78 -> 12.87 | AN7: =H7*0.65 -> 15.35625 | AO7: 1.25 | AP7: =IF(FANCLASS=1,CE7,IF(FANCLASS=2,CF7, IF(FANCLASS=3,DK7))) -> 3 | AQ7: 0.375 | AR7: =AC7*1.5 -> 2.90625 | AS7: =AP7-0.5 -> 2.5 | AT7: =AR7+0.125 -> 3.03125 | AV7: 215T | AW7: 256T | AX7: 17.44 | AY7: =BK7-BA7*2 -> 23.625 | AZ7: 1.5 | BA7: 2 | BB7: 0.188 | BC7: 0.44 | BD7: 13.5 | BE7: 19.5 | BF7: 1 | BG7: 24.25 | BH7: 0.07 | BI7: 0.07 | BJ7: =BG7/2 -> 12.125 | BK7: 27.625 | BL7: 14.13 | BM7: 12.63 | BN7: 17.38 | BO7: 12.5 | BP7: 15.44 | BQ7: 15.56 | BR7: 12.94 | BS7: 3.5 | BT7: 0.38 | BU7: 0.5 | BV7: 0.19 | BW7: 0.25 | BX7: 8.75 | BY7: 0.88 | BZ7: 19.81 | CA7: 20.06 | CB7: 8.69 | CC7: 1.4375 | CD7: 1.9375 | CE7: =BA7+0.5 -> 2.5 | CF7: =BA7+1 -> 3 | CH7: 256T | CI7: 17.56 | CJ7: =CV7-CL7*2 -> 23.75 | CK7: 1.5 | CL7: 2 | CM7: 0.188 | CN7: 0.44 | CO7: 13.5 | CP7: 19.5 | CQ7: 1.25 | CR7: 23.13 | CS7: 0.126 | CT7: 0.126 | CU7: 12.125 | CV7: 27.75 | CW7: 14.19 | CX7: 13.13 | CY7: =18.69-CQ7 -> 17.44 | CZ7: 12.56 | DA7: 16.19 | DB7: 13 | DC7: 4.5 | DD7: 0.5 | DE7: 0.25 | DF7: 8.75 | DG7: 0.88 | DH7: 21.69 | DI7: 8.69 | DJ7: 2.1875 | DK7: =CL7+1.5 -> 3.5
C8: 182H | D8: =LEFT(C8,3)/10 -> 18.2 | E8: 145T | F8: =IF(FANCLASS=1,AV8,IF(FANCLASS=2,AW8, IF(FANCLASS=3,CH8))) -> 286T | G8: =IF(OR(FANCLASS=1,FANCLASS=2),AX8, IF(FANCLASS=3,CI8)) -> 19.38 | H8: =IF(OR(FANCLASS=1,FANCLASS=2),AY8, IF(FANCLASS=3,CJ8)) -> 26 | I8: =IF(OR(FANCLASS=1,FANCLASS=2),AZ8, IF(FANCLASS=3,CK8)) -> 1.5 | J8: =IF(OR(FANCLASS=1,FANCLASS=2),BA8, IF(FANCLASS=3,CL8)) -> 2 | K8: =IF(OR(FANCLASS=1,FANCLASS=2),BB8, IF(FANCLASS=3,CM8)) -> 0.188 | L8: =IF(OR(FANCLASS=1,FANCLASS=2),BC8, IF(FANCLASS=3,CN8)) -> 0.44 | M8: 0.375 | N8: =IF(AND(OR(FANCLASS=1,FANCLASS=2),OR(FANDISCHARGELOC="F",FANDISCHARGELOC="R")),BD8, IF(AND(FANCLASS=3,OR(FANDISCHARGELOC="F",FANDISCHARGELOC="R")),CO8,IF(OR(FANCLASS=1,FANCLASS=2),BE8, IF(FANCLASS=3,CP8)))) -> 14.75 | O8: =IF(OR(FANDISCHARGELOC="F",FANDISCHARGELOC="R",FANDISCHARGELOC="T",FANDISCHARGELOC="TI"),Y8-1.5,IF(OR(FANDISCHARGELOC="B",FANDISCHARGELOC="BI",FANDISCHARGELOC="FI",FANDISCHARGELOC="RI"),Y8-((TAN(60*PI()/180))*(W8-R8/2))-3)) -> 17.81 | P8: =IF(OR(FANDISCHARGELOC="F",FANDISCHARGELOC="R"),O8-AL8/2+I8,IF(OR(FANDISCHARGELOC="FI",FANDISCHARGELOC="RI"),O8-(AR8+0.5),IF(OR(FANDISCHARGELOC="T",FANDISCHARGELOC="TI",FANDISCHARGELOC="B",FANDISCHARGELOC="BI"),O8-(AR8+2)))) -> 7.81 | Q8: =IF(OR(FANCLASS=1,FANCLASS=2),BF8, IF(FANCLASS=3,CQ8)) -> 1.25 | R8: =IF(OR(FANCLASS=1,FANCLASS=2),BG8, IF(FANCLASS=3,CR8)) -> 26 | S8: =IF(OR(FANCLASS=1,FANCLASS=2),BH8, IF(FANCLASS=3,CS8)) -> 0.097 | T8: =IF(OR(FANCLASS=1,FANCLASS=2),BI8, IF(FANCLASS=3,CT8)) -> 0.07 | U8: =IF(OR(FANCLASS=1,FANCLASS=2),BJ8, IF(FANCLASS=3,CU8)) -> 13 | V8: =IF(OR(FANCLASS=1,FANCLASS=2),BK8, IF(FANCLASS=3,CV8)) -> 30 | W8: =IF(OR(FANCLASS=1,FANCLASS=2),BL8, IF(FANCLASS=3,CW8)) -> 15.69 | X8: =IF(OR(FANCLASS=1,FANCLASS=2),BM8, IF(FANCLASS=3,CX8)) -> 14 | Y8: =IF(AND(OR(FANCLASS=1,FANCLASS=2),OR(FANDISCHARGELOC="F",FANDISCHARGELOC="R")),BN8, IF(AND(FANCLASS=3,OR(FANDISCHARGELOC="F",FANDISCHARGELOC="R")),CY8,IF(OR(FANCLASS=1,FANCLASS=2),BO8, IF(FANCLASS=3,CZ8)))) -> 19.31 | Z8: =IF(FANCLASS=1,BP8,IF(FANCLASS=2,BQ8, IF(FANCLASS=3,DA8))) -> 16.75 | AA8: =IF(FANCLASS=1,BZ8,IF(FANCLASS=2,CA8, IF(FANCLASS=3,DH8))) -> 21.75 | AB8: =IF(OR(FANCLASS=1,FANCLASS=2),CB8, IF(FANCLASS=3,DI8)) -> 9.63 | AC8: =IF(FANCLASS=1,CC8,IF(FANCLASS=2,CD8, IF(FANCLASS=3,DJ8))) -> 1.9375 | AD8: =IF(OR(FANCLASS=1,FANCLASS=2),BS8, IF(FANCLASS=3,DC8)) -> 4 | AE8: =IF(FANCLASS=1,BT8,IF(FANCLASS=2,BU8, IF(FANCLASS=3,DD8))) -> 0.5 | AF8: =IF(FANCLASS=1,BV8,IF(FANCLASS=2,BW8, IF(FANCLASS=3,DE8))) -> 0.25 | AG8: n/a | AH8: =IF(OR(FANCLASS=1,FANCLASS=2),BR8, IF(FANCLASS=3,DB8)) -> 14.13 | AI8: =IF(OR(FANCLASS=1,FANCLASS=2),BX8, IF(FANCLASS=3,DF8)) -> 9.63 | AJ8: =IF(OR(FANCLASS=1,FANCLASS=2),BY8, IF(FANCLASS=3,DG8)) -> 0.88 | AK8: =U8-AI8 -> 3.37 | AL8: =R8-I8*2 -> 23 | AM8: =D8*0.78 -> 14.196 | AN8: =H8*0.65 -> 16.9 | AO8: 1.25 | AP8: =IF(FANCLASS=1,CE8,IF(FANCLASS=2,CF8, IF(FANCLASS=3,DK8))) -> 3 | AQ8: 0.375 | AR8: =AC8*1.5 -> 2.90625 | AS8: =AP8-0.5 -> 2.5 | AT8: =AR8+0.125 -> 3.03125 | AV8: 254T | AW8: 286T | AX8: 19.38 | AY8: =BK8-BA8*2 -> 26 | AZ8: 1.5 | BA8: 2 | BB8: 0.188 | BC8: 0.44 | BD8: 14.75 | BE8: 21.5 | BF8: 1.25 | BG8: 26 | BH8: 0.097 | BI8: 0.07 | BJ8: =BG8/2 -> 13 | BK8: 30 | BL8: 15.69 | BM8: 14 | BN8: 19.31 | BO8: 13.81 | BP8: 16.63 | BQ8: 16.75 | BR8: 14.13 | BS8: 4 | BT8: 0.38 | BU8: 0.5 | BV8: 0.19 | BW8: 0.25 | BX8: 9.63 | BY8: 0.88 | BZ8: 21.5 | CA8: 21.75 | CB8: 9.63 | CC8: 1.6875 | CD8: 1.9375 | CE8: =BA8+0.5 -> 2.5 | CF8: =BA8+1 -> 3 | CH8: 284T | CI8: 19.5 | CJ8: =CV8-CL8*2 -> 26.13 | CK8: 2 | CL8: 2 | CM8: 0.25 | CN8: 0.56 | CO8: 14.75 | CP8: 22 | CQ8: 1.25 | CR8: 27 | CS8: 0.126 | CT8: 0.126 | CU8: =CR8/2 -> 13.5 | CV8: 30.13 | CW8: 15.75 | CX8: 14.5 | CY8: =20.63-CQ8 -> 19.38 | CZ8: 13.88 | DA8: 17.38 | DB8: 14.19 | DC8: 4.5 | DD8: 0.5 | DE8: 0.25 | DF8: 9.63 | DG8: 0.88 | DH8: 22.88 | DI8: 9.63 | DJ8: 2.1875 | DK8: =CL8+1.5 -> 3.5
C9: 200H | D9: =LEFT(C9,3)/10 -> 20 | E9: 145T | F9: =IF(FANCLASS=1,AV9,IF(FANCLASS=2,AW9, IF(FANCLASS=3,CH9))) -> 286T | G9: =IF(OR(FANCLASS=1,FANCLASS=2),AX9, IF(FANCLASS=3,CI9)) -> 21.19 | H9: =IF(OR(FANCLASS=1,FANCLASS=2),AY9, IF(FANCLASS=3,CJ9)) -> 28.5 | I9: =IF(OR(FANCLASS=1,FANCLASS=2),AZ9, IF(FANCLASS=3,CK9)) -> 1.5 | J9: =IF(OR(FANCLASS=1,FANCLASS=2),BA9, IF(FANCLASS=3,CL9)) -> 2 | K9: =IF(OR(FANCLASS=1,FANCLASS=2),BB9, IF(FANCLASS=3,CM9)) -> 0.188 | L9: =IF(OR(FANCLASS=1,FANCLASS=2),BC9, IF(FANCLASS=3,CN9)) -> 0.56 | M9: 0.5 | N9: =IF(AND(OR(FANCLASS=1,FANCLASS=2),OR(FANDISCHARGELOC="F",FANDISCHARGELOC="R")),BD9, IF(AND(FANCLASS=3,OR(FANDISCHARGELOC="F",FANDISCHARGELOC="R")),CO9,IF(OR(FANCLASS=1,FANCLASS=2),BE9, IF(FANCLASS=3,CP9)))) -> 16.25 | O9: =IF(OR(FANDISCHARGELOC="F",FANDISCHARGELOC="R",FANDISCHARGELOC="T",FANDISCHARGELOC="TI"),Y9-1.5,IF(OR(FANDISCHARGELOC="B",FANDISCHARGELOC="BI",FANDISCHARGELOC="FI",FANDISCHARGELOC="RI"),Y9-((TAN(60*PI()/180))*(W9-R9/2))-3)) -> 19.63 | P9: =IF(OR(FANDISCHARGELOC="F",FANDISCHARGELOC="R"),O9-AL9/2+I9,IF(OR(FANDISCHARGELOC="FI",FANDISCHARGELOC="RI"),O9-(AR9+0.5),IF(OR(FANDISCHARGELOC="T",FANDISCHARGELOC="TI",FANDISCHARGELOC="B",FANDISCHARGELOC="BI"),O9-(AR9+2)))) -> 8.63 | Q9: =IF(OR(FANCLASS=1,FANCLASS=2),BF9, IF(FANCLASS=3,CQ9)) -> 1.25 | R9: =IF(OR(FANCLASS=1,FANCLASS=2),BG9, IF(FANCLASS=3,CR9)) -> 28 | S9: =IF(OR(FANCLASS=1,FANCLASS=2),BH9, IF(FANCLASS=3,CS9)) -> 0.097 | T9: =IF(OR(FANCLASS=1,FANCLASS=2),BI9, IF(FANCLASS=3,CT9)) -> 0.07 | U9: =IF(OR(FANCLASS=1,FANCLASS=2),BJ9, IF(FANCLASS=3,CU9)) -> 14 | V9: =IF(OR(FANCLASS=1,FANCLASS=2),BK9, IF(FANCLASS=3,CV9)) -> 32.5 | W9: =IF(OR(FANCLASS=1,FANCLASS=2),BL9, IF(FANCLASS=3,CW9)) -> 17.31 | X9: =IF(OR(FANCLASS=1,FANCLASS=2),BM9, IF(FANCLASS=3,CX9)) -> 15.31 | Y9: =IF(AND(OR(FANCLASS=1,FANCLASS=2),OR(FANDISCHARGELOC="F",FANDISCHARGELOC="R")),BN9, IF(AND(FANCLASS=3,OR(FANDISCHARGELOC="F",FANDISCHARGELOC="R")),CY9,IF(OR(FANCLASS=1,FANCLASS=2),BO9, IF(FANCLASS=3,CZ9)))) -> 21.13 | Z9: =IF(FANCLASS=1,BP9,IF(FANCLASS=2,BQ9, IF(FANCLASS=3,DA9))) -> 18.56 | AA9: =IF(FANCLASS=1,BZ9,IF(FANCLASS=2,CA9, IF(FANCLASS=3,DH9))) -> 23.56 | AB9: =IF(OR(FANCLASS=1,FANCLASS=2),CB9, IF(FANCLASS=3,DI9)) -> 10.56 | AC9: =IF(FANCLASS=1,CC9,IF(FANCLASS=2,CD9, IF(FANCLASS=3,DJ9))) -> 2.1875 | AD9: =IF(OR(FANCLASS=1,FANCLASS=2),BS9, IF(FANCLASS=3,DC9)) -> 4 | AE9: =IF(FANCLASS=1,BT9,IF(FANCLASS=2,BU9, IF(FANCLASS=3,DD9))) -> 0.5 | AF9: =IF(FANCLASS=1,BV9,IF(FANCLASS=2,BW9, IF(FANCLASS=3,DE9))) -> 0.25 | AG9: n/a | AH9: =IF(OR(FANCLASS=1,FANCLASS=2),BR9, IF(FANCLASS=3,DB9)) -> 15.38 | AI9: =IF(OR(FANCLASS=1,FANCLASS=2),BX9, IF(FANCLASS=3,DF9)) -> 10.63 | AJ9: =IF(OR(FANCLASS=1,FANCLASS=2),BY9, IF(FANCLASS=3,DG9)) -> 0.88 | AK9: =U9-AI9 -> 3.37 | AL9: =R9-I9*2 -> 25 | AM9: =D9*0.78 -> 15.6 | AN9: =H9*0.65 -> 18.525 | AO9: 1.25 | AP9: =IF(FANCLASS=1,CE9,IF(FANCLASS=2,CF9, IF(FANCLASS=3,DK9))) -> 3.5 | AQ9: 0.375 | AR9: =AC9*1.5 -> 3.28125 | AS9: =AP9-0.5 -> 3 | AT9: =AR9+0.125 -> 3.40625 | AV9: 254T | AW9: 286T | AX9: 21.19 | AY9: =BK9-BA9*2 -> 28.5 | AZ9: 1.5 | BA9: 2 | BB9: 0.188 | BC9: 0.56 | BD9: 16.25 | BE9: 23.5 | BF9: 1.25 | BG9: 28 | BH9: 0.097 | BI9: 0.07 | BJ9: =BG9/2 -> 14 | BK9: 32.5 | BL9: 17.31 | BM9: 15.31 | BN9: 21.13 | BO9: 15.19 | BP9: 17.88 | BQ9: 18.56 | BR9: 15.38 | BS9: 4 | BT9: 0.38 | BU9: 0.5 | BV9: 0.19 | BW9: 0.25 | BX9: 10.63 | BY9: 0.88 | BZ9: 22.75 | CA9: 23.56 | CB9: 10.56 | CC9: 1.6875 | CD9: 2.1875 | CE9: =BA9+0.5 -> 2.5 | CF9: =BA9+1.5 -> 3.5 | CH9: 286T | CI9: 21.31 | CJ9: =CV9-CL9*2 -> 28.63 | CK9: 2 | CL9: 2 | CM9: 0.25 | CN9: 0.56 | CO9: 16.25 | CP9: 24 | CQ9: 1.25 | CR9: 29 | CS9: 0.126 | CT9: 0.126 | CU9: =CR9/2 -> 14.5 | CV9: 32.63 | CW9: 17.38 | CX9: 15.81 | CY9: =22.44-CQ9 -> 21.19 | CZ9: 15.25 | DA9: 19.13 | DB9: 15.44 | DC9: 5 | DD9: 0.63 | DE9: 0.31 | DF9: 10.63 | DG9: 0.88 | DH9: 25.25 | DI9: 10.56 | DJ9: 2.4375 | DK9: =CL9+1.5 -> 3.5
C10: 222H | D10: =LEFT(C10,3)/10 -> 22.2 | E10: 145T | F10: =IF(FANCLASS=1,AV10,IF(FANCLASS=2,AW10, IF(FANCLASS=3,CH10))) -> 324T | G10: =IF(OR(FANCLASS=1,FANCLASS=2),AX10, IF(FANCLASS=3,CI10)) -> 23.56 | H10: =IF(OR(FANCLASS=1,FANCLASS=2),AY10, IF(FANCLASS=3,CJ10)) -> 31.625 | I10: =IF(OR(FANCLASS=1,FANCLASS=2),AZ10, IF(FANCLASS=3,CK10)) -> 2 | J10: =IF(OR(FANCLASS=1,FANCLASS=2),BA10, IF(FANCLASS=3,CL10)) -> 2 | K10: =IF(OR(FANCLASS=1,FANCLASS=2),BB10, IF(FANCLASS=3,CM10)) -> 0.25 | L10: =IF(OR(FANCLASS=1,FANCLASS=2),BC10, IF(FANCLASS=3,CN10)) -> 0.56 | M10: 0.5 | N10: =IF(AND(OR(FANCLASS=1,FANCLASS=2),OR(FANDISCHARGELOC="F",FANDISCHARGELOC="R")),BD10, IF(AND(FANCLASS=3,OR(FANDISCHARGELOC="F",FANDISCHARGELOC="R")),CO10,IF(OR(FANCLASS=1,FANCLASS=2),BE10, IF(FANCLASS=3,CP10)))) -> 18 | O10: =IF(OR(FANDISCHARGELOC="F",FANDISCHARGELOC="R",FANDISCHARGELOC="T",FANDISCHARGELOC="TI"),Y10-1.5,IF(OR(FANDISCHARGELOC="B",FANDISCHARGELOC="BI",FANDISCHARGELOC="FI",FANDISCHARGELOC="RI"),Y10-((TAN(60*PI()/180))*(W10-R10/2))-3)) -> 22 | P10: =IF(OR(FANDISCHARGELOC="F",FANDISCHARGELOC="R"),O10-AL10/2+I10,IF(OR(FANDISCHARGELOC="FI",FANDISCHARGELOC="RI"),O10-(AR10+0.5),IF(OR(FANDISCHARGELOC="T",FANDISCHARGELOC="TI",FANDISCHARGELOC="B",FANDISCHARGELOC="BI"),O10-(AR10+2)))) -> 10.375 | Q10: =IF(OR(FANCLASS=1,FANCLASS=2),BF10, IF(FANCLASS=3,CQ10)) -> 1.25 | R10: =IF(OR(FANCLASS=1,FANCLASS=2),BG10, IF(FANCLASS=3,CR10)) -> 31.25 | S10: =IF(OR(FANCLASS=1,FANCLASS=2),BH10, IF(FANCLASS=3,CS10)) -> 0.097 | T10: =IF(OR(FANCLASS=1,FANCLASS=2),BI10, IF(FANCLASS=3,CT10)) -> 0.07 | U10: =IF(OR(FANCLASS=1,FANCLASS=2),BJ10, IF(FANCLASS=3,CU10)) -> 15.625 | V10: =IF(OR(FANCLASS=1,FANCLASS=2),BK10, IF(FANCLASS=3,CV10)) -> 35.625 | W10: =IF(OR(FANCLASS=1,FANCLASS=2),BL10, IF(FANCLASS=3,CW10)) -> 19.06 | X10: =IF(OR(FANCLASS=1,FANCLASS=2),BM10, IF(FANCLASS=3,CX10)) -> 17.19 | Y10: =IF(AND(OR(FANCLASS=1,FANCLASS=2),OR(FANDISCHARGELOC="F",FANDISCHARGELOC="R")),BN10, IF(AND(FANCLASS=3,OR(FANDISCHARGELOC="F",FANDISCHARGELOC="R")),CY10,IF(OR(FANCLASS=1,FANCLASS=2),BO10, IF(FANCLASS=3,CZ10)))) -> 23.5 | Z10: =IF(FANCLASS=1,BP10,IF(FANCLASS=2,BQ10, IF(FANCLASS=3,DA10))) -> 20.63 | AA10: =IF(FANCLASS=1,BZ10,IF(FANCLASS=2,CA10, IF(FANCLASS=3,DH10))) -> 26.25 | AB10: =IF(OR(FANCLASS=1,FANCLASS=2),CB10, IF(FANCLASS=3,DI10)) -> 11.75 | AC10: =IF(FANCLASS=1,CC10,IF(FANCLASS=2,CD10, IF(FANCLASS=3,DJ10))) -> 2.4375 | AD10: =IF(OR(FANCLASS=1,FANCLASS=2),BS10, IF(FANCLASS=3,DC10)) -> 4.5 | AE10: =IF(FANCLASS=1,BT10,IF(FANCLASS=2,BU10, IF(FANCLASS=3,DD10))) -> 0.63 | AF10: =IF(FANCLASS=1,BV10,IF(FANCLASS=2,BW10, IF(FANCLASS=3,DE10))) -> 0.31 | AG10: n/a | AH10: =IF(OR(FANCLASS=1,FANCLASS=2),BR10, IF(FANCLASS=3,DB10)) -> 16.94 | AI10: =IF(OR(FANCLASS=1,FANCLASS=2),BX10, IF(FANCLASS=3,DF10)) -> 11.75 | AJ10: =IF(OR(FANCLASS=1,FANCLASS=2),BY10, IF(FANCLASS=3,DG10)) -> 0.88 | AK10: =U10-AI10 -> 3.875 | AL10: =R10-I10*2 -> 27.25 | AM10: =D10*0.78 -> 17.316 | AN10: =H10*0.65 -> 20.55625 | AO10: 1.25 | AP10: =IF(FANCLASS=1,CE10,IF(FANCLASS=2,CF10, IF(FANCLASS=3,DK10))) -> 3.5 | AQ10: 0.375 | AR10: =AC10*1.5 -> 3.65625 | AS10: =AP10-0.5 -> 3 | AT10: =AR10+0.125 -> 3.78125 | AV10: 256T | AW10: 324T | AX10: 23.56 | AY10: =BK10-BA10*2 -> 31.625 | AZ10: 2 | BA10: 2 | BB10: 0.25 | BC10: 0.56 | BD10: 18 | BE10: 26 | BF10: 1.25 | BG10: 31.25 | BH10: 0.097 | BI10: 0.07 | BJ10: =BG10/2 -> 15.625 | BK10: 35.625 | BL10: 19.06 | BM10: 17.19 | BN10: 23.5 | BO10: 16.81 | BP10: 19.56 | BQ10: 20.63 | BR10: 16.94 | BS10: 4.5 | BT10: 0.5 | BU10: 0.63 | BV10: 0.25 | BW10: 0.31 | BX10: 11.75 | BY10: 0.88 | BZ10: 25.06 | CA10: 26.25 | CB10: 11.75 | CC10: 1.9375 | CD10: 2.4375 | CE10: =BA10+1 -> 3 | CF10: =BA10+1.5 -> 3.5 | CH10: 324T | CI10: 23.69 | CJ10: =CV10-CL10*2 -> 31.75 | CK10: 2.5 | CL10: 2.5 | CM10: 0.25 | CN10: 0.56 | CO10: 18 | CP10: 26.5 | CQ10: 1.25 | CR10: 32.25 | CS10: 0.126 | CT10: 0.126 | CU10: =CR10/2 -> 16.125 | CV10: 36.75 | CW10: 19.13 | CX10: 17.69 | CY10: =24.81-CQ10 -> 23.56 | CZ10: 16.88 | DA10: 20.69 | DB10: 17.25 | DC10: 5 | DD10: 0.63 | DE10: 0.31 | DF10: 11.5 | DG10: 1.13 | DH10: 26.81 | DI10: 11.75 | DJ10: 2.4375 | DK10: =CL10+1 -> 3.5
B11: TYPE B | C11: 245H | D11: =LEFT(C11,3)/10 -> 24.5 | E11: 143T | F11: =IF(FANCLASS=1,AV11,IF(FANCLASS=2,AW11, IF(FANCLASS=3,CH11))) -> 326T | G11: =IF(OR(FANCLASS=1,FANCLASS=2),AX11, IF(FANCLASS=3,CI11)) -> 25.94 | H11: =IF(OR(FANCLASS=1,FANCLASS=2),AY11, IF(FANCLASS=3,CJ11)) -> 34.875 | I11: =IF(OR(FANCLASS=1,FANCLASS=2),AZ11, IF(FANCLASS=3,CK11)) -> 2 | J11: =IF(OR(FANCLASS=1,FANCLASS=2),BA11, IF(FANCLASS=3,CL11)) -> 2 | K11: =IF(OR(FANCLASS=1,FANCLASS=2),BB11, IF(FANCLASS=3,CM11)) -> 0.25 | L11: =IF(OR(FANCLASS=1,FANCLASS=2),BC11, IF(FANCLASS=3,CN11)) -> 0.56 | M11: 0.5 | N11: =IF(AND(OR(FANCLASS=1,FANCLASS=2),OR(FANDISCHARGELOC="F",FANDISCHARGELOC="R")),BD11, IF(AND(FANCLASS=3,OR(FANDISCHARGELOC="F",FANDISCHARGELOC="R")),CO11,IF(OR(FANCLASS=1,FANCLASS=2),BE11, IF(FANCLASS=3,CP11)))) -> 20 | O11: =IF(OR(FANDISCHARGELOC="F",FANDISCHARGELOC="R",FANDISCHARGELOC="T",FANDISCHARGELOC="TI"),Y11-1.5,IF(OR(FANDISCHARGELOC="B",FANDISCHARGELOC="BI",FANDISCHARGELOC="FI",FANDISCHARGELOC="RI"),Y11-((TAN(60*PI()/180))*(W11-R11/2))-3)) -> 24.38 | P11: =IF(OR(FANDISCHARGELOC="F",FANDISCHARGELOC="R"),O11-AL11/2+I11,IF(OR(FANDISCHARGELOC="FI",FANDISCHARGELOC="RI"),O11-(AR11+0.5),IF(OR(FANDISCHARGELOC="T",FANDISCHARGELOC="TI",FANDISCHARGELOC="B",FANDISCHARGELOC="BI"),O11-(AR11+2)))) -> 11.63 | Q11: =IF(OR(FANCLASS=1,FANCLASS=2),BF11, IF(FANCLASS=3,CQ11)) -> 1.25 | R11: =IF(OR(FANCLASS=1,FANCLASS=2),BG11, IF(FANCLASS=3,CR11)) -> 33.5 | S11: =IF(OR(FANCLASS=1,FANCLASS=2),BH11, IF(FANCLASS=3,CS11)) -> 0.097 | T11: =IF(OR(FANCLASS=1,FANCLASS=2),BI11, IF(FANCLASS=3,CT11)) -> 0.07 | U11: =IF(OR(FANCLASS=1,FANCLASS=2),BJ11, IF(FANCLASS=3,CU11)) -> 16.75 | V11: =IF(OR(FANCLASS=1,FANCLASS=2),BK11, IF(FANCLASS=3,CV11)) -> 38.875 | W11: =IF(OR(FANCLASS=1,FANCLASS=2),BL11, IF(FANCLASS=3,CW11)) -> 21 | X11: =IF(OR(FANCLASS=1,FANCLASS=2),BM11, IF(FANCLASS=3,CX11)) -> 19 | Y11: =IF(AND(OR(FANCLASS=1,FANCLASS=2),OR(FANDISCHARGELOC="F",FANDISCHARGELOC="R")),BN11, IF(AND(FANCLASS=3,OR(FANDISCHARGELOC="F",FANDISCHARGELOC="R")),CY11,IF(OR(FANCLASS=1,FANCLASS=2),BO11, IF(FANCLASS=3,CZ11)))) -> 25.88 | Z11: =IF(FANCLASS=1,BP11,IF(FANCLASS=2,BQ11, IF(FANCLASS=3,DA11))) -> 22.31 | AA11: =IF(FANCLASS=1,BZ11,IF(FANCLASS=2,CA11, IF(FANCLASS=3,DH11))) -> 28.44 | AB11: =IF(OR(FANCLASS=1,FANCLASS=2),CB11, IF(FANCLASS=3,DI11)) -> 12.94 | AC11: =IF(FANCLASS=1,CC11,IF(FANCLASS=2,CD11, IF(FANCLASS=3,DJ11))) -> 2.4375 | AD11: =IF(OR(FANCLASS=1,FANCLASS=2),BS11, IF(FANCLASS=3,DC11)) -> 5 | AE11: =IF(FANCLASS=1,BT11,IF(FANCLASS=2,BU11, IF(FANCLASS=3,DD11))) -> 0.63 | AF11: =IF(FANCLASS=1,BV11,IF(FANCLASS=2,BW11, IF(FANCLASS=3,DE11))) -> 0.31 | AG11: n/a | AH11: =IF(OR(FANCLASS=1,FANCLASS=2),BR11, IF(FANCLASS=3,DB11)) -> 18.56 | AI11: =IF(OR(FANCLASS=1,FANCLASS=2),BX11, IF(FANCLASS=3,DF11)) -> 12.88 | AJ11: =IF(OR(FANCLASS=1,FANCLASS=2),BY11, IF(FANCLASS=3,DG11)) -> 0.88 | AK11: =U11-AI11 -> 3.87 | AL11: =R11-I11*2 -> 29.5 | AM11: =D11*0.78 -> 19.11 | AN11: =H11*0.65 -> 22.66875 | AO11: 1.5 | AP11: =IF(FANCLASS=1,CE11,IF(FANCLASS=2,CF11, IF(FANCLASS=3,DK11))) -> 3.5 | AQ11: 0.375 | AR11: =AC11*1.5 -> 3.65625 | AS11: =AP11-0.5 -> 3 | AT11: =AR11+0.125 -> 3.78125 | AV11: 284T | AW11: 326T | AX11: 25.94 | AY11: =BK11-BA11*2 -> 34.875 | AZ11: 2 | BA11: 2 | BB11: 0.25 | BC11: 0.56 | BD11: 20 | BE11: 28.25 | BF11: 1.25 | BG11: 33.5 | BH11: 0.097 | BI11: 0.07 | BJ11: =BG11/2 -> 16.75 | BK11: 38.875 | BL11: 21 | BM11: 19 | BN11: 25.88 | BO11: 18.5 | BP11: 21.81 | BQ11: 22.31 | BR11: 18.56 | BS11: 5 | BT11: 0.5 | BU11: 0.63 | BV11: 0.25 | BW11: 0.31 | BX11: 12.88 | BY11: 0.88 | BZ11: 27.81 | CA11: 28.44 | CB11: 12.94 | CC11: 2.1875 | CD11: 2.4375 | CE11: =BA11+1.5 -> 3.5 | CF11: =BA11+1.5 -> 3.5 | CH11: 326T | CI11: 26.19 | CJ11: =CV11-CL11*2 -> 35 | CK11: 2.5 | CL11: 2.5 | CM11: 0.25 | CN11: 0.56 | CO11: 20 | CP11: 28.75 | CQ11: 1.5 | CR11: 34.5 | CS11: 0.175 | CT11: 0.175 | CU11: =CR11/2 -> 17.25 | CV11: 40 | CW11: 21.13 | CX11: 19.5 | CY11: =27.5-CQ11 -> 26 | CZ11: 18.63 | DA11: 22.38 | DB11: 18.88 | DC11: 6 | DD11: 0.63 | DE11: 0.31 | DF11: 12.63 | DG11: 1.13 | DH11: 29.5 | DI11: 12.94 | DJ11: 2.4375 | DK11: =CL11+1 -> 3.5
C12: 270H | D12: =LEFT(C12,3)/10 -> 27 | E12: 145T | F12: =IF(FANCLASS=1,AV12,IF(FANCLASS=2,AW12, IF(FANCLASS=3,CH12))) -> 326T | G12: =IF(OR(FANCLASS=1,FANCLASS=2),AX12, IF(FANCLASS=3,CI12)) -> 28.63 | H12: =IF(OR(FANCLASS=1,FANCLASS=2),AY12, IF(FANCLASS=3,CJ12)) -> 38.25 | I12: =IF(OR(FANCLASS=1,FANCLASS=2),AZ12, IF(FANCLASS=3,CK12)) -> 2 | J12: =IF(OR(FANCLASS=1,FANCLASS=2),BA12, IF(FANCLASS=3,CL12)) -> 2 | K12: =IF(OR(FANCLASS=1,FANCLASS=2),BB12, IF(FANCLASS=3,CM12)) -> 0.25 | L12: =IF(OR(FANCLASS=1,FANCLASS=2),BC12, IF(FANCLASS=3,CN12)) -> 0.56 | M12: 0.5 | N12: =IF(AND(OR(FANCLASS=1,FANCLASS=2),OR(FANDISCHARGELOC="F",FANDISCHARGELOC="R")),BD12, IF(AND(FANCLASS=3,OR(FANDISCHARGELOC="F",FANDISCHARGELOC="R")),CO12,IF(OR(FANCLASS=1,FANCLASS=2),BE12, IF(FANCLASS=3,CP12)))) -> 22 | O12: =IF(OR(FANDISCHARGELOC="F",FANDISCHARGELOC="R",FANDISCHARGELOC="T",FANDISCHARGELOC="TI"),Y12-1.5,IF(OR(FANDISCHARGELOC="B",FANDISCHARGELOC="BI",FANDISCHARGELOC="FI",FANDISCHARGELOC="RI"),Y12-((TAN(60*PI()/180))*(W12-R12/2))-3)) -> 27.06 | P12: =IF(OR(FANDISCHARGELOC="F",FANDISCHARGELOC="R"),O12-AL12/2+I12,IF(OR(FANDISCHARGELOC="FI",FANDISCHARGELOC="RI"),O12-(AR12+0.5),IF(OR(FANDISCHARGELOC="T",FANDISCHARGELOC="TI",FANDISCHARGELOC="B",FANDISCHARGELOC="BI"),O12-(AR12+2)))) -> 13.06 | Q12: =IF(OR(FANCLASS=1,FANCLASS=2),BF12, IF(FANCLASS=3,CQ12)) -> 1.5 | R12: =IF(OR(FANCLASS=1,FANCLASS=2),BG12, IF(FANCLASS=3,CR12)) -> 36 | S12: =IF(OR(FANCLASS=1,FANCLASS=2),BH12, IF(FANCLASS=3,CS12)) -> 0.097 | T12: =IF(OR(FANCLASS=1,FANCLASS=2),BI12, IF(FANCLASS=3,CT12)) -> 0.07 | U12: =IF(OR(FANCLASS=1,FANCLASS=2),BJ12, IF(FANCLASS=3,CU12)) -> 18 | V12: =IF(OR(FANCLASS=1,FANCLASS=2),BK12, IF(FANCLASS=3,CV12)) -> 42.25 | W12: =IF(OR(FANCLASS=1,FANCLASS=2),BL12, IF(FANCLASS=3,CW12)) -> 23.19 | X12: =IF(OR(FANCLASS=1,FANCLASS=2),BM12, IF(FANCLASS=3,CX12)) -> 20.94 | Y12: =IF(AND(OR(FANCLASS=1,FANCLASS=2),OR(FANDISCHARGELOC="F",FANDISCHARGELOC="R")),BN12, IF(AND(FANCLASS=3,OR(FANDISCHARGELOC="F",FANDISCHARGELOC="R")),CY12,IF(OR(FANCLASS=1,FANCLASS=2),BO12, IF(FANCLASS=3,CZ12)))) -> 28.56 | Z12: =IF(FANCLASS=1,BP12,IF(FANCLASS=2,BQ12, IF(FANCLASS=3,DA12))) -> 24.31 | AA12: =IF(FANCLASS=1,BZ12,IF(FANCLASS=2,CA12, IF(FANCLASS=3,DH12))) -> 30.44 | AB12: =IF(OR(FANCLASS=1,FANCLASS=2),CB12, IF(FANCLASS=3,DI12)) -> 14.25 | AC12: =IF(FANCLASS=1,CC12,IF(FANCLASS=2,CD12, IF(FANCLASS=3,DJ12))) -> 2.6875 | AD12: =IF(OR(FANCLASS=1,FANCLASS=2),BS12, IF(FANCLASS=3,DC12)) -> 5 | AE12: =IF(FANCLASS=1,BT12,IF(FANCLASS=2,BU12, IF(FANCLASS=3,DD12))) -> 0.63 | AF12: =IF(FANCLASS=1,BV12,IF(FANCLASS=2,BW12, IF(FANCLASS=3,DE12))) -> 0.31 | AG12: n/a | AH12: =IF(OR(FANCLASS=1,FANCLASS=2),BR12, IF(FANCLASS=3,DB12)) -> 20.25 | AI12: =IF(OR(FANCLASS=1,FANCLASS=2),BX12, IF(FANCLASS=3,DF12)) -> 14.13 | AJ12: =IF(OR(FANCLASS=1,FANCLASS=2),BY12, IF(FANCLASS=3,DG12)) -> 0.88 | AK12: =U12-AI12 -> 3.87 | AL12: =R12-I12*2 -> 32 | AM12: =D12*0.78 -> 21.06 | AN12: =H12*0.65 -> 24.8625 | AO12: 1.5 | AP12: =IF(FANCLASS=1,CE12,IF(FANCLASS=2,CF12, IF(FANCLASS=3,DK12))) -> 4 | AQ12: 0.5 | AR12: =AC12*1.5 -> 4.03125 | AS12: =AP12-0.5 -> 3.5 | AT12: =AR12+0.125 -> 4.15625 | AV12: 284T | AW12: 326T | AX12: 28.63 | AY12: =BK12-BA12*2 -> 38.25 | AZ12: 2 | BA12: 2 | BB12: 0.25 | BC12: 0.56 | BD12: 22 | BE12: 31 | BF12: 1.5 | BG12: 36 | BH12: 0.097 | BI12: 0.07 | BJ12: =BG12/2 -> 18 | BK12: 42.25 | BL12: 23.19 | BM12: 20.94 | BN12: 28.56 | BO12: 20.44 | BP12: 23.5 | BQ12: 24.31 | BR12: 20.25 | BS12: 5 | BT12: 0.5 | BU12: 0.63 | BV12: 0.25 | BW12: 0.31 | BX12: 14.13 | BY12: 0.88 | BZ12: 29.5 | CA12: 30.44 | CB12: 14.25 | CC12: 2.1875 | CD12: 2.6875 | CE12: =BA12+1.5 -> 3.5 | CF12: =BA12+2 -> 4 | CH12: 326T | CI12: 28.88 | CJ12: =CV12-CL12*2 -> 38.5 | CK12: 2.5 | CL12: 2.5 | CM12: 0.25 | CN12: 0.56 | CO12: 22 | CP12: 31.5 | CQ12: 1.5 | CR12: 37 | CS12: 0.175 | CT12: 0.175 | CU12: =CR12/2 -> 18.5 | CV12: 43.5 | CW12: 23.31 | CX12: 21.44 | CY12: =30.19-CQ12 -> 28.69 | CZ12: 20.56 | DA12: 24.44 | DB12: 20.63 | DC12: 6 | DD12: 0.63 | DE12: 0.31 | DF12: 13.88 | DG12: 1.13 | DH12: 31.56 | DI12: 14.25 | DJ12: 2.6875 | DK12: =CL12+1.5 -> 4
C13: 300H | D13: =LEFT(C13,3)/10 -> 30 | E13: 143T | F13: =IF(FANCLASS=1,AV13,IF(FANCLASS=2,AW13, IF(FANCLASS=3,CH13))) -> 364T | G13: =IF(OR(FANCLASS=1,FANCLASS=2),AX13, IF(FANCLASS=3,CI13)) -> 31.81 | H13: =IF(OR(FANCLASS=1,FANCLASS=2),AY13, IF(FANCLASS=3,CJ13)) -> 42.75 | I13: =IF(OR(FANCLASS=1,FANCLASS=2),AZ13, IF(FANCLASS=3,CK13)) -> 2.5 | J13: =IF(OR(FANCLASS=1,FANCLASS=2),BA13, IF(FANCLASS=3,CL13)) -> 2.5 | K13: =IF(OR(FANCLASS=1,FANCLASS=2),BB13, IF(FANCLASS=3,CM13)) -> 0.25 | L13: =IF(OR(FANCLASS=1,FANCLASS=2),BC13, IF(FANCLASS=3,CN13)) -> 0.56 | M13: 0.5 | N13: =IF(AND(OR(FANCLASS=1,FANCLASS=2),OR(FANDISCHARGELOC="F",FANDISCHARGELOC="R")),BD13, IF(AND(FANCLASS=3,OR(FANDISCHARGELOC="F",FANDISCHARGELOC="R")),CO13,IF(OR(FANCLASS=1,FANCLASS=2),BE13, IF(FANCLASS=3,CP13)))) -> 24.5 | O13: =IF(OR(FANDISCHARGELOC="F",FANDISCHARGELOC="R",FANDISCHARGELOC="T",FANDISCHARGELOC="TI"),Y13-1.5,IF(OR(FANDISCHARGELOC="B",FANDISCHARGELOC="BI",FANDISCHARGELOC="FI",FANDISCHARGELOC="RI"),Y13-((TAN(60*PI()/180))*(W13-R13/2))-3)) -> 30.25 | P13: =IF(OR(FANDISCHARGELOC="F",FANDISCHARGELOC="R"),O13-AL13/2+I13,IF(OR(FANDISCHARGELOC="FI",FANDISCHARGELOC="RI"),O13-(AR13+0.5),IF(OR(FANDISCHARGELOC="T",FANDISCHARGELOC="TI",FANDISCHARGELOC="B",FANDISCHARGELOC="BI"),O13-(AR13+2)))) -> 14.75 | Q13: =IF(OR(FANCLASS=1,FANCLASS=2),BF13, IF(FANCLASS=3,CQ13)) -> 1.5 | R13: =IF(OR(FANCLASS=1,FANCLASS=2),BG13, IF(FANCLASS=3,CR13)) -> 41 | S13: =IF(OR(FANCLASS=1,FANCLASS=2),BH13, IF(FANCLASS=3,CS13)) -> 0.126 | T13: =IF(OR(FANCLASS=1,FANCLASS=2),BI13, IF(FANCLASS=3,CT13)) -> 0.097 | U13: =IF(OR(FANCLASS=1,FANCLASS=2),BJ13, IF(FANCLASS=3,CU13)) -> 20.5 | V13: =IF(OR(FANCLASS=1,FANCLASS=2),BK13, IF(FANCLASS=3,CV13)) -> 47.75 | W13: =IF(OR(FANCLASS=1,FANCLASS=2),BL13, IF(FANCLASS=3,CW13)) -> 25.75 | X13: =IF(OR(FANCLASS=1,FANCLASS=2),BM13, IF(FANCLASS=3,CX13)) -> 23.31 | Y13: =IF(AND(OR(FANCLASS=1,FANCLASS=2),OR(FANDISCHARGELOC="F",FANDISCHARGELOC="R")),BN13, IF(AND(FANCLASS=3,OR(FANDISCHARGELOC="F",FANDISCHARGELOC="R")),CY13,IF(OR(FANCLASS=1,FANCLASS=2),BO13, IF(FANCLASS=3,CZ13)))) -> 31.75 | Z13: =IF(FANCLASS=1,BP13,IF(FANCLASS=2,BQ13, IF(FANCLASS=3,DA13))) -> 26.25 | AA13: =IF(FANCLASS=1,BZ13,IF(FANCLASS=2,CA13, IF(FANCLASS=3,DH13))) -> 32.88 | AB13: =IF(OR(FANCLASS=1,FANCLASS=2),CB13, IF(FANCLASS=3,DI13)) -> 15.81 | AC13: =IF(FANCLASS=1,CC13,IF(FANCLASS=2,CD13, IF(FANCLASS=3,DJ13))) -> 2.4375 | AD13: =IF(OR(FANCLASS=1,FANCLASS=2),BS13, IF(FANCLASS=3,DC13)) -> 5.5 | AE13: =IF(FANCLASS=1,BT13,IF(FANCLASS=2,BU13, IF(FANCLASS=3,DD13))) -> 0.63 | AF13: =IF(FANCLASS=1,BV13,IF(FANCLASS=2,BW13, IF(FANCLASS=3,DE13))) -> 0.31 | AG13: n/a | AH13: =IF(OR(FANCLASS=1,FANCLASS=2),BR13, IF(FANCLASS=3,DB13)) -> 22.75 | AI13: =IF(OR(FANCLASS=1,FANCLASS=2),BX13, IF(FANCLASS=3,DF13)) -> 15.88 | AJ13: =IF(OR(FANCLASS=1,FANCLASS=2),BY13, IF(FANCLASS=3,DG13)) -> 1.13 | AK13: =U13-AI13 -> 4.62 | AL13: =R13-I13*2 -> 36 | AM13: =D13*0.78 -> 23.4 | AN13: =H13*0.65 -> 27.7875 | AO13: 1.5 | AP13: =IF(FANCLASS=1,CE13,IF(FANCLASS=2,CF13, IF(FANCLASS=3,DK13))) -> 3.5 | AQ13: 0.375 | AR13: =AC13*1.5 -> 3.65625 | AS13: =AP13-0.5 -> 3 | AT13: =AR13+0.125 -> 3.78125 | AV13: 286T | AW13: 364T | AX13: 31.81 | AY13: =BK13-BA13*2 -> 42.75 | AZ13: 2.5 | BA13: 2.5 | BB13: 0.25 | BC13: 0.56 | BD13: 24.5 | BE13: 34.25 | BF13: 1.5 | BG13: 41 | BH13: 0.126 | BI13: 0.097 | BJ13: =BG13/2 -> 20.5 | BK13: 47.75 | BL13: 25.75 | BM13: 23.31 | BN13: 31.75 | BO13: 22.75 | BP13: 26.25 | BQ13: 26.25 | BR13: 22.75 | BS13: 5.5 | BT13: 0.63 | BU13: 0.63 | BV13: 0.31 | BW13: 0.31 | BX13: 15.88 | BY13: 1.13 | BZ13: 32.88 | CA13: 32.88 | CB13: 15.81 | CC13: 2.4375 | CD13: 2.4375 | CE13: =BA13+1 -> 3.5 | CF13: =BA13+1 -> 3.5 | CH13: 364T | CI13: 32 | CJ13: =CV13-CL13*2 -> 42.88 | CK13: 3 | CL13: 3 | CM13: 0.313 | CN13: 0.81 | CO13: 24.5 | CP13: 34.75 | CQ13: 1.5 | CR13: 42 | CS13: 0.175 | CT13: 0.175 | CU13: =CR13/2 -> 21 | CV13: 48.88 | CW13: 25.81 | CX13: 23.81 | CY13: =33.31-CQ13 -> 31.81 | CZ13: 22.81 | DA13: 26.63 | DB13: 23.06 | DC13: 7 | DD13: 0.63 | DE13: 0.31 | DF13: 15.63 | DG13: 1.38 | DH13: 34.75 | DI13: 15.81 | DJ13: 2.6875 | DK13: =CL13+1 -> 4
C14: 330H | D14: =LEFT(C14,3)/10 -> 33 | E14: 143T | F14: =IF(FANCLASS=1,AV14,IF(FANCLASS=2,AW14, IF(FANCLASS=3,CH14))) -> 365T | G14: =IF(OR(FANCLASS=1,FANCLASS=2),AX14, IF(FANCLASS=3,CI14)) -> 35.13 | H14: =IF(OR(FANCLASS=1,FANCLASS=2),AY14, IF(FANCLASS=3,CJ14)) -> 46.75 | I14: =IF(OR(FANCLASS=1,FANCLASS=2),AZ14, IF(FANCLASS=3,CK14)) -> 2.5 | J14: =IF(OR(FANCLASS=1,FANCLASS=2),BA14, IF(FANCLASS=3,CL14)) -> 2.5 | K14: =IF(OR(FANCLASS=1,FANCLASS=2),BB14, IF(FANCLASS=3,CM14)) -> 0.25 | L14: =IF(OR(FANCLASS=1,FANCLASS=2),BC14, IF(FANCLASS=3,CN14)) -> 0.56 | M14: 0.5 | N14: =IF(AND(OR(FANCLASS=1,FANCLASS=2),OR(FANDISCHARGELOC="F",FANDISCHARGELOC="R")),BD14, IF(AND(FANCLASS=3,OR(FANDISCHARGELOC="F",FANDISCHARGELOC="R")),CO14,IF(OR(FANCLASS=1,FANCLASS=2),BE14, IF(FANCLASS=3,CP14)))) -> 27 | O14: =IF(OR(FANDISCHARGELOC="F",FANDISCHARGELOC="R",FANDISCHARGELOC="T",FANDISCHARGELOC="TI"),Y14-1.5,IF(OR(FANDISCHARGELOC="B",FANDISCHARGELOC="BI",FANDISCHARGELOC="FI",FANDISCHARGELOC="RI"),Y14-((TAN(60*PI()/180))*(W14-R14/2))-3)) -> 33.56 | P14: =IF(OR(FANDISCHARGELOC="F",FANDISCHARGELOC="R"),O14-AL14/2+I14,IF(OR(FANDISCHARGELOC="FI",FANDISCHARGELOC="RI"),O14-(AR14+0.5),IF(OR(FANDISCHARGELOC="T",FANDISCHARGELOC="TI",FANDISCHARGELOC="B",FANDISCHARGELOC="BI"),O14-(AR14+2)))) -> 16.56 | Q14: =IF(OR(FANCLASS=1,FANCLASS=2),BF14, IF(FANCLASS=3,CQ14)) -> 1.5 | R14: =IF(OR(FANCLASS=1,FANCLASS=2),BG14, IF(FANCLASS=3,CR14)) -> 44 | S14: =IF(OR(FANCLASS=1,FANCLASS=2),BH14, IF(FANCLASS=3,CS14)) -> 0.126 | T14: =IF(OR(FANCLASS=1,FANCLASS=2),BI14, IF(FANCLASS=3,CT14)) -> 0.097 | U14: =IF(OR(FANCLASS=1,FANCLASS=2),BJ14, IF(FANCLASS=3,CU14)) -> 22 | V14: =IF(OR(FANCLASS=1,FANCLASS=2),BK14, IF(FANCLASS=3,CV14)) -> 51.75 | W14: =IF(OR(FANCLASS=1,FANCLASS=2),BL14, IF(FANCLASS=3,CW14)) -> 28.38 | X14: =IF(OR(FANCLASS=1,FANCLASS=2),BM14, IF(FANCLASS=3,CX14)) -> 25.75 | Y14: =IF(AND(OR(FANCLASS=1,FANCLASS=2),OR(FANDISCHARGELOC="F",FANDISCHARGELOC="R")),BN14, IF(AND(FANCLASS=3,OR(FANDISCHARGELOC="F",FANDISCHARGELOC="R")),CY14,IF(OR(FANCLASS=1,FANCLASS=2),BO14, IF(FANCLASS=3,CZ14)))) -> 35.06 | Z14: =IF(FANCLASS=1,BP14,IF(FANCLASS=2,BQ14, IF(FANCLASS=3,DA14))) -> 28.25 | AA14: =IF(FANCLASS=1,BZ14,IF(FANCLASS=2,CA14, IF(FANCLASS=3,DH14))) -> 34.88 | AB14: =IF(OR(FANCLASS=1,FANCLASS=2),CB14, IF(FANCLASS=3,DI14)) -> 17.5 | AC14: =IF(FANCLASS=1,CC14,IF(FANCLASS=2,CD14, IF(FANCLASS=3,DJ14))) -> 2.4375 | AD14: =IF(OR(FANCLASS=1,FANCLASS=2),BS14, IF(FANCLASS=3,DC14)) -> 5.5 | AE14: =IF(FANCLASS=1,BT14,IF(FANCLASS=2,BU14, IF(FANCLASS=3,DD14))) -> 0.63 | AF14: =IF(FANCLASS=1,BV14,IF(FANCLASS=2,BW14, IF(FANCLASS=3,DE14))) -> 0.31 | AG14: n/a | AH14: =IF(OR(FANCLASS=1,FANCLASS=2),BR14, IF(FANCLASS=3,DB14)) -> 24.75 | AI14: =IF(OR(FANCLASS=1,FANCLASS=2),BX14, IF(FANCLASS=3,DF14)) -> 17.38 | AJ14: =IF(OR(FANCLASS=1,FANCLASS=2),BY14, IF(FANCLASS=3,DG14)) -> 1.13 | AK14: =U14-AI14 -> 4.62 | AL14: =R14-I14*2 -> 39 | AM14: =D14*0.78 -> 25.74 | AN14: =H14*0.65 -> 30.3875 | AO14: 1.5 | AP14: =IF(FANCLASS=1,CE14,IF(FANCLASS=2,CF14, IF(FANCLASS=3,DK14))) -> 4 | AQ14: 0.5 | AR14: =AC14*1.5 -> 3.65625 | AS14: =AP14-0.5 -> 3.5 | AT14: =AR14+0.125 -> 3.78125 | AV14: 324T | AW14: 365T | AX14: 35.13 | AY14: =BK14-BA14*2 -> 46.75 | AZ14: 2.5 | BA14: 2.5 | BB14: 0.25 | BC14: 0.56 | BD14: 27 | BE14: 37.25 | BF14: 1.5 | BG14: 44 | BH14: 0.126 | BI14: 0.097 | BJ14: =BG14/2 -> 22 | BK14: 51.75 | BL14: 28.38 | BM14: 25.75 | BN14: 35.06 | BO14: 25 | BP14: 28.25 | BQ14: 28.25 | BR14: 24.75 | BS14: 5.5 | BT14: 0.63 | BU14: 0.63 | BV14: 0.31 | BW14: 0.31 | BX14: 17.38 | BY14: 1.13 | BZ14: 34.88 | CA14: 34.88 | CB14: 17.5 | CC14: 2.4375 | CD14: 2.4375 | CE14: =BA14+1 -> 3.5 | CF14: =BA14+1.5 -> 4 | CH14: 365T | CI14: 35.31 | CJ14: =CV14-CL14*2 -> 46.88 | CK14: 3 | CL14: 3 | CM14: 0.313 | CN14: 0.81 | CO14: 27 | CP14: 37.75 | CQ14: 1.5 | CR14: 45 | CS14: 0.175 | CT14: 0.175 | CU14: =CR14/2 -> 22.5 | CV14: 52.88 | CW14: 28.44 | CX14: 26.25 | CY14: =36.63-CQ14 -> 35.13 | CZ14: 25.06 | DA14: 28.44 | DB14: 25.06 | DC14: 7 | DD14: 0.75 | DE14: 0.38 | DF14: 17.13 | DG14: 1.38 | DH14: 36.69 | DI14: 17.5 | DJ14: 2.9375 | DK14: =CL14+1 -> 4
C15: 365H | D15: =LEFT(C15,3)/10 -> 36.5 | E15: 143T | F15: =IF(FANCLASS=1,AV15,IF(FANCLASS=2,AW15, IF(FANCLASS=3,CH15))) -> 404T | G15: =IF(OR(FANCLASS=1,FANCLASS=2),AX15, IF(FANCLASS=3,CI15)) -> 38.69 | H15: =IF(OR(FANCLASS=1,FANCLASS=2),AY15, IF(FANCLASS=3,CJ15)) -> 51.875 | I15: =IF(OR(FANCLASS=1,FANCLASS=2),AZ15, IF(FANCLASS=3,CK15)) -> 2.5 | J15: =IF(OR(FANCLASS=1,FANCLASS=2),BA15, IF(FANCLASS=3,CL15)) -> 2.5 | K15: =IF(OR(FANCLASS=1,FANCLASS=2),BB15, IF(FANCLASS=3,CM15)) -> 0.25 | L15: =IF(OR(FANCLASS=1,FANCLASS=2),BC15, IF(FANCLASS=3,CN15)) -> 0.56 | M15: 0.5 | N15: =IF(AND(OR(FANCLASS=1,FANCLASS=2),OR(FANDISCHARGELOC="F",FANDISCHARGELOC="R")),BD15, IF(AND(FANCLASS=3,OR(FANDISCHARGELOC="F",FANDISCHARGELOC="R")),CO15,IF(OR(FANCLASS=1,FANCLASS=2),BE15, IF(FANCLASS=3,CP15)))) -> 29.5 | O15: =IF(OR(FANDISCHARGELOC="F",FANDISCHARGELOC="R",FANDISCHARGELOC="T",FANDISCHARGELOC="TI"),Y15-1.5,IF(OR(FANDISCHARGELOC="B",FANDISCHARGELOC="BI",FANDISCHARGELOC="FI",FANDISCHARGELOC="RI"),Y15-((TAN(60*PI()/180))*(W15-R15/2))-3)) -> 37.13 | P15: =IF(OR(FANDISCHARGELOC="F",FANDISCHARGELOC="R"),O15-AL15/2+I15,IF(OR(FANDISCHARGELOC="FI",FANDISCHARGELOC="RI"),O15-(AR15+0.5),IF(OR(FANDISCHARGELOC="T",FANDISCHARGELOC="TI",FANDISCHARGELOC="B",FANDISCHARGELOC="BI"),O15-(AR15+2)))) -> 18.13 | Q15: =IF(OR(FANCLASS=1,FANCLASS=2),BF15, IF(FANCLASS=3,CQ15)) -> 1.5 | R15: =IF(OR(FANCLASS=1,FANCLASS=2),BG15, IF(FANCLASS=3,CR15)) -> 48 | S15: =IF(OR(FANCLASS=1,FANCLASS=2),BH15, IF(FANCLASS=3,CS15)) -> 0.126 | T15: =IF(OR(FANCLASS=1,FANCLASS=2),BI15, IF(FANCLASS=3,CT15)) -> 0.097 | U15: =IF(OR(FANCLASS=1,FANCLASS=2),BJ15, IF(FANCLASS=3,CU15)) -> 24 | V15: =IF(OR(FANCLASS=1,FANCLASS=2),BK15, IF(FANCLASS=3,CV15)) -> 56.875 | W15: =IF(OR(FANCLASS=1,FANCLASS=2),BL15, IF(FANCLASS=3,CW15)) -> 31.5 | X15: =IF(OR(FANCLASS=1,FANCLASS=2),BM15, IF(FANCLASS=3,CX15)) -> 28.5 | Y15: =IF(AND(OR(FANCLASS=1,FANCLASS=2),OR(FANDISCHARGELOC="F",FANDISCHARGELOC="R")),BN15, IF(AND(FANCLASS=3,OR(FANDISCHARGELOC="F",FANDISCHARGELOC="R")),CY15,IF(OR(FANCLASS=1,FANCLASS=2),BO15, IF(FANCLASS=3,CZ15)))) -> 38.63 | Z15: =IF(FANCLASS=1,BP15,IF(FANCLASS=2,BQ15, IF(FANCLASS=3,DA15))) -> 31.13 | AA15: =IF(FANCLASS=1,BZ15,IF(FANCLASS=2,CA15, IF(FANCLASS=3,DH15))) -> 37.75 | AB15: =IF(OR(FANCLASS=1,FANCLASS=2),CB15, IF(FANCLASS=3,DI15)) -> 19.25 | AC15: =IF(FANCLASS=1,CC15,IF(FANCLASS=2,CD15, IF(FANCLASS=3,DJ15))) -> 2.6875 | AD15: =IF(OR(FANCLASS=1,FANCLASS=2),BS15, IF(FANCLASS=3,DC15)) -> 5.5 | AE15: =IF(FANCLASS=1,BT15,IF(FANCLASS=2,BU15, IF(FANCLASS=3,DD15))) -> 0.63 | AF15: =IF(FANCLASS=1,BV15,IF(FANCLASS=2,BW15, IF(FANCLASS=3,DE15))) -> 0.31 | AG15: n/a | AH15: =IF(OR(FANCLASS=1,FANCLASS=2),BR15, IF(FANCLASS=3,DB15)) -> 27.31 | AI15: =IF(OR(FANCLASS=1,FANCLASS=2),BX15, IF(FANCLASS=3,DF15)) -> 18.88 | AJ15: =IF(OR(FANCLASS=1,FANCLASS=2),BY15, IF(FANCLASS=3,DG15)) -> 1.13 | AK15: =U15-AI15 -> 5.12 | AL15: =R15-I15*2 -> 43 | AM15: =D15*0.78 -> 28.47 | AN15: =H15*0.65 -> 33.71875 | AO15: 1.5 | AP15: =IF(FANCLASS=1,CE15,IF(FANCLASS=2,CF15, IF(FANCLASS=3,DK15))) -> 4 | AQ15: 0.5 | AR15: =AC15*1.5 -> 4.03125 | AS15: =AP15-0.5 -> 3.5 | AT15: =AR15+0.125 -> 4.15625 | AV15: 324T | AW15: 404T | AX15: 38.69 | AY15: =BK15-BA15*2 -> 51.875 | AZ15: 2.5 | BA15: 2.5 | BB15: 0.25 | BC15: 0.56 | BD15: 29.5 | BE15: 41 | BF15: 1.5 | BG15: 48 | BH15: 0.126 | BI15: 0.097 | BJ15: =BG15/2 -> 24 | BK15: 56.875 | BL15: 31.5 | BM15: 28.5 | BN15: 38.63 | BO15: 27.75 | BP15: 31.13 | BQ15: 31.13 | BR15: 27.31 | BS15: 5.5 | BT15: 0.63 | BU15: 0.63 | BV15: 0.31 | BW15: 0.31 | BX15: 18.88 | BY15: 1.13 | BZ15: 37.75 | CA15: 37.75 | CB15: 19.25 | CC15: 2.6875 | CD15: 2.6875 | CE15: =BA15+1.5 -> 4 | CF15: =BA15+1.5 -> 4 | CH15: 404T | CI15: 38.88 | CJ15: =CV15-CL15*2 -> 52 | CK15: 3 | CL15: 3 | CM15: 0.313 | CN15: 0.81 | CO15: 29.5 | CP15: 41.5 | CQ15: 1.5 | CR15: 49 | CS15: 0.175 | CT15: 0.175 | CU15: =CR15/2 -> 24.5 | CV15: 58 | CW15: 31.56 | CX15: 29 | CY15: =40.19-CQ15 -> 38.69 | CZ15: 27.81 | DA15: 31 | DB15: 27.63 | DC15: 7 | DD15: 0.75 | DE15: 0.38 | DF15: 18.63 | DG15: 1.38 | DH15: 39.25 | DI15: 19.25 | DJ15: 2.9375 | DK15: =CL15+2 -> 5
B16: TYPE C | C16: 402H | D16: =LEFT(C16,3)/10 -> 40.2 | E16: 145T | F16: =IF(FANCLASS=1,AV16,IF(FANCLASS=2,AW16, IF(FANCLASS=3,CH16))) -> 404T | G16: =IF(OR(FANCLASS=1,FANCLASS=2),AX16, IF(FANCLASS=3,CI16)) -> 42.63 | H16: =IF(OR(FANCLASS=1,FANCLASS=2),AY16, IF(FANCLASS=3,CJ16)) -> 57.25 | I16: =IF(OR(FANCLASS=1,FANCLASS=2),AZ16, IF(FANCLASS=3,CK16)) -> 3 | J16: =IF(OR(FANCLASS=1,FANCLASS=2),BA16, IF(FANCLASS=3,CL16)) -> 3 | K16: =IF(OR(FANCLASS=1,FANCLASS=2),BB16, IF(FANCLASS=3,CM16)) -> 0.313 | L16: =IF(OR(FANCLASS=1,FANCLASS=2),BC16, IF(FANCLASS=3,CN16)) -> 0.81 | M16: 0.75 | N16: =IF(AND(OR(FANCLASS=1,FANCLASS=2),OR(FANDISCHARGELOC="F",FANDISCHARGELOC="R")),BD16, IF(AND(FANCLASS=3,OR(FANDISCHARGELOC="F",FANDISCHARGELOC="R")),CO16,IF(OR(FANCLASS=1,FANCLASS=2),BE16, IF(FANCLASS=3,CP16)))) -> 33 | O16: =IF(OR(FANDISCHARGELOC="F",FANDISCHARGELOC="R",FANDISCHARGELOC="T",FANDISCHARGELOC="TI"),Y16-1.5,IF(OR(FANDISCHARGELOC="B",FANDISCHARGELOC="BI",FANDISCHARGELOC="FI",FANDISCHARGELOC="RI"),Y16-((TAN(60*PI()/180))*(W16-R16/2))-3)) -> 41.06 | P16: =IF(OR(FANDISCHARGELOC="F",FANDISCHARGELOC="R"),O16-AL16/2+I16,IF(OR(FANDISCHARGELOC="FI",FANDISCHARGELOC="RI"),O16-(AR16+0.5),IF(OR(FANDISCHARGELOC="T",FANDISCHARGELOC="TI",FANDISCHARGELOC="B",FANDISCHARGELOC="BI"),O16-(AR16+2)))) -> 20.81 | Q16: =IF(OR(FANCLASS=1,FANCLASS=2),BF16, IF(FANCLASS=3,CQ16)) -> 1.5 | R16: =IF(OR(FANCLASS=1,FANCLASS=2),BG16, IF(FANCLASS=3,CR16)) -> 52.5 | S16: =IF(OR(FANCLASS=1,FANCLASS=2),BH16, IF(FANCLASS=3,CS16)) -> 0.126 | T16: =IF(OR(FANCLASS=1,FANCLASS=2),BI16, IF(FANCLASS=3,CT16)) -> 0.097 | U16: =IF(OR(FANCLASS=1,FANCLASS=2),BJ16, IF(FANCLASS=3,CU16)) -> 26.25 | V16: =IF(OR(FANCLASS=1,FANCLASS=2),BK16, IF(FANCLASS=3,CV16)) -> 63.25 | W16: =IF(OR(FANCLASS=1,FANCLASS=2),BL16, IF(FANCLASS=3,CW16)) -> 34.69 | X16: =IF(OR(FANCLASS=1,FANCLASS=2),BM16, IF(FANCLASS=3,CX16)) -> 31.5 | Y16: =IF(AND(OR(FANCLASS=1,FANCLASS=2),OR(FANDISCHARGELOC="F",FANDISCHARGELOC="R")),BN16, IF(AND(FANCLASS=3,OR(FANDISCHARGELOC="F",FANDISCHARGELOC="R")),CY16,IF(OR(FANCLASS=1,FANCLASS=2),BO16, IF(FANCLASS=3,CZ16)))) -> 42.56 | Z16: =IF(FANCLASS=1,BP16,IF(FANCLASS=2,BQ16, IF(FANCLASS=3,DA16))) -> 33.81 | AA16: =IF(FANCLASS=1,BZ16,IF(FANCLASS=2,CA16, IF(FANCLASS=3,DH16))) -> 40.94 | AB16: =IF(OR(FANCLASS=1,FANCLASS=2),CB16, IF(FANCLASS=3,DI16)) -> 21.25 | AC16: =IF(FANCLASS=1,CC16,IF(FANCLASS=2,CD16, IF(FANCLASS=3,DJ16))) -> 2.6875 | AD16: =IF(OR(FANCLASS=1,FANCLASS=2),BS16, IF(FANCLASS=3,DC16)) -> 6 | AE16: =IF(FANCLASS=1,BT16,IF(FANCLASS=2,BU16, IF(FANCLASS=3,DD16))) -> 0.63 | AF16: =IF(FANCLASS=1,BV16,IF(FANCLASS=2,BW16, IF(FANCLASS=3,DE16))) -> 0.31 | AG16: n/a | AH16: =IF(OR(FANCLASS=1,FANCLASS=2),BR16, IF(FANCLASS=3,DB16)) -> 30.25 | AI16: =IF(OR(FANCLASS=1,FANCLASS=2),BX16, IF(FANCLASS=3,DF16)) -> 20.88 | AJ16: =IF(OR(FANCLASS=1,FANCLASS=2),BY16, IF(FANCLASS=3,DG16)) -> 1.38 | AK16: =U16-AI16 -> 5.37 | AL16: =R16-I16*2 -> 46.5 | AM16: =D16*0.78 -> 31.356 | AN16: =H16*0.65 -> 37.2125 | AO16: 1.75 | AP16: =IF(FANCLASS=1,CE16,IF(FANCLASS=2,CF16, IF(FANCLASS=3,DK16))) -> 4 | AQ16: 0.5 | AR16: =AC16*1.5 -> 4.03125 | AS16: =AP16-0.5 -> 3.5 | AT16: =AR16+0.125 -> 4.15625 | AV16: 326T | AW16: 404T | AX16: 42.63 | AY16: =BK16-BA16*2 -> 57.25 | AZ16: 3 | BA16: 3 | BB16: 0.313 | BC16: 0.81 | BD16: 33 | BE16: 45.5 | BF16: 1.5 | BG16: 52.5 | BH16: 0.126 | BI16: 0.097 | BJ16: =BG16/2 -> 26.25 | BK16: 63.25 | BL16: 34.69 | BM16: 31.5 | BN16: 42.56 | BO16: 30.56 | BP16: 33.5 | BQ16: 33.81 | BR16: 30.25 | BS16: 6 | BT16: 0.63 | BU16: 0.63 | BV16: 0.31 | BW16: 0.31 | BX16: 20.88 | BY16: 1.38 | BZ16: 40.63 | CA16: 40.94 | CB16: 21.25 | CC16: 2.4375 | CD16: 2.6875 | CE16: =BA16+1 -> 4 | CF16: =BA16+1 -> 4 | CH16: 404T | CI16: 42.81 | CJ16: =CV16-CL16*2 -> 57.38 | CK16: 3 | CL16: 4 | CM16: 0.313 | CN16: 0.81 | CO16: 33 | CP16: 45.5 | CQ16: 2 | CR16: 52.5 | CS16: 0.175 | CT16: 0.175 | CU16: =CR16/2 -> 26.25 | CV16: 65.38 | CW16: 34.75 | CX16: 32 | CY16: =44.63-CQ16 -> 42.63 | CZ16: 30.63 | DA16: 35.06 | DB16: 30.81 | DC16: 8 | DD16: 0.88 | DE16: 0.44 | DF16: 20.38 | DG16: 1.88 | DH16: 44.38 | DI16: 21.25 | DJ16: 3.4375 | DK16: =CL16+1 -> 5
C17: 445H | D17: =LEFT(C17,3)/10 -> 44.5 | E17: 182T | F17: =IF(FANCLASS=1,AV17,IF(FANCLASS=2,AW17, IF(FANCLASS=3,CH17))) -> 405T | G17: =IF(OR(FANCLASS=1,FANCLASS=2),AX17, IF(FANCLASS=3,CI17)) -> 47.13 | H17: =IF(OR(FANCLASS=1,FANCLASS=2),AY17, IF(FANCLASS=3,CJ17)) -> 63.125 | I17: =IF(OR(FANCLASS=1,FANCLASS=2),AZ17, IF(FANCLASS=3,CK17)) -> 3 | J17: =IF(OR(FANCLASS=1,FANCLASS=2),BA17, IF(FANCLASS=3,CL17)) -> 3 | K17: =IF(OR(FANCLASS=1,FANCLASS=2),BB17, IF(FANCLASS=3,CM17)) -> 0.313 | L17: =IF(OR(FANCLASS=1,FANCLASS=2),BC17, IF(FANCLASS=3,CN17)) -> 0.81 | M17: 0.75 | N17: =IF(AND(OR(FANCLASS=1,FANCLASS=2),OR(FANDISCHARGELOC="F",FANDISCHARGELOC="R")),BD17, IF(AND(FANCLASS=3,OR(FANDISCHARGELOC="F",FANDISCHARGELOC="R")),CO17,IF(OR(FANCLASS=1,FANCLASS=2),BE17, IF(FANCLASS=3,CP17)))) -> 35.5 | O17: =IF(OR(FANDISCHARGELOC="F",FANDISCHARGELOC="R",FANDISCHARGELOC="T",FANDISCHARGELOC="TI"),Y17-1.5,IF(OR(FANDISCHARGELOC="B",FANDISCHARGELOC="BI",FANDISCHARGELOC="FI",FANDISCHARGELOC="RI"),Y17-((TAN(60*PI()/180))*(W17-R17/2))-3)) -> 45.56 | P17: =IF(OR(FANDISCHARGELOC="F",FANDISCHARGELOC="R"),O17-AL17/2+I17,IF(OR(FANDISCHARGELOC="FI",FANDISCHARGELOC="RI"),O17-(AR17+0.5),IF(OR(FANDISCHARGELOC="T",FANDISCHARGELOC="TI",FANDISCHARGELOC="B",FANDISCHARGELOC="BI"),O17-(AR17+2)))) -> 23.31 | Q17: =IF(OR(FANCLASS=1,FANCLASS=2),BF17, IF(FANCLASS=3,CQ17)) -> 1.5 | R17: =IF(OR(FANCLASS=1,FANCLASS=2),BG17, IF(FANCLASS=3,CR17)) -> 56.5 | S17: =IF(OR(FANCLASS=1,FANCLASS=2),BH17, IF(FANCLASS=3,CS17)) -> 0.126 | T17: =IF(OR(FANCLASS=1,FANCLASS=2),BI17, IF(FANCLASS=3,CT17)) -> 0.097 | U17: =IF(OR(FANCLASS=1,FANCLASS=2),BJ17, IF(FANCLASS=3,CU17)) -> 28.25 | V17: =IF(OR(FANCLASS=1,FANCLASS=2),BK17, IF(FANCLASS=3,CV17)) -> 69.125 | W17: =IF(OR(FANCLASS=1,FANCLASS=2),BL17, IF(FANCLASS=3,CW17)) -> 38.25 | X17: =IF(OR(FANCLASS=1,FANCLASS=2),BM17, IF(FANCLASS=3,CX17)) -> 34.88 | Y17: =IF(AND(OR(FANCLASS=1,FANCLASS=2),OR(FANDISCHARGELOC="F",FANDISCHARGELOC="R")),BN17, IF(AND(FANCLASS=3,OR(FANDISCHARGELOC="F",FANDISCHARGELOC="R")),CY17,IF(OR(FANCLASS=1,FANCLASS=2),BO17, IF(FANCLASS=3,CZ17)))) -> 47.06 | Z17: =IF(FANCLASS=1,BP17,IF(FANCLASS=2,BQ17, IF(FANCLASS=3,DA17))) -> 36.56 | AA17: =IF(FANCLASS=1,BZ17,IF(FANCLASS=2,CA17, IF(FANCLASS=3,DH17))) -> 43.81 | AB17: =IF(OR(FANCLASS=1,FANCLASS=2),CB17, IF(FANCLASS=3,DI17)) -> 23.5 | AC17: =IF(FANCLASS=1,CC17,IF(FANCLASS=2,CD17, IF(FANCLASS=3,DJ17))) -> 2.9375 | AD17: =IF(OR(FANCLASS=1,FANCLASS=2),BS17, IF(FANCLASS=3,DC17)) -> 6 | AE17: =IF(FANCLASS=1,BT17,IF(FANCLASS=2,BU17, IF(FANCLASS=3,DD17))) -> 0.75 | AF17: =IF(FANCLASS=1,BV17,IF(FANCLASS=2,BW17, IF(FANCLASS=3,DE17))) -> 0.38 | AG17: n/a | AH17: =IF(OR(FANCLASS=1,FANCLASS=2),BR17, IF(FANCLASS=3,DB17)) -> 33.19 | AI17: =IF(OR(FANCLASS=1,FANCLASS=2),BX17, IF(FANCLASS=3,DF17)) -> 22.88 | AJ17: =IF(OR(FANCLASS=1,FANCLASS=2),BY17, IF(FANCLASS=3,DG17)) -> 1.38 | AK17: =U17-AI17 -> 5.37 | AL17: =R17-I17*2 -> 50.5 | AM17: =D17*0.78 -> 34.71 | AN17: =H17*0.65 -> 41.03125 | AO17: 1.75 | AP17: =IF(FANCLASS=1,CE17,IF(FANCLASS=2,CF17, IF(FANCLASS=3,DK17))) -> 5 | AQ17: 0.5 | AR17: =AC17*1.5 -> 4.40625 | AS17: =AP17-0.5 -> 4.5 | AT17: =AR17+0.125 -> 4.53125 | AV17: 364T | AW17: 405T | AX17: 47.13 | AY17: =BK17-BA17*2 -> 63.125 | AZ17: 3 | BA17: 3 | BB17: 0.313 | BC17: 0.81 | BD17: 35.5 | BE17: 50 | BF17: 1.5 | BG17: 56.5 | BH17: 0.126 | BI17: 0.097 | BJ17: =BG17/2 -> 28.25 | BK17: 69.125 | BL17: 38.25 | BM17: 34.88 | BN17: 47.06 | BO17: 33.75 | BP17: 36.44 | BQ17: 36.56 | BR17: 33.19 | BS17: 6 | BT17: 0.63 | BU17: 0.75 | BV17: 0.31 | BW17: 0.38 | BX17: 22.88 | BY17: 1.38 | BZ17: 43.56 | CA17: 43.81 | CB17: 23.5 | CC17: 2.4375 | CD17: 2.9375 | CE17: =BA17+1 -> 4 | CF17: =BA17+2 -> 5 | CH17: 405T | CI17: 47.31 | CJ17: =CV17-CL17*2 -> 63.25 | CK17: 3 | CL17: 4 | CM17: 0.313 | CN17: 0.81 | CO17: 35.5 | CP17: 50 | CQ17: 2 | CR17: 56.5 | CS17: 0.175 | CT17: 0.175 | CU17: =CR17/2 -> 28.25 | CV17: 71.25 | CW17: 38.31 | CX17: 35.38 | CY17: =49.13-CQ17 -> 47.13 | CZ17: 33.81 | DA17: 38 | DB17: 33.75 | DC17: 8 | DD17: 0.88 | DE17: 0.44 | DF17: 22.38 | DG17: 1.88 | DH17: 47.31 | DI17: 23.5 | DJ17: 3.4375 | DK17: =CL17+1 -> 5
C18: 490H | D18: =LEFT(C18,3)/10 -> 49 | E18: 182T | F18: =IF(FANCLASS=1,AV18,IF(FANCLASS=2,AW18, IF(FANCLASS=3,CH18))) -> 445T | G18: =IF(OR(FANCLASS=1,FANCLASS=2),AX18, IF(FANCLASS=3,CI18)) -> 51.94 | H18: =IF(OR(FANCLASS=1,FANCLASS=2),AY18, IF(FANCLASS=3,CJ18)) -> 69.5 | I18: =IF(OR(FANCLASS=1,FANCLASS=2),AZ18, IF(FANCLASS=3,CK18)) -> 3 | J18: =IF(OR(FANCLASS=1,FANCLASS=2),BA18, IF(FANCLASS=3,CL18)) -> 3 | K18: =IF(OR(FANCLASS=1,FANCLASS=2),BB18, IF(FANCLASS=3,CM18)) -> 0.313 | L18: =IF(OR(FANCLASS=1,FANCLASS=2),BC18, IF(FANCLASS=3,CN18)) -> 0.81 | M18: 0.75 | N18: =IF(AND(OR(FANCLASS=1,FANCLASS=2),OR(FANDISCHARGELOC="F",FANDISCHARGELOC="R")),BD18, IF(AND(FANCLASS=3,OR(FANDISCHARGELOC="F",FANDISCHARGELOC="R")),CO18,IF(OR(FANCLASS=1,FANCLASS=2),BE18, IF(FANCLASS=3,CP18)))) -> 39 | O18: =IF(OR(FANDISCHARGELOC="F",FANDISCHARGELOC="R",FANDISCHARGELOC="T",FANDISCHARGELOC="TI"),Y18-1.5,IF(OR(FANDISCHARGELOC="B",FANDISCHARGELOC="BI",FANDISCHARGELOC="FI",FANDISCHARGELOC="RI"),Y18-((TAN(60*PI()/180))*(W18-R18/2))-3)) -> 50.38 | P18: =IF(OR(FANDISCHARGELOC="F",FANDISCHARGELOC="R"),O18-AL18/2+I18,IF(OR(FANDISCHARGELOC="FI",FANDISCHARGELOC="RI"),O18-(AR18+0.5),IF(OR(FANDISCHARGELOC="T",FANDISCHARGELOC="TI",FANDISCHARGELOC="B",FANDISCHARGELOC="BI"),O18-(AR18+2)))) -> 25.63 | Q18: =IF(OR(FANCLASS=1,FANCLASS=2),BF18, IF(FANCLASS=3,CQ18)) -> 2 | R18: =IF(OR(FANCLASS=1,FANCLASS=2),BG18, IF(FANCLASS=3,CR18)) -> 61.5 | S18: =IF(OR(FANCLASS=1,FANCLASS=2),BH18, IF(FANCLASS=3,CS18)) -> 0.126 | T18: =IF(OR(FANCLASS=1,FANCLASS=2),BI18, IF(FANCLASS=3,CT18)) -> 0.097 | U18: =IF(OR(FANCLASS=1,FANCLASS=2),BJ18, IF(FANCLASS=3,CU18)) -> 30.75 | V18: =IF(OR(FANCLASS=1,FANCLASS=2),BK18, IF(FANCLASS=3,CV18)) -> 75.5 | W18: =IF(OR(FANCLASS=1,FANCLASS=2),BL18, IF(FANCLASS=3,CW18)) -> 42.19 | X18: =IF(OR(FANCLASS=1,FANCLASS=2),BM18, IF(FANCLASS=3,CX18)) -> 38.5 | Y18: =IF(AND(OR(FANCLASS=1,FANCLASS=2),OR(FANDISCHARGELOC="F",FANDISCHARGELOC="R")),BN18, IF(AND(FANCLASS=3,OR(FANDISCHARGELOC="F",FANDISCHARGELOC="R")),CY18,IF(OR(FANCLASS=1,FANCLASS=2),BO18, IF(FANCLASS=3,CZ18)))) -> 51.88 | Z18: =IF(FANCLASS=1,BP18,IF(FANCLASS=2,BQ18, IF(FANCLASS=3,DA18))) -> 41.13 | AA18: =IF(FANCLASS=1,BZ18,IF(FANCLASS=2,CA18, IF(FANCLASS=3,DH18))) -> 49.44 | AB18: =IF(OR(FANCLASS=1,FANCLASS=2),CB18, IF(FANCLASS=3,DI18)) -> 25.88 | AC18: =IF(FANCLASS=1,CC18,IF(FANCLASS=2,CD18, IF(FANCLASS=3,DJ18))) -> 3.4375 | AD18: =IF(OR(FANCLASS=1,FANCLASS=2),BS18, IF(FANCLASS=3,DC18)) -> 7 | AE18: =IF(FANCLASS=1,BT18,IF(FANCLASS=2,BU18, IF(FANCLASS=3,DD18))) -> 0.88 | AF18: =IF(FANCLASS=1,BV18,IF(FANCLASS=2,BW18, IF(FANCLASS=3,DE18))) -> 0.44 | AG18: n/a | AH18: =IF(OR(FANCLASS=1,FANCLASS=2),BR18, IF(FANCLASS=3,DB18)) -> 36.38 | AI18: =IF(OR(FANCLASS=1,FANCLASS=2),BX18, IF(FANCLASS=3,DF18)) -> 25.38 | AJ18: =IF(OR(FANCLASS=1,FANCLASS=2),BY18, IF(FANCLASS=3,DG18)) -> 1.38 | AK18: =U18-AI18 -> 5.37 | AL18: =R18-I18*2 -> 55.5 | AM18: =D18*0.78 -> 38.22 | AN18: =H18*0.65 -> 45.175 | AO18: 1.75 | AP18: =IF(FANCLASS=1,CE18,IF(FANCLASS=2,CF18, IF(FANCLASS=3,DK18))) -> 5 | AQ18: 0.5 | AR18: =AC18*1.5 -> 5.15625 | AS18: =AP18-0.5 -> 4.5 | AT18: =AR18+0.125 -> 5.28125 | AV18: 365T | AW18: 445T | AX18: 51.94 | AY18: =BK18-BA18*2 -> 69.5 | AZ18: 3 | BA18: 3 | BB18: 0.313 | BC18: 0.81 | BD18: 39 | BE18: 54.75 | BF18: 2 | BG18: 61.5 | BH18: 0.126 | BI18: 0.097 | BJ18: =BG18/2 -> 30.75 | BK18: 75.5 | BL18: 42.19 | BM18: 38.5 | BN18: 51.88 | BO18: 37.19 | BP18: 39.94 | BQ18: 41.13 | BR18: 36.38 | BS18: 7 | BT18: 0.63 | BU18: 0.88 | BV18: 0.31 | BW18: 0.44 | BX18: 25.38 | BY18: 1.38 | BZ18: 48.06 | CA18: 49.44 | CB18: 25.88 | CC18: 2.6875 | CD18: 3.4375 | CE18: =BA18+1 -> 4 | CF18: =BA18+2 -> 5 | CH18: 445T | CI18: 52.13 | CJ18: =CV18-CL18*2 -> 69.63 | CK18: 3 | CL18: 4 | CM18: 0.313 | CN18: 0.81 | CO18: 39 | CP18: 54.75 | CQ18: 2 | CR18: 61.5 | CS18: 0.175 | CT18: 0.175 | CU18: =CR18/2 -> 30.75 | CV18: 77.63 | CW18: 42.25 | CX18: 39 | CY18: =53.94-CQ18 -> 51.94 | CZ18: 37.25 | DA18: 41.94 | DB18: 36.94 | DC18: 9 | DD18: 1 | DE18: 0.5 | DF18: 24.88 | DG18: 1.88 | DH18: 52.31 | DI18: 25.88 | DJ18: 3.9375 | DK18: =CL18+2 -> 6
C19: 542H | D19: =LEFT(C19,3)/10 -> 54.2 | E19: 254T | F19: =IF(FANCLASS=1,AV19,IF(FANCLASS=2,AW19, IF(FANCLASS=3,CH19))) -> 445T | G19: =IF(OR(FANCLASS=1,FANCLASS=2),AX19, IF(FANCLASS=3,CI19)) -> 57.38 | H19: =IF(OR(FANCLASS=1,FANCLASS=2),AY19, IF(FANCLASS=3,CJ19)) -> 77 | I19: =IF(OR(FANCLASS=1,FANCLASS=2),AZ19, IF(FANCLASS=3,CK19)) -> 3 | J19: =IF(OR(FANCLASS=1,FANCLASS=2),BA19, IF(FANCLASS=3,CL19)) -> 4 | K19: =IF(OR(FANCLASS=1,FANCLASS=2),BB19, IF(FANCLASS=3,CM19)) -> 0.313 | L19: =IF(OR(FANCLASS=1,FANCLASS=2),BC19, IF(FANCLASS=3,CN19)) -> 0.81 | M19: 0.75 | N19: =IF(AND(OR(FANCLASS=1,FANCLASS=2),OR(FANDISCHARGELOC="F",FANDISCHARGELOC="R")),BD19, IF(AND(FANCLASS=3,OR(FANDISCHARGELOC="F",FANDISCHARGELOC="R")),CO19,IF(OR(FANCLASS=1,FANCLASS=2),BE19, IF(FANCLASS=3,CP19)))) -> 43.5 | O19: =IF(OR(FANDISCHARGELOC="F",FANDISCHARGELOC="R",FANDISCHARGELOC="T",FANDISCHARGELOC="TI"),Y19-1.5,IF(OR(FANDISCHARGELOC="B",FANDISCHARGELOC="BI",FANDISCHARGELOC="FI",FANDISCHARGELOC="RI"),Y19-((TAN(60*PI()/180))*(W19-R19/2))-3)) -> 55.81 | P19: =IF(OR(FANDISCHARGELOC="F",FANDISCHARGELOC="R"),O19-AL19/2+I19,IF(OR(FANDISCHARGELOC="FI",FANDISCHARGELOC="RI"),O19-(AR19+0.5),IF(OR(FANDISCHARGELOC="T",FANDISCHARGELOC="TI",FANDISCHARGELOC="B",FANDISCHARGELOC="BI"),O19-(AR19+2)))) -> 28.31 | Q19: =IF(OR(FANCLASS=1,FANCLASS=2),BF19, IF(FANCLASS=3,CQ19)) -> 2 | R19: =IF(OR(FANCLASS=1,FANCLASS=2),BG19, IF(FANCLASS=3,CR19)) -> 67 | S19: =IF(OR(FANCLASS=1,FANCLASS=2),BH19, IF(FANCLASS=3,CS19)) -> 0.126 | T19: =IF(OR(FANCLASS=1,FANCLASS=2),BI19, IF(FANCLASS=3,CT19)) -> 0.097 | U19: =IF(OR(FANCLASS=1,FANCLASS=2),BJ19, IF(FANCLASS=3,CU19)) -> 33.5 | V19: =IF(OR(FANCLASS=1,FANCLASS=2),BK19, IF(FANCLASS=3,CV19)) -> 85 | W19: =IF(OR(FANCLASS=1,FANCLASS=2),BL19, IF(FANCLASS=3,CW19)) -> 46.69 | X19: =IF(OR(FANCLASS=1,FANCLASS=2),BM19, IF(FANCLASS=3,CX19)) -> 42.56 | Y19: =IF(AND(OR(FANCLASS=1,FANCLASS=2),OR(FANDISCHARGELOC="F",FANDISCHARGELOC="R")),BN19, IF(AND(FANCLASS=3,OR(FANDISCHARGELOC="F",FANDISCHARGELOC="R")),CY19,IF(OR(FANCLASS=1,FANCLASS=2),BO19, IF(FANCLASS=3,CZ19)))) -> 57.31 | Z19: =IF(FANCLASS=1,BP19,IF(FANCLASS=2,BQ19, IF(FANCLASS=3,DA19))) -> 44.19 | AA19: =IF(FANCLASS=1,BZ19,IF(FANCLASS=2,CA19, IF(FANCLASS=3,DH19))) -> 51.5 | AB19: =IF(OR(FANCLASS=1,FANCLASS=2),CB19, IF(FANCLASS=3,DI19)) -> 28.63 | AC19: =IF(FANCLASS=1,CC19,IF(FANCLASS=2,CD19, IF(FANCLASS=3,DJ19))) -> 3.4375 | AD19: =IF(OR(FANCLASS=1,FANCLASS=2),BS19, IF(FANCLASS=3,DC19)) -> 6 | AE19: =IF(FANCLASS=1,BT19,IF(FANCLASS=2,BU19, IF(FANCLASS=3,DD19))) -> 0.88 | AF19: =IF(FANCLASS=1,BV19,IF(FANCLASS=2,BW19, IF(FANCLASS=3,DE19))) -> 0.44 | AG19: n/a | AH19: =IF(OR(FANCLASS=1,FANCLASS=2),BR19, IF(FANCLASS=3,DB19)) -> 40.63 | AI19: =IF(OR(FANCLASS=1,FANCLASS=2),BX19, IF(FANCLASS=3,DF19)) -> 27.63 | AJ19: =IF(OR(FANCLASS=1,FANCLASS=2),BY19, IF(FANCLASS=3,DG19)) -> 1.88 | AK19: =U19-AI19 -> 5.87 | AL19: =R19-I19*2 -> 61 | AM19: =D19*0.78 -> 42.276 | AN19: =H19*0.65 -> 50.05 | AO19: 1.75 | AP19: =IF(FANCLASS=1,CE19,IF(FANCLASS=2,CF19, IF(FANCLASS=3,DK19))) -> 5 | AQ19: 0.5 | AR19: =AC19*1.5 -> 5.15625 | AS19: =AP19-0.5 -> 4.5 | AT19: =AR19+0.125 -> 5.28125 | AV19: 404T | AW19: 445T | AX19: 57.38 | AY19: =BK19-BA19*2 -> 77 | AZ19: 3 | BA19: 4 | BB19: 0.313 | BC19: 0.81 | BD19: 43.5 | BE19: 60.25 | BF19: 2 | BG19: 67 | BH19: 0.126 | BI19: 0.097 | BJ19: =BG19/2 -> 33.5 | BK19: 85 | BL19: 46.69 | BM19: 42.56 | BN19: 57.31 | BO19: 41.19 | BP19: 43.75 | BQ19: 44.19 | BR19: 40.63 | BS19: 6 | BT19: 0.75 | BU19: 0.88 | BV19: 0.38 | BW19: 0.44 | BX19: 27.63 | BY19: 1.88 | BZ19: 51 | CA19: 51.5 | CB19: 28.63 | CC19: 2.9375 | CD19: 3.4375 | CE19: =BA19+0 -> 4 | CF19: =BA19+1 -> 5 | CH19: 445T | CI19: 57.56 | CJ19: =CV19-CL19*2 -> 77.13 | CK19: 3.5 | CL19: 5 | CM19: 0.5 | CN19: 0.81 | CO19: 43.5 | CP19: 60.75 | CQ19: 2.5 | CR19: 67 | CS19: 0.175 | CT19: 0.175 | CU19: =CR19/2 -> 33.5 | CV19: 87.13 | CW19: 46.75 | CX19: 43.06 | CY19: =59.88-CQ19 -> 57.38 | CZ19: 41.25 | DA19: 45.69 | DB19: 41.19 | DC19: 9 | DD19: 1 | DE19: 0.5 | DF19: 27.13 | DG19: 2.38 | DH19: 56.06 | DI19: 28.63 | DJ19: 3.9375 | DK19: =CL19+1 -> 6
C20: 600H | D20: =LEFT(C20,3)/10 -> 60 | E20: 254T | F20: =IF(FANCLASS=1,AV20,IF(FANCLASS=2,AW20, IF(FANCLASS=3,CH20))) -> 445T | G20: =IF(OR(FANCLASS=1,FANCLASS=2),AX20, IF(FANCLASS=3,CI20)) -> 63.5 | H20: =IF(OR(FANCLASS=1,FANCLASS=2),AY20, IF(FANCLASS=3,CJ20)) -> 85 | I20: =IF(OR(FANCLASS=1,FANCLASS=2),AZ20, IF(FANCLASS=3,CK20)) -> 3 | J20: =IF(OR(FANCLASS=1,FANCLASS=2),BA20, IF(FANCLASS=3,CL20)) -> 4 | K20: =IF(OR(FANCLASS=1,FANCLASS=2),BB20, IF(FANCLASS=3,CM20)) -> 0.313 | L20: =IF(OR(FANCLASS=1,FANCLASS=2),BC20, IF(FANCLASS=3,CN20)) -> 0.81 | M20: 0.75 | N20: =IF(AND(OR(FANCLASS=1,FANCLASS=2),OR(FANDISCHARGELOC="F",FANDISCHARGELOC="R")),BD20, IF(AND(FANCLASS=3,OR(FANDISCHARGELOC="F",FANDISCHARGELOC="R")),CO20,IF(OR(FANCLASS=1,FANCLASS=2),BE20, IF(FANCLASS=3,CP20)))) -> 48 | O20: =IF(OR(FANDISCHARGELOC="F",FANDISCHARGELOC="R",FANDISCHARGELOC="T",FANDISCHARGELOC="TI"),Y20-1.5,IF(OR(FANDISCHARGELOC="B",FANDISCHARGELOC="BI",FANDISCHARGELOC="FI",FANDISCHARGELOC="RI"),Y20-((TAN(60*PI()/180))*(W20-R20/2))-3)) -> 61.94 | P20: =IF(OR(FANDISCHARGELOC="F",FANDISCHARGELOC="R"),O20-AL20/2+I20,IF(OR(FANDISCHARGELOC="FI",FANDISCHARGELOC="RI"),O20-(AR20+0.5),IF(OR(FANDISCHARGELOC="T",FANDISCHARGELOC="TI",FANDISCHARGELOC="B",FANDISCHARGELOC="BI"),O20-(AR20+2)))) -> 31.44 | Q20: =IF(OR(FANCLASS=1,FANCLASS=2),BF20, IF(FANCLASS=3,CQ20)) -> 2 | R20: =IF(OR(FANCLASS=1,FANCLASS=2),BG20, IF(FANCLASS=3,CR20)) -> 73 | S20: =IF(OR(FANCLASS=1,FANCLASS=2),BH20, IF(FANCLASS=3,CS20)) -> 0.126 | T20: =IF(OR(FANCLASS=1,FANCLASS=2),BI20, IF(FANCLASS=3,CT20)) -> 0.097 | U20: =IF(OR(FANCLASS=1,FANCLASS=2),BJ20, IF(FANCLASS=3,CU20)) -> 36.5 | V20: =IF(OR(FANCLASS=1,FANCLASS=2),BK20, IF(FANCLASS=3,CV20)) -> 93 | W20: =IF(OR(FANCLASS=1,FANCLASS=2),BL20, IF(FANCLASS=3,CW20)) -> 51.69 | X20: =IF(OR(FANCLASS=1,FANCLASS=2),BM20, IF(FANCLASS=3,CX20)) -> 47.19 | Y20: =IF(AND(OR(FANCLASS=1,FANCLASS=2),OR(FANDISCHARGELOC="F",FANDISCHARGELOC="R")),BN20, IF(AND(FANCLASS=3,OR(FANDISCHARGELOC="F",FANDISCHARGELOC="R")),CY20,IF(OR(FANCLASS=1,FANCLASS=2),BO20, IF(FANCLASS=3,CZ20)))) -> 63.44 | Z20: =IF(FANCLASS=1,BP20,IF(FANCLASS=2,BQ20, IF(FANCLASS=3,DA20))) -> 49.63 | AA20: =IF(FANCLASS=1,BZ20,IF(FANCLASS=2,CA20, IF(FANCLASS=3,DH20))) -> 59 | AB20: =IF(OR(FANCLASS=1,FANCLASS=2),CB20, IF(FANCLASS=3,DI20)) -> 31.69 | AC20: =IF(FANCLASS=1,CC20,IF(FANCLASS=2,CD20, IF(FANCLASS=3,DJ20))) -> 3.9375 | AD20: =IF(OR(FANCLASS=1,FANCLASS=2),BS20, IF(FANCLASS=3,DC20)) -> 8 | AE20: =IF(FANCLASS=1,BT20,IF(FANCLASS=2,BU20, IF(FANCLASS=3,DD20))) -> 1 | AF20: =IF(FANCLASS=1,BV20,IF(FANCLASS=2,BW20, IF(FANCLASS=3,DE20))) -> 0.5 | AG20: n/a | AH20: =IF(OR(FANCLASS=1,FANCLASS=2),BR20, IF(FANCLASS=3,DB20)) -> 44.63 | AI20: =IF(OR(FANCLASS=1,FANCLASS=2),BX20, IF(FANCLASS=3,DF20)) -> 30.63 | AJ20: =IF(OR(FANCLASS=1,FANCLASS=2),BY20, IF(FANCLASS=3,DG20)) -> 1.88 | AK20: =U20-AI20 -> 5.87 | AL20: =R20-I20*2 -> 67 | AM20: =D20*0.78 -> 46.8 | AN20: =H20*0.65 -> 55.25 | AO20: 2 | AP20: =IF(FANCLASS=1,CE20,IF(FANCLASS=2,CF20, IF(FANCLASS=3,DK20))) -> 6 | AQ20: 0.5 | AR20: =AC20*1.5 -> 5.90625 | AS20: =AP20-0.5 -> 5.5 | AT20: =AR20+0.125 -> 6.03125 | AV20: 405T | AW20: 445T | AX20: 63.5 | AY20: =BK20-BA20*2 -> 85 | AZ20: 3 | BA20: 4 | BB20: 0.313 | BC20: 0.81 | BD20: 48 | BE20: 66.25 | BF20: 2 | BG20: 73 | BH20: 0.126 | BI20: 0.097 | BJ20: =BG20/2 -> 36.5 | BK20: 93 | BL20: 51.69 | BM20: 47.19 | BN20: 63.44 | BO20: 45.56 | BP20: 48.88 | BQ20: 49.63 | BR20: 44.63 | BS20: 8 | BT20: 0.88 | BU20: 1 | BV20: 0.44 | BW20: 0.5 | BX20: 30.63 | BY20: 1.88 | BZ20: 58.19 | CA20: 59 | CB20: 31.69 | CC20: 3.4375 | CD20: 3.9375 | CE20: =BA20+1 -> 5 | CF20: =BA20+2 -> 6 | CH20: 445T | CI20: 63.69 | CJ20: =CV20-CL20*2 -> 85.13 | CK20: 3.5 | CL20: 5 | CM20: 0.5 | CN20: 0.81 | CO20: 48 | CP20: 66.75 | CQ20: 2.5 | CR20: 74 | CS20: 0.175 | CT20: 0.175 | CU20: =CR20/2 -> 37 | CV20: 95.13 | CW20: 51.75 | CX20: 47.69 | CY20: =66-CQ20 -> 63.5 | CZ20: 45.63 | DA20: 50.44 | DB20: 45.19 | DC20: 9.5 | DD20: 1 | DE20: 0.5 | DF20: 30.13 | DG20: 2.38 | DH20: 61.31 | DI20: 31.69 | DJ20: 4.4375 | DK20: =CL20+2 -> 7
C21: 660H | D21: =LEFT(C21,3)/10 -> 66 | E21: 254T | F21: =IF(FANCLASS=1,AV21,IF(FANCLASS=2,AW21, IF(FANCLASS=3,CH21))) -> 445T | G21: =IF(OR(FANCLASS=1,FANCLASS=2),AX21, IF(FANCLASS=3,CI21)) -> 69.69 | H21: =IF(OR(FANCLASS=1,FANCLASS=2),AY21, IF(FANCLASS=3,CJ21)) -> 93.75 | I21: =IF(OR(FANCLASS=1,FANCLASS=2),AZ21, IF(FANCLASS=3,CK21)) -> 3.5 | J21: =IF(OR(FANCLASS=1,FANCLASS=2),BA21, IF(FANCLASS=3,CL21)) -> 5 | K21: =IF(OR(FANCLASS=1,FANCLASS=2),BB21, IF(FANCLASS=3,CM21)) -> 0.5 | L21: =IF(OR(FANCLASS=1,FANCLASS=2),BC21, IF(FANCLASS=3,CN21)) -> 0.81 | M21: 0.75 | N21: =IF(AND(OR(FANCLASS=1,FANCLASS=2),OR(FANDISCHARGELOC="F",FANDISCHARGELOC="R")),BD21, IF(AND(FANCLASS=3,OR(FANDISCHARGELOC="F",FANDISCHARGELOC="R")),CO21,IF(OR(FANCLASS=1,FANCLASS=2),BE21, IF(FANCLASS=3,CP21)))) -> 52.5 | O21: =IF(OR(FANDISCHARGELOC="F",FANDISCHARGELOC="R",FANDISCHARGELOC="T",FANDISCHARGELOC="TI"),Y21-1.5,IF(OR(FANDISCHARGELOC="B",FANDISCHARGELOC="BI",FANDISCHARGELOC="FI",FANDISCHARGELOC="RI"),Y21-((TAN(60*PI()/180))*(W21-R21/2))-3)) -> 68.13 | P21: =IF(OR(FANDISCHARGELOC="F",FANDISCHARGELOC="R"),O21-AL21/2+I21,IF(OR(FANDISCHARGELOC="FI",FANDISCHARGELOC="RI"),O21-(AR21+0.5),IF(OR(FANDISCHARGELOC="T",FANDISCHARGELOC="TI",FANDISCHARGELOC="B",FANDISCHARGELOC="BI"),O21-(AR21+2)))) -> 35.13 | Q21: =IF(OR(FANCLASS=1,FANCLASS=2),BF21, IF(FANCLASS=3,CQ21)) -> 2.5 | R21: =IF(OR(FANCLASS=1,FANCLASS=2),BG21, IF(FANCLASS=3,CR21)) -> 80 | S21: =IF(OR(FANCLASS=1,FANCLASS=2),BH21, IF(FANCLASS=3,CS21)) -> 0.126 | T21: =IF(OR(FANCLASS=1,FANCLASS=2),BI21, IF(FANCLASS=3,CT21)) -> 0.097 | U21: =IF(OR(FANCLASS=1,FANCLASS=2),BJ21, IF(FANCLASS=3,CU21)) -> 40 | V21: =IF(OR(FANCLASS=1,FANCLASS=2),BK21, IF(FANCLASS=3,CV21)) -> 103.75 | W21: =IF(OR(FANCLASS=1,FANCLASS=2),BL21, IF(FANCLASS=3,CW21)) -> 56.81 | X21: =IF(OR(FANCLASS=1,FANCLASS=2),BM21, IF(FANCLASS=3,CX21)) -> 51.94 | Y21: =IF(AND(OR(FANCLASS=1,FANCLASS=2),OR(FANDISCHARGELOC="F",FANDISCHARGELOC="R")),BN21, IF(AND(FANCLASS=3,OR(FANDISCHARGELOC="F",FANDISCHARGELOC="R")),CY21,IF(OR(FANCLASS=1,FANCLASS=2),BO21, IF(FANCLASS=3,CZ21)))) -> 69.63 | Z21: =IF(FANCLASS=1,BP21,IF(FANCLASS=2,BQ21, IF(FANCLASS=3,DA21))) -> 54.06 | AA21: =IF(FANCLASS=1,BZ21,IF(FANCLASS=2,CA21, IF(FANCLASS=3,DH21))) -> 63.38 | AB21: =IF(OR(FANCLASS=1,FANCLASS=2),CB21, IF(FANCLASS=3,DI21)) -> 34.75 | AC21: =IF(FANCLASS=1,CC21,IF(FANCLASS=2,CD21, IF(FANCLASS=3,DJ21))) -> 3.9375 | AD21: =IF(OR(FANCLASS=1,FANCLASS=2),BS21, IF(FANCLASS=3,DC21)) -> 8 | AE21: =IF(FANCLASS=1,BT21,IF(FANCLASS=2,BU21, IF(FANCLASS=3,DD21))) -> 1 | AF21: =IF(FANCLASS=1,BV21,IF(FANCLASS=2,BW21, IF(FANCLASS=3,DE21))) -> 0.5 | AG21: n/a | AH21: =IF(OR(FANCLASS=1,FANCLASS=2),BR21, IF(FANCLASS=3,DB21)) -> 49.5 | AI21: =IF(OR(FANCLASS=1,FANCLASS=2),BX21, IF(FANCLASS=3,DF21)) -> 33.13 | AJ21: =IF(OR(FANCLASS=1,FANCLASS=2),BY21, IF(FANCLASS=3,DG21)) -> 2.38 | AK21: =U21-AI21 -> 6.87 | AL21: =R21-I21*2 -> 73 | AM21: =D21*0.78 -> 51.48 | AN21: =H21*0.65 -> 60.9375 | AO21: 2 | AP21: =IF(FANCLASS=1,CE21,IF(FANCLASS=2,CF21, IF(FANCLASS=3,DK21))) -> 6 | AQ21: 0.5 | AR21: =AC21*1.5 -> 5.90625 | AS21: =AP21-0.5 -> 5.5 | AT21: =AR21+0.125 -> 6.03125 | AV21: 405T | AW21: 445T | AX21: 69.69 | AY21: =BK21-BA21*2 -> 93.75 | AZ21: 3.5 | BA21: 5 | BB21: 0.5 | BC21: 0.81 | BD21: 52.5 | BE21: 73.25 | BF21: 2.5 | BG21: 80 | BH21: 0.126 | BI21: 0.097 | BJ21: =BG21/2 -> 40 | BK21: 103.75 | BL21: 56.81 | BM21: 51.94 | BN21: 69.63 | BO21: 49.94 | BP21: 53.25 | BQ21: 54.06 | BR21: 49.5 | BS21: 8 | BT21: 0.88 | BU21: 1 | BV21: 0.44 | BW21: 0.5 | BX21: 33.13 | BY21: 2.38 | BZ21: 62.56 | CA21: 63.38 | CB21: 34.75 | CC21: 3.4375 | CD21: 3.9375 | CE21: =BA21+0 -> 5 | CF21: =BA21+1 -> 6 | CH21: 445T | CI21: 69.88 | CJ21: =CV21-CL21*2 -> 93.88 | CK21: 4 | CL21: 6 | CM21: 0.5 | CN21: 0.81 | CO21: 52.5 | CP21: 73.75 | CQ21: 2.5 | CR21: 80 | CS21: 0.175 | CT21: 0.175 | CU21: =CR21/2 -> 40 | CV21: 105.88 | CW21: 56.88 | CX21: 52.44 | CY21: =72.19-CQ21 -> 69.69 | CZ21: 50 | DA21: 55.12 | DB21: 50.06 | DC21: 10 | DD21: 1.25 | DE21: 0.63 | DF21: 32.63 | DG21: 2.88 | DH21: 66.63 | DI21: 34.75 | DJ21: 4.9375 | DK21: =CL21+1 -> 7
C22: 730H | D22: =LEFT(C22,3)/10 -> 73 | E22: 254T | F22: =IF(FANCLASS=1,AV22,IF(FANCLASS=2,AW22, IF(FANCLASS=3,CH22))) -> 445T | G22: =IF(OR(FANCLASS=1,FANCLASS=2),AX22, IF(FANCLASS=3,CI22)) -> 77.25 | H22: =IF(OR(FANCLASS=1,FANCLASS=2),AY22, IF(FANCLASS=3,CJ22)) -> 103.375 | I22: =IF(OR(FANCLASS=1,FANCLASS=2),AZ22, IF(FANCLASS=3,CK22)) -> 3.5 | J22: =IF(OR(FANCLASS=1,FANCLASS=2),BA22, IF(FANCLASS=3,CL22)) -> 5 | K22: =IF(OR(FANCLASS=1,FANCLASS=2),BB22, IF(FANCLASS=3,CM22)) -> 0.5 | L22: =IF(OR(FANCLASS=1,FANCLASS=2),BC22, IF(FANCLASS=3,CN22)) -> 0.81 | M22: 0.75 | N22: =IF(AND(OR(FANCLASS=1,FANCLASS=2),OR(FANDISCHARGELOC="F",FANDISCHARGELOC="R")),BD22, IF(AND(FANCLASS=3,OR(FANDISCHARGELOC="F",FANDISCHARGELOC="R")),CO22,IF(OR(FANCLASS=1,FANCLASS=2),BE22, IF(FANCLASS=3,CP22)))) -> 57 | O22: =IF(OR(FANDISCHARGELOC="F",FANDISCHARGELOC="R",FANDISCHARGELOC="T",FANDISCHARGELOC="TI"),Y22-1.5,IF(OR(FANDISCHARGELOC="B",FANDISCHARGELOC="BI",FANDISCHARGELOC="FI",FANDISCHARGELOC="RI"),Y22-((TAN(60*PI()/180))*(W22-R22/2))-3)) -> 75.63 | P22: =IF(OR(FANDISCHARGELOC="F",FANDISCHARGELOC="R"),O22-AL22/2+I22,IF(OR(FANDISCHARGELOC="FI",FANDISCHARGELOC="RI"),O22-(AR22+0.5),IF(OR(FANDISCHARGELOC="T",FANDISCHARGELOC="TI",FANDISCHARGELOC="B",FANDISCHARGELOC="BI"),O22-(AR22+2)))) -> 38.63 | Q22: =IF(OR(FANCLASS=1,FANCLASS=2),BF22, IF(FANCLASS=3,CQ22)) -> 2.5 | R22: =IF(OR(FANCLASS=1,FANCLASS=2),BG22, IF(FANCLASS=3,CR22)) -> 88 | S22: =IF(OR(FANCLASS=1,FANCLASS=2),BH22, IF(FANCLASS=3,CS22)) -> 0.126 | T22: =IF(OR(FANCLASS=1,FANCLASS=2),BI22, IF(FANCLASS=3,CT22)) -> 0.126 | U22: =IF(OR(FANCLASS=1,FANCLASS=2),BJ22, IF(FANCLASS=3,CU22)) -> 44 | V22: =IF(OR(FANCLASS=1,FANCLASS=2),BK22, IF(FANCLASS=3,CV22)) -> 113.375 | W22: =IF(OR(FANCLASS=1,FANCLASS=2),BL22, IF(FANCLASS=3,CW22)) -> 62.88 | X22: =IF(OR(FANCLASS=1,FANCLASS=2),BM22, IF(FANCLASS=3,CX22)) -> 57.5 | Y22: =IF(AND(OR(FANCLASS=1,FANCLASS=2),OR(FANDISCHARGELOC="F",FANDISCHARGELOC="R")),BN22, IF(AND(FANCLASS=3,OR(FANDISCHARGELOC="F",FANDISCHARGELOC="R")),CY22,IF(OR(FANCLASS=1,FANCLASS=2),BO22, IF(FANCLASS=3,CZ22)))) -> 77.13 | Z22: =IF(FANCLASS=1,BP22,IF(FANCLASS=2,BQ22, IF(FANCLASS=3,DA22))) -> 58.81 | AA22: =IF(FANCLASS=1,BZ22,IF(FANCLASS=2,CA22, IF(FANCLASS=3,DH22))) -> 69.19 | AB22: =IF(OR(FANCLASS=1,FANCLASS=2),CB22, IF(FANCLASS=3,DI22)) -> 38.5 | AC22: =IF(FANCLASS=1,CC22,IF(FANCLASS=2,CD22, IF(FANCLASS=3,DJ22))) -> 3.9375 | AD22: =IF(OR(FANCLASS=1,FANCLASS=2),BS22, IF(FANCLASS=3,DC22)) -> 9 | AE22: =IF(FANCLASS=1,BT22,IF(FANCLASS=2,BU22, IF(FANCLASS=3,DD22))) -> 1 | AF22: =IF(FANCLASS=1,BV22,IF(FANCLASS=2,BW22, IF(FANCLASS=3,DE22))) -> 0.5 | AG22: n/a | AH22: =IF(OR(FANCLASS=1,FANCLASS=2),BR22, IF(FANCLASS=3,DB22)) -> 54.31 | AI22: =IF(OR(FANCLASS=1,FANCLASS=2),BX22, IF(FANCLASS=3,DF22)) -> 37.13 | AJ22: =IF(OR(FANCLASS=1,FANCLASS=2),BY22, IF(FANCLASS=3,DG22)) -> 2.38 | AK22: =U22-AI22 -> 6.87 | AL22: =R22-I22*2 -> 81 | AM22: =D22*0.78 -> 56.94 | AN22: =H22*0.65 -> 67.19375 | AO22: 2 | AP22: =IF(FANCLASS=1,CE22,IF(FANCLASS=2,CF22, IF(FANCLASS=3,DK22))) -> 6 | AQ22: 0.5 | AR22: =AC22*1.5 -> 5.90625 | AS22: =AP22-0.5 -> 5.5 | AT22: =AR22+0.125 -> 6.03125 | AV22: 445T | AW22: 445T | AX22: 77.25 | AY22: =BK22-BA22*2 -> 103.375 | AZ22: 3.5 | BA22: 5 | BB22: 0.5 | BC22: 0.81 | BD22: 57 | BE22: 80.75 | BF22: 2.5 | BG22: 88 | BH22: 0.126 | BI22: 0.126 | BJ22: =BG22/2 -> 44 | BK22: 113.375 | BL22: 62.88 | BM22: 57.5 | BN22: 77.13 | BO22: 55.38 | BP22: 58.81 | BQ22: 58.81 | BR22: 54.31 | BS22: 9 | BT22: 1 | BU22: 1 | BV22: 0.5 | BW22: 0.5 | BX22: 37.13 | BY22: 2.38 | BZ22: 69.19 | CA22: 69.19 | CB22: 38.5 | CC22: 3.9375 | CD22: 3.9375 | CE22: =BA22+1 -> 6 | CF22: =BA22+1 -> 6 | CH22: 445T | CI22: 77.38 | CJ22: =CV22-CL22*2 -> 103.5 | CK22: 4 | CL22: 6 | CM22: 0.5 | CN22: 0.81 | CO22: 57 | CP22: 81.25 | CQ22: 2.5 | CR22: 88 | CS22: 0.175 | CT22: 0.175 | CU22: =CR22/2 -> 44 | CV22: 115.5 | CW22: 62.94 | CX22: 58 | CY22: =79.69-CQ22 -> 77.19 | CZ22: 55.44 | DA22: 59.94 | DB22: 54.88 | DC22: 10 | DD22: 1.25 | DE22: 0.63 | DF22: 36.63 | DG22: 2.88 | DH22: 71.44 | DI22: 38.5 | DJ22: 4.9375 | DK22: =CL22+1 -> 7
C24: Twin City BAE DWDI Fan Data (Up Discharge)
B25: TYPE A | C25: 122T | D25: =LEFT(C25,3)/10 -> 12.2 | E25: 143T | F25: =IF(FANCLASS=1,AV25,IF(FANCLASS=2,AW25, IF(FANCLASS=3,CH25))) -> 254T | G25: =IF(OR(FANCLASS=1,FANCLASS=2),AX25, IF(FANCLASS=3,CI25)) -> 13 | H25: =IF(OR(FANCLASS=1,FANCLASS=2),AY25, IF(FANCLASS=3,CJ25)) -> 17.5 | I25: =IF(OR(FANCLASS=1,FANCLASS=2),AZ25, IF(FANCLASS=3,CK25)) -> 1.5 | J25: =IF(OR(FANCLASS=1,FANCLASS=2),BA25, IF(FANCLASS=3,CL25)) -> 1.5 | K25: =IF(OR(FANCLASS=1,FANCLASS=2),BB25, IF(FANCLASS=3,CM25)) -> 0.188 | L25: =IF(OR(FANCLASS=1,FANCLASS=2),BC25, IF(FANCLASS=3,CN25)) -> 0.44 | M25: 0.375 | N25: =IF(OR(FANCLASS=1,FANCLASS=2),BD25, IF(FANCLASS=3,CO25)) -> 11.5 | O25: =IF(OR(FANDISCHARGELOC="F",FANDISCHARGELOC="R",FANDISCHARGELOC="T",FANDISCHARGELOC="TI"),Y25-1.5,IF(OR(FANDISCHARGELOC="B",FANDISCHARGELOC="BI",FANDISCHARGELOC="FI",FANDISCHARGELOC="RI"),Y25-((TAN(60*PI()/180))*(W25-R25/2))-3)) -> 7.75 | P25: =IF(OR(FANDISCHARGELOC="F",FANDISCHARGELOC="R"),O25-AL25/2+I25,IF(OR(FANDISCHARGELOC="FI",FANDISCHARGELOC="RI"),O25-(AR25+0.5),IF(OR(FANDISCHARGELOC="T",FANDISCHARGELOC="TI",FANDISCHARGELOC="B",FANDISCHARGELOC="BI"),O25-(AR25+2)))) -> 0.875 | Q25: =IF(OR(FANCLASS=1,FANCLASS=2),BF25, IF(FANCLASS=3,CQ25)) -> 1 | R25: =IF(OR(FANCLASS=1,FANCLASS=2),BG25, IF(FANCLASS=3,CR25)) -> 19.75 | S25: =IF(OR(FANCLASS=1,FANCLASS=2),BH25, IF(FANCLASS=3,CS25)) -> 0.07 | T25: =IF(OR(FANCLASS=1,FANCLASS=2),BI25, IF(FANCLASS=3,CT25)) -> 0.07 | U25: =IF(OR(FANCLASS=1,FANCLASS=2),BJ25, IF(FANCLASS=3,CU25)) -> 9.875 | V25: =IF(OR(FANCLASS=1,FANCLASS=2),BK25, IF(FANCLASS=3,CV25)) -> 20.5 | W25: =IF(OR(FANCLASS=1,FANCLASS=2),BL25, IF(FANCLASS=3,CW25)) -> 9.31 | X25: =IF(OR(FANCLASS=1,FANCLASS=2),BM25, IF(FANCLASS=3,CX25)) -> 12.94 | Y25: =IF(OR(FANCLASS=1,FANCLASS=2),BN25, IF(FANCLASS=3,CY25)) -> 9.25 | Z25: =IF(FANCLASS=1,BP25,IF(FANCLASS=2,BQ25, IF(FANCLASS=3,DA25))) -> 12.38 | AA25: =IF(FANCLASS=1,BZ25,IF(FANCLASS=2,CA25, IF(FANCLASS=3,DH25))) -> 16.25 | AB25: =IF(OR(FANCLASS=1,FANCLASS=2),CB25, IF(FANCLASS=3,DI25)) -> 6.44 | AC25: =IF(FANCLASS=1,CC25,IF(FANCLASS=2,CD25, IF(FANCLASS=3,DJ25))) -> 1.4375 | AD25: =IF(OR(FANCLASS=1,FANCLASS=2),BS25, IF(FANCLASS=3,DC25)) -> 3 | AE25: =IF(FANCLASS=1,BT25,IF(FANCLASS=2,BU25, IF(FANCLASS=3,DD25))) -> 0.38 | AF25: =IF(FANCLASS=1,BV25,IF(FANCLASS=2,BW25, IF(FANCLASS=3,DE25))) -> 0.19 | AG25: n/a | AH25: =IF(OR(FANCLASS=1,FANCLASS=2),BR25, IF(FANCLASS=3,DB25)) -> 9.63 | AI25: =IF(OR(FANCLASS=1,FANCLASS=2),BX25, IF(FANCLASS=3,DF25)) -> 6.75 | AJ25: =IF(OR(FANCLASS=1,FANCLASS=2),BY25, IF(FANCLASS=3,DG25)) -> 0.63 | AK25: =U25-AI25 -> 3.125 | AL25: =R25-I25*2 -> 16.75 | AM25: =D25*0.78 -> 9.516 | AN25: =H25*0.65 -> 11.375 | AO25: =1.25 -> 1.25 | AP25: =IF(FANCLASS=1,CE25,IF(FANCLASS=2,CF25, IF(FANCLASS=3,DK25))) -> 2.5 | AQ25: 0.375 | AR25: =AC25*1.5 -> 2.15625 | AS25: =AP25-0.5 -> 2 | AT25: =AR25+0.125 -> 2.28125 | AV25: 213T | AW25: 254T | AX25: 13 | AY25: =BK25-BA25*2 -> 17.5 | AZ25: 1.5 | BA25: 1.5 | BB25: 0.188 | BC25: 0.44 | BD25: 11.5 | BE25: n/a | BF25: 1 | BG25: 19.75 | BH25: 0.07 | BI25: 0.07 | BJ25: =BG25/2 -> 9.875 | BK25: 20.5 | BL25: 9.31 | BM25: 12.94 | BN25: 9.25 | BO25: n/a | BP25: 11.44 | BQ25: 12.38 | BR25: 9.63 | BS25: 3 | BT25: 0.25 | BU25: 0.38 | BV25: 0.13 | BW25: 0.19 | BX25: 6.75 | BY25: 0.63 | BZ25: 15.25 | CA25: 16.25 | CB25: 6.44 | CC25: 1.1875 | CD25: 1.4375 | CE25: =BA25+1 -> 2.5 | CF25: =BA25+1 -> 2.5 | CH25: 254T | CI25: 13.13 | CJ25: =CV25-CL25*2 -> 17.63 | CK25: 1.5 | CL25: 2 | CM25: 0.188 | CN25: 0.44 | CO25: 11.5 | CP25: n/a | CQ25: 1.25 | CR25: 19.75 | CS25: 0.126 | CT25: 0.126 | CU25: =CR25/2 -> 9.875 | CV25: 21.63 | CW25: 9.38 | CX25: =14.25-CQ25 -> 13 | CY25: 9.75 | CZ25: n/a | DA25: 12.56 | DB25: 9.94 | DC25: 3.5 | DD25: 0.5 | DE25: 0.25 | DF25: 6.5 | DG25: 0.88 | DH25: 17.06 | DI25: 6.44 | DJ25: 1.9375 | DK25: =CL25+1 -> 3
C26: 135T | D26: =LEFT(C26,3)/10 -> 13.5 | E26: 143T | F26: =IF(FANCLASS=1,AV26,IF(FANCLASS=2,AW26, IF(FANCLASS=3,CH26))) -> 254T | G26: =IF(OR(FANCLASS=1,FANCLASS=2),AX26, IF(FANCLASS=3,CI26)) -> 14.31 | H26: =IF(OR(FANCLASS=1,FANCLASS=2),AY26, IF(FANCLASS=3,CJ26)) -> 19.5 | I26: =IF(OR(FANCLASS=1,FANCLASS=2),AZ26, IF(FANCLASS=3,CK26)) -> 1.5 | J26: =IF(OR(FANCLASS=1,FANCLASS=2),BA26, IF(FANCLASS=3,CL26)) -> 1.5 | K26: =IF(OR(FANCLASS=1,FANCLASS=2),BB26, IF(FANCLASS=3,CM26)) -> 0.188 | L26: =IF(OR(FANCLASS=1,FANCLASS=2),BC26, IF(FANCLASS=3,CN26)) -> 0.44 | M26: 0.375 | N26: =IF(OR(FANCLASS=1,FANCLASS=2),BD26, IF(FANCLASS=3,CO26)) -> 12.75 | O26: =IF(OR(FANDISCHARGELOC="F",FANDISCHARGELOC="R",FANDISCHARGELOC="T",FANDISCHARGELOC="TI"),Y26-1.5,IF(OR(FANDISCHARGELOC="B",FANDISCHARGELOC="BI",FANDISCHARGELOC="FI",FANDISCHARGELOC="RI"),Y26-((TAN(60*PI()/180))*(W26-R26/2))-3)) -> 8.75 | P26: =IF(OR(FANDISCHARGELOC="F",FANDISCHARGELOC="R"),O26-AL26/2+I26,IF(OR(FANDISCHARGELOC="FI",FANDISCHARGELOC="RI"),O26-(AR26+0.5),IF(OR(FANDISCHARGELOC="T",FANDISCHARGELOC="TI",FANDISCHARGELOC="B",FANDISCHARGELOC="BI"),O26-(AR26+2)))) -> 1.25 | Q26: =IF(OR(FANCLASS=1,FANCLASS=2),BF26, IF(FANCLASS=3,CQ26)) -> 1 | R26: =IF(OR(FANCLASS=1,FANCLASS=2),BG26, IF(FANCLASS=3,CR26)) -> 21 | S26: =IF(OR(FANCLASS=1,FANCLASS=2),BH26, IF(FANCLASS=3,CS26)) -> 0.07 | T26: =IF(OR(FANCLASS=1,FANCLASS=2),BI26, IF(FANCLASS=3,CT26)) -> 0.07 | U26: =IF(OR(FANCLASS=1,FANCLASS=2),BJ26, IF(FANCLASS=3,CU26)) -> 10.5 | V26: =IF(OR(FANCLASS=1,FANCLASS=2),BK26, IF(FANCLASS=3,CV26)) -> 22.5 | W26: =IF(OR(FANCLASS=1,FANCLASS=2),BL26, IF(FANCLASS=3,CW26)) -> 10.25 | X26: =IF(OR(FANCLASS=1,FANCLASS=2),BM26, IF(FANCLASS=3,CX26)) -> 14.25 | Y26: =IF(OR(FANCLASS=1,FANCLASS=2),BN26, IF(FANCLASS=3,CY26)) -> 10.25 | Z26: =IF(FANCLASS=1,BP26,IF(FANCLASS=2,BQ26, IF(FANCLASS=3,DA26))) -> 13.38 | AA26: =IF(FANCLASS=1,BZ26,IF(FANCLASS=2,CA26, IF(FANCLASS=3,DH26))) -> 17.25 | AB26: =IF(OR(FANCLASS=1,FANCLASS=2),CB26, IF(FANCLASS=3,DI26)) -> 7.13 | AC26: =IF(FANCLASS=1,CC26,IF(FANCLASS=2,CD26, IF(FANCLASS=3,DJ26))) -> 1.6875 | AD26: =IF(OR(FANCLASS=1,FANCLASS=2),BS26, IF(FANCLASS=3,DC26)) -> 3 | AE26: =IF(FANCLASS=1,BT26,IF(FANCLASS=2,BU26, IF(FANCLASS=3,DD26))) -> 3.8 | AF26: =IF(FANCLASS=1,BV26,IF(FANCLASS=2,BW26, IF(FANCLASS=3,DE26))) -> 0.19 | AG26: n/a | AH26: =IF(OR(FANCLASS=1,FANCLASS=2),BR26, IF(FANCLASS=3,DB26)) -> 10.63 | AI26: =IF(OR(FANCLASS=1,FANCLASS=2),BX26, IF(FANCLASS=3,DF26)) -> 7.38 | AJ26: =IF(OR(FANCLASS=1,FANCLASS=2),BY26, IF(FANCLASS=3,DG26)) -> 0.63 | AK26: =U26-AI26 -> 3.12 | AL26: =R26-I26*2 -> 18 | AM26: =D26*0.78 -> 10.53 | AN26: =H26*0.65 -> 12.675 | AO26: 1.25 | AP26: =IF(FANCLASS=1,CE26,IF(FANCLASS=2,CF26, IF(FANCLASS=3,DK26))) -> 2.5 | AQ26: 0.375 | AR26: =AC26*1.5 -> 2.53125 | AS26: =AP26-0.5 -> 2 | AT26: =AR26+0.125 -> 2.65625 | AV26: 213T | AW26: 254T | AX26: 14.31 | AY26: =BK26-BA26*2 -> 19.5 | AZ26: 1.5 | BA26: 1.5 | BB26: 0.188 | BC26: 0.44 | BD26: 12.75 | BE26: n/a | BF26: 1 | BG26: 21 | BH26: 0.07 | BI26: 0.07 | BJ26: =BG26/2 -> 10.5 | BK26: 22.5 | BL26: 10.25 | BM26: 14.25 | BN26: 10.25 | BO26: n/a | BP26: 12.44 | BQ26: 13.38 | BR26: 10.63 | BS26: 3 | BT26: 0.25 | BU26: 3.8 | BV26: 0.13 | BW26: 0.19 | BX26: 7.38 | BY26: 0.63 | BZ26: 16.25 | CA26: 17.25 | CB26: 7.13 | CC26: 1.1875 | CD26: 1.6875 | CE26: =BA26+1 -> 2.5 | CF26: =BA26+1 -> 2.5 | CH26: 254T | CI26: 14.44 | CJ26: =CV26-CL26*2 -> 19.63 | CK26: 1.5 | CL26: 2 | CM26: 0.188 | CN26: 0.44 | CO26: 12.75 | CP26: n/a | CQ26: 1.25 | CR26: 21 | CS26: 0.126 | CT26: 0.126 | CU26: =CR26/2 -> 10.5 | CV26: 23.63 | CW26: 10.31 | CX26: =15.56-CQ26 -> 14.31 | CY26: 10.75 | CZ26: n/a | DA26: 13.56 | DB26: 10.94 | DC26: 4 | DD26: 0.5 | DE26: 0.25 | DF26: 7.13 | DG26: 0.88 | DH26: 18.56 | DI26: 7.13 | DJ26: 1.9375 | DK26: =CL26+1 -> 3
C27: 150T | D27: =LEFT(C27,3)/10 -> 15 | E27: 143T | F27: =IF(FANCLASS=1,AV27,IF(FANCLASS=2,AW27, IF(FANCLASS=3,CH27))) -> 256T | G27: =IF(OR(FANCLASS=1,FANCLASS=2),AX27, IF(FANCLASS=3,CI27)) -> 15.88 | H27: =IF(OR(FANCLASS=1,FANCLASS=2),AY27, IF(FANCLASS=3,CJ27)) -> 21.5 | I27: =IF(OR(FANCLASS=1,FANCLASS=2),AZ27, IF(FANCLASS=3,CK27)) -> 1.5 | J27: =IF(OR(FANCLASS=1,FANCLASS=2),BA27, IF(FANCLASS=3,CL27)) -> 1.5 | K27: =IF(OR(FANCLASS=1,FANCLASS=2),BB27, IF(FANCLASS=3,CM27)) -> 0.188 | L27: =IF(OR(FANCLASS=1,FANCLASS=2),BC27, IF(FANCLASS=3,CN27)) -> 0.44 | M27: 0.375 | N27: =IF(OR(FANCLASS=1,FANCLASS=2),BD27, IF(FANCLASS=3,CO27)) -> 14 | O27: =IF(OR(FANDISCHARGELOC="F",FANDISCHARGELOC="R",FANDISCHARGELOC="T",FANDISCHARGELOC="TI"),Y27-1.5,IF(OR(FANDISCHARGELOC="B",FANDISCHARGELOC="BI",FANDISCHARGELOC="FI",FANDISCHARGELOC="RI"),Y27-((TAN(60*PI()/180))*(W27-R27/2))-3)) -> 9.94 | P27: =IF(OR(FANDISCHARGELOC="F",FANDISCHARGELOC="R"),O27-AL27/2+I27,IF(OR(FANDISCHARGELOC="FI",FANDISCHARGELOC="RI"),O27-(AR27+0.5),IF(OR(FANDISCHARGELOC="T",FANDISCHARGELOC="TI",FANDISCHARGELOC="B",FANDISCHARGELOC="BI"),O27-(AR27+2)))) -> 1.565 | Q27: =IF(OR(FANCLASS=1,FANCLASS=2),BF27, IF(FANCLASS=3,CQ27)) -> 1 | R27: =IF(OR(FANCLASS=1,FANCLASS=2),BG27, IF(FANCLASS=3,CR27)) -> 22.75 | S27: =IF(OR(FANCLASS=1,FANCLASS=2),BH27, IF(FANCLASS=3,CS27)) -> 0.07 | T27: =IF(OR(FANCLASS=1,FANCLASS=2),BI27, IF(FANCLASS=3,CT27)) -> 0.07 | U27: =IF(OR(FANCLASS=1,FANCLASS=2),BJ27, IF(FANCLASS=3,CU27)) -> 11.375 | V27: =IF(OR(FANCLASS=1,FANCLASS=2),BK27, IF(FANCLASS=3,CV27)) -> 24.5 | W27: =IF(OR(FANCLASS=1,FANCLASS=2),BL27, IF(FANCLASS=3,CW27)) -> 11.38 | X27: =IF(OR(FANCLASS=1,FANCLASS=2),BM27, IF(FANCLASS=3,CX27)) -> 15.81 | Y27: =IF(OR(FANCLASS=1,FANCLASS=2),BN27, IF(FANCLASS=3,CY27)) -> 11.44 | Z27: =IF(FANCLASS=1,BP27,IF(FANCLASS=2,BQ27, IF(FANCLASS=3,DA27))) -> 14.38 | AA27: =IF(FANCLASS=1,BZ27,IF(FANCLASS=2,CA27, IF(FANCLASS=3,DH27))) -> 18.75 | AB27: =IF(OR(FANCLASS=1,FANCLASS=2),CB27, IF(FANCLASS=3,DI27)) -> 7.88 | AC27: =IF(FANCLASS=1,CC27,IF(FANCLASS=2,CD27, IF(FANCLASS=3,DJ27))) -> 1.6875 | AD27: =IF(OR(FANCLASS=1,FANCLASS=2),BS27, IF(FANCLASS=3,DC27)) -> 3.5 | AE27: =IF(FANCLASS=1,BT27,IF(FANCLASS=2,BU27, IF(FANCLASS=3,DD27))) -> 0.38 | AF27: =IF(FANCLASS=1,BV27,IF(FANCLASS=2,BW27, IF(FANCLASS=3,DE27))) -> 0.19 | AG27: n/a | AH27: =IF(OR(FANCLASS=1,FANCLASS=2),BR27, IF(FANCLASS=3,DB27)) -> 11.63 | AI27: =IF(OR(FANCLASS=1,FANCLASS=2),BX27, IF(FANCLASS=3,DF27)) -> 8.25 | AJ27: =IF(OR(FANCLASS=1,FANCLASS=2),BY27, IF(FANCLASS=3,DG27)) -> 0.63 | AK27: =U27-AI27 -> 3.125 | AL27: =R27-I27*2 -> 19.75 | AM27: =D27*0.78 -> 11.7 | AN27: =H27*0.65 -> 13.975 | AO27: 1.25 | AP27: =IF(FANCLASS=1,CE27,IF(FANCLASS=2,CF27, IF(FANCLASS=3,DK27))) -> 2.5 | AQ27: 0.375 | AR27: =AC27*1.5 -> 2.53125 | AS27: =AP27-0.5 -> 2 | AT27: =AR27+0.125 -> 2.65625 | AV27: 215T | AW27: 256T | AX27: 15.88 | AY27: =BK27-BA27*2 -> 21.5 | AZ27: 1.5 | BA27: 1.5 | BB27: 0.188 | BC27: 0.44 | BD27: 14 | BE27: n/a | BF27: 1 | BG27: 22.75 | BH27: 0.07 | BI27: 0.07 | BJ27: =BG27/2 -> 11.375 | BK27: 24.5 | BL27: 11.38 | BM27: 15.81 | BN27: 11.44 | BO27: n/a | BP27: 14.38 | BQ27: 14.38 | BR27: 11.63 | BS27: 3.5 | BT27: 0.38 | BU27: 0.38 | BV27: 0.19 | BW27: 0.19 | BX27: 8.25 | BY27: 0.63 | BZ27: 18.75 | CA27: 18.75 | CB27: 7.88 | CC27: 1.4375 | CD27: 1.6875 | CE27: =BA27+1 -> 2.5 | CF27: =BA27+1 -> 2.5 | CH27: 256T | CI27: 16 | CJ27: =CV27-CL27*2 -> 21.63 | CK27: 1.5 | CL27: 2 | CM27: 0.188 | CN27: 0.44 | CO27: 14 | CP27: n/a | CQ27: 1.25 | CR27: 22.75 | CS27: 0.126 | CT27: 0.126 | CU27: =CR27/2 -> 11.375 | CV27: 25.63 | CW27: 11.44 | CX27: =17.13-CQ27 -> 15.88 | CY27: 11.94 | CZ27: n/a | DA27: 15.13 | DB27: 11.94 | DC27: 4 | DD27: 0.5 | DE27: 0.25 | DF27: 8 | DG27: 0.88 | DH27: 20.13 | DI27: 7.88 | DJ27: 2.1875 | DK27: =CL27+1.5 -> 3.5
C28: 165T | D28: =LEFT(C28,3)/10 -> 16.5 | E28: 143T | F28: =IF(FANCLASS=1,AV28,IF(FANCLASS=2,AW28, IF(FANCLASS=3,CH28))) -> 256T | G28: =IF(OR(FANCLASS=1,FANCLASS=2),AX28, IF(FANCLASS=3,CI28)) -> 17.44 | H28: =IF(OR(FANCLASS=1,FANCLASS=2),AY28, IF(FANCLASS=3,CJ28)) -> 23.625 | I28: =IF(OR(FANCLASS=1,FANCLASS=2),AZ28, IF(FANCLASS=3,CK28)) -> 1.5 | J28: =IF(OR(FANCLASS=1,FANCLASS=2),BA28, IF(FANCLASS=3,CL28)) -> 2 | K28: =IF(OR(FANCLASS=1,FANCLASS=2),BB28, IF(FANCLASS=3,CM28)) -> 0.188 | L28: =IF(OR(FANCLASS=1,FANCLASS=2),BC28, IF(FANCLASS=3,CN28)) -> 0.44 | M28: 0.375 | N28: =IF(OR(FANCLASS=1,FANCLASS=2),BD28, IF(FANCLASS=3,CO28)) -> 15.25 | O28: =IF(OR(FANDISCHARGELOC="F",FANDISCHARGELOC="R",FANDISCHARGELOC="T",FANDISCHARGELOC="TI"),Y28-1.5,IF(OR(FANDISCHARGELOC="B",FANDISCHARGELOC="BI",FANDISCHARGELOC="FI",FANDISCHARGELOC="RI"),Y28-((TAN(60*PI()/180))*(W28-R28/2))-3)) -> 11.13 | P28: =IF(OR(FANDISCHARGELOC="F",FANDISCHARGELOC="R"),O28-AL28/2+I28,IF(OR(FANDISCHARGELOC="FI",FANDISCHARGELOC="RI"),O28-(AR28+0.5),IF(OR(FANDISCHARGELOC="T",FANDISCHARGELOC="TI",FANDISCHARGELOC="B",FANDISCHARGELOC="BI"),O28-(AR28+2)))) -> 2.005 | Q28: =IF(OR(FANCLASS=1,FANCLASS=2),BF28, IF(FANCLASS=3,CQ28)) -> 1 | R28: =IF(OR(FANCLASS=1,FANCLASS=2),BG28, IF(FANCLASS=3,CR28)) -> 24.25 | S28: =IF(OR(FANCLASS=1,FANCLASS=2),BH28, IF(FANCLASS=3,CS28)) -> 0.07 | T28: =IF(OR(FANCLASS=1,FANCLASS=2),BI28, IF(FANCLASS=3,CT28)) -> 0.07 | U28: =IF(OR(FANCLASS=1,FANCLASS=2),BJ28, IF(FANCLASS=3,CU28)) -> 12.125 | V28: =IF(OR(FANCLASS=1,FANCLASS=2),BK28, IF(FANCLASS=3,CV28)) -> 27.625 | W28: =IF(OR(FANCLASS=1,FANCLASS=2),BL28, IF(FANCLASS=3,CW28)) -> 12.5 | X28: =IF(OR(FANCLASS=1,FANCLASS=2),BM28, IF(FANCLASS=3,CX28)) -> 17.38 | Y28: =IF(OR(FANCLASS=1,FANCLASS=2),BN28, IF(FANCLASS=3,CY28)) -> 12.63 | Z28: =IF(FANCLASS=1,BP28,IF(FANCLASS=2,BQ28, IF(FANCLASS=3,DA28))) -> 15.56 | AA28: =IF(FANCLASS=1,BZ28,IF(FANCLASS=2,CA28, IF(FANCLASS=3,DH28))) -> 20.06 | AB28: =IF(OR(FANCLASS=1,FANCLASS=2),CB28, IF(FANCLASS=3,DI28)) -> 8.69 | AC28: =IF(FANCLASS=1,CC28,IF(FANCLASS=2,CD28, IF(FANCLASS=3,DJ28))) -> 1.9375 | AD28: =IF(OR(FANCLASS=1,FANCLASS=2),BS28, IF(FANCLASS=3,DC28)) -> 3.5 | AE28: =IF(FANCLASS=1,BT28,IF(FANCLASS=2,BU28, IF(FANCLASS=3,DD28))) -> 0.5 | AF28: =IF(FANCLASS=1,BV28,IF(FANCLASS=2,BW28, IF(FANCLASS=3,DE28))) -> 0.25 | AG28: n/a | AH28: =IF(OR(FANCLASS=1,FANCLASS=2),BR28, IF(FANCLASS=3,DB28)) -> 12.94 | AI28: =IF(OR(FANCLASS=1,FANCLASS=2),BX28, IF(FANCLASS=3,DF28)) -> 8.75 | AJ28: =IF(OR(FANCLASS=1,FANCLASS=2),BY28, IF(FANCLASS=3,DG28)) -> 0.88 | AK28: =U28-AI28 -> 3.375 | AL28: =R28-I28*2 -> 21.25 | AM28: =D28*0.78 -> 12.87 | AN28: =H28*0.65 -> 15.35625 | AO28: 1.25 | AP28: =IF(FANCLASS=1,CE28,IF(FANCLASS=2,CF28, IF(FANCLASS=3,DK28))) -> 3 | AQ28: 0.375 | AR28: =AC28*1.5 -> 2.90625 | AS28: =AP28-0.5 -> 2.5 | AT28: =AR28+0.125 -> 3.03125 | AV28: 215T | AW28: 256T | AX28: 17.44 | AY28: =BK28-BA28*2 -> 23.625 | AZ28: 1.5 | BA28: 2 | BB28: 0.188 | BC28: 0.44 | BD28: 15.25 | BE28: n/a | BF28: 1 | BG28: 24.25 | BH28: 0.07 | BI28: 0.07 | BJ28: =BG28/2 -> 12.125 | BK28: 27.625 | BL28: 12.5 | BM28: 17.38 | BN28: 12.63 | BO28: n/a | BP28: 15.44 | BQ28: 15.56 | BR28: 12.94 | BS28: 3.5 | BT28: 0.38 | BU28: 0.5 | BV28: 0.19 | BW28: 0.25 | BX28: 8.75 | BY28: 0.88 | BZ28: 19.81 | CA28: 20.06 | CB28: 8.69 | CC28: 1.4375 | CD28: 1.9375 | CE28: =BA28+0.5 -> 2.5 | CF28: =BA28+1 -> 3 | CH28: 256T | CI28: 17.56 | CJ28: =CV28-CL28*2 -> 23.75 | CK28: 1.5 | CL28: 2 | CM28: 0.188 | CN28: 0.44 | CO28: 15.25 | CP28: n/a | CQ28: 1.25 | CR28: 24.25 | CS28: 0.126 | CT28: 0.126 | CU28: =CR28/2 -> 12.125 | CV28: 27.75 | CW28: 12.56 | CX28: =18.69-CQ28 -> 17.44 | CY28: 13.13 | CZ28: n/a | DA28: 16.19 | DB28: 13 | DC28: 4.5 | DD28: 0.5 | DE28: 0.25 | DF28: 8.75 | DG28: 0.88 | DH28: 21.69 | DI28: 8.69 | DJ28: 2.1875 | DK28: =CL28+1.5 -> 3.5
C29: 182T | D29: =LEFT(C29,3)/10 -> 18.2 | E29: 145T | F29: =IF(FANCLASS=1,AV29,IF(FANCLASS=2,AW29, IF(FANCLASS=3,CH29))) -> 284T | G29: =IF(OR(FANCLASS=1,FANCLASS=2),AX29, IF(FANCLASS=3,CI29)) -> 19.38 | H29: =IF(OR(FANCLASS=1,FANCLASS=2),AY29, IF(FANCLASS=3,CJ29)) -> 26 | I29: =IF(OR(FANCLASS=1,FANCLASS=2),AZ29, IF(FANCLASS=3,CK29)) -> 1.5 | J29: =IF(OR(FANCLASS=1,FANCLASS=2),BA29, IF(FANCLASS=3,CL29)) -> 2 | K29: =IF(OR(FANCLASS=1,FANCLASS=2),BB29, IF(FANCLASS=3,CM29)) -> 0.188 | L29: =IF(OR(FANCLASS=1,FANCLASS=2),BC29, IF(FANCLASS=3,CN29)) -> 0.44 | M29: 0.375 | N29: =IF(OR(FANCLASS=1,FANCLASS=2),BD29, IF(FANCLASS=3,CO29)) -> 16.75 | O29: =IF(OR(FANDISCHARGELOC="F",FANDISCHARGELOC="R",FANDISCHARGELOC="T",FANDISCHARGELOC="TI"),Y29-1.5,IF(OR(FANDISCHARGELOC="B",FANDISCHARGELOC="BI",FANDISCHARGELOC="FI",FANDISCHARGELOC="RI"),Y29-((TAN(60*PI()/180))*(W29-R29/2))-3)) -> 12.5 | P29: =IF(OR(FANDISCHARGELOC="F",FANDISCHARGELOC="R"),O29-AL29/2+I29,IF(OR(FANDISCHARGELOC="FI",FANDISCHARGELOC="RI"),O29-(AR29+0.5),IF(OR(FANDISCHARGELOC="T",FANDISCHARGELOC="TI",FANDISCHARGELOC="B",FANDISCHARGELOC="BI"),O29-(AR29+2)))) -> 2.5 | Q29: =IF(OR(FANCLASS=1,FANCLASS=2),BF29, IF(FANCLASS=3,CQ29)) -> 1.25 | R29: =IF(OR(FANCLASS=1,FANCLASS=2),BG29, IF(FANCLASS=3,CR29)) -> 26 | S29: =IF(OR(FANCLASS=1,FANCLASS=2),BH29, IF(FANCLASS=3,CS29)) -> 0.097 | T29: =IF(OR(FANCLASS=1,FANCLASS=2),BI29, IF(FANCLASS=3,CT29)) -> 0.07 | U29: =IF(OR(FANCLASS=1,FANCLASS=2),BJ29, IF(FANCLASS=3,CU29)) -> 13 | V29: =IF(OR(FANCLASS=1,FANCLASS=2),BK29, IF(FANCLASS=3,CV29)) -> 30 | W29: =IF(OR(FANCLASS=1,FANCLASS=2),BL29, IF(FANCLASS=3,CW29)) -> 13.81 | X29: =IF(OR(FANCLASS=1,FANCLASS=2),BM29, IF(FANCLASS=3,CX29)) -> 19.31 | Y29: =IF(OR(FANCLASS=1,FANCLASS=2),BN29, IF(FANCLASS=3,CY29)) -> 14 | Z29: =IF(FANCLASS=1,BP29,IF(FANCLASS=2,BQ29, IF(FANCLASS=3,DA29))) -> 16.75 | AA29: =IF(FANCLASS=1,BZ29,IF(FANCLASS=2,CA29, IF(FANCLASS=3,DH29))) -> 21.75 | AB29: =IF(OR(FANCLASS=1,FANCLASS=2),CB29, IF(FANCLASS=3,DI29)) -> 9.63 | AC29: =IF(FANCLASS=1,CC29,IF(FANCLASS=2,CD29, IF(FANCLASS=3,DJ29))) -> 1.9375 | AD29: =IF(OR(FANCLASS=1,FANCLASS=2),BS29, IF(FANCLASS=3,DC29)) -> 4 | AE29: =IF(FANCLASS=1,BT29,IF(FANCLASS=2,BU29, IF(FANCLASS=3,DD29))) -> 0.5 | AF29: =IF(FANCLASS=1,BV29,IF(FANCLASS=2,BW29, IF(FANCLASS=3,DE29))) -> 0.25 | AG29: n/a | AH29: =IF(OR(FANCLASS=1,FANCLASS=2),BR29, IF(FANCLASS=3,DB29)) -> 14.13 | AI29: =IF(OR(FANCLASS=1,FANCLASS=2),BX29, IF(FANCLASS=3,DF29)) -> 9.63 | AJ29: =IF(OR(FANCLASS=1,FANCLASS=2),BY29, IF(FANCLASS=3,DG29)) -> 0.88 | AK29: =U29-AI29 -> 3.37 | AL29: =R29-I29*2 -> 23 | AM29: =D29*0.78 -> 14.196 | AN29: =H29*0.65 -> 16.9 | AO29: 1.25 | AP29: =IF(FANCLASS=1,CE29,IF(FANCLASS=2,CF29, IF(FANCLASS=3,DK29))) -> 3 | AQ29: 0.375 | AR29: =AC29*1.5 -> 2.90625 | AS29: =AP29-0.5 -> 2.5 | AT29: =AR29+0.125 -> 3.03125 | AV29: 254T | AW29: 284T | AX29: 19.38 | AY29: =BK29-BA29*2 -> 26 | AZ29: 1.5 | BA29: 2 | BB29: 0.188 | BC29: 0.44 | BD29: 16.75 | BE29: n/a | BF29: 1.25 | BG29: 26 | BH29: 0.097 | BI29: 0.07 | BJ29: =BG29/2 -> 13 | BK29: 30 | BL29: 13.81 | BM29: 19.31 | BN29: 14 | BO29: n/a | BP29: 16.63 | BQ29: 16.75 | BR29: 14.13 | BS29: 4 | BT29: 0.38 | BU29: 0.5 | BV29: 0.19 | BW29: 0.25 | BX29: 9.63 | BY29: 0.88 | BZ29: 21.5 | CA29: 21.75 | CB29: 9.63 | CC29: 1.6875 | CD29: 1.9375 | CE29: =BA29+0.5 -> 2.5 | CF29: =BA29+1 -> 3 | CH29: 284T | CI29: 19.5 | CJ29: =CV29-CL29*2 -> 26.13 | CK29: 2 | CL29: 2 | CM29: 0.25 | CN29: 0.56 | CO29: 16.75 | CP29: n/a | CQ29: 1.25 | CR29: 27 | CS29: 0.126 | CT29: 0.126 | CU29: =CR29/2 -> 13.5 | CV29: 30.13 | CW29: 13.88 | CX29: =20.63-CQ29 -> 19.38 | CY29: 14.5 | CZ29: n/a | DA29: 17.38 | DB29: 14.19 | DC29: 4.5 | DD29: 0.5 | DE29: 0.25 | DF29: 9.63 | DG29: 0.88 | DH29: 22.88 | DI29: 9.63 | DJ29: 2.1875 | DK29: =CL29+1.5 -> 3.5
C30: 200T | D30: =LEFT(C30,3)/10 -> 20 | E30: 145T | F30: =IF(FANCLASS=1,AV30,IF(FANCLASS=2,AW30, IF(FANCLASS=3,CH30))) -> 286T | G30: =IF(OR(FANCLASS=1,FANCLASS=2),AX30, IF(FANCLASS=3,CI30)) -> 21.19 | H30: =IF(OR(FANCLASS=1,FANCLASS=2),AY30, IF(FANCLASS=3,CJ30)) -> 28.5 | I30: =IF(OR(FANCLASS=1,FANCLASS=2),AZ30, IF(FANCLASS=3,CK30)) -> 1.5 | J30: =IF(OR(FANCLASS=1,FANCLASS=2),BA30, IF(FANCLASS=3,CL30)) -> 2 | K30: =IF(OR(FANCLASS=1,FANCLASS=2),BB30, IF(FANCLASS=3,CM30)) -> 0.188 | L30: =IF(OR(FANCLASS=1,FANCLASS=2),BC30, IF(FANCLASS=3,CN30)) -> 0.56 | M30: 0.5 | N30: =IF(OR(FANCLASS=1,FANCLASS=2),BD30, IF(FANCLASS=3,CO30)) -> 18.25 | O30: =IF(OR(FANDISCHARGELOC="F",FANDISCHARGELOC="R",FANDISCHARGELOC="T",FANDISCHARGELOC="TI"),Y30-1.5,IF(OR(FANDISCHARGELOC="B",FANDISCHARGELOC="BI",FANDISCHARGELOC="FI",FANDISCHARGELOC="RI"),Y30-((TAN(60*PI()/180))*(W30-R30/2))-3)) -> 13.81 | P30: =IF(OR(FANDISCHARGELOC="F",FANDISCHARGELOC="R"),O30-AL30/2+I30,IF(OR(FANDISCHARGELOC="FI",FANDISCHARGELOC="RI"),O30-(AR30+0.5),IF(OR(FANDISCHARGELOC="T",FANDISCHARGELOC="TI",FANDISCHARGELOC="B",FANDISCHARGELOC="BI"),O30-(AR30+2)))) -> 2.81 | Q30: =IF(OR(FANCLASS=1,FANCLASS=2),BF30, IF(FANCLASS=3,CQ30)) -> 1.25 | R30: =IF(OR(FANCLASS=1,FANCLASS=2),BG30, IF(FANCLASS=3,CR30)) -> 28 | S30: =IF(OR(FANCLASS=1,FANCLASS=2),BH30, IF(FANCLASS=3,CS30)) -> 0.097 | T30: =IF(OR(FANCLASS=1,FANCLASS=2),BI30, IF(FANCLASS=3,CT30)) -> 0.07 | U30: =IF(OR(FANCLASS=1,FANCLASS=2),BJ30, IF(FANCLASS=3,CU30)) -> 14 | V30: =IF(OR(FANCLASS=1,FANCLASS=2),BK30, IF(FANCLASS=3,CV30)) -> 32.5 | W30: =IF(OR(FANCLASS=1,FANCLASS=2),BL30, IF(FANCLASS=3,CW30)) -> 15.19 | X30: =IF(OR(FANCLASS=1,FANCLASS=2),BM30, IF(FANCLASS=3,CX30)) -> 21.13 | Y30: =IF(OR(FANCLASS=1,FANCLASS=2),BN30, IF(FANCLASS=3,CY30)) -> 15.31 | Z30: =IF(FANCLASS=1,BP30,IF(FANCLASS=2,BQ30, IF(FANCLASS=3,DA30))) -> 18.56 | AA30: =IF(FANCLASS=1,BZ30,IF(FANCLASS=2,CA30, IF(FANCLASS=3,DH30))) -> 23.56 | AB30: =IF(OR(FANCLASS=1,FANCLASS=2),CB30, IF(FANCLASS=3,DI30)) -> 10.56 | AC30: =IF(FANCLASS=1,CC30,IF(FANCLASS=2,CD30, IF(FANCLASS=3,DJ30))) -> 2.1875 | AD30: =IF(OR(FANCLASS=1,FANCLASS=2),BS30, IF(FANCLASS=3,DC30)) -> 4 | AE30: =IF(FANCLASS=1,BT30,IF(FANCLASS=2,BU30, IF(FANCLASS=3,DD30))) -> 0.5 | AF30: =IF(FANCLASS=1,BV30,IF(FANCLASS=2,BW30, IF(FANCLASS=3,DE30))) -> 0.25 | AG30: n/a | AH30: =IF(OR(FANCLASS=1,FANCLASS=2),BR30, IF(FANCLASS=3,DB30)) -> 15.38 | AI30: =IF(OR(FANCLASS=1,FANCLASS=2),BX30, IF(FANCLASS=3,DF30)) -> 10.63 | AJ30: =IF(OR(FANCLASS=1,FANCLASS=2),BY30, IF(FANCLASS=3,DG30)) -> 0.88 | AK30: =U30-AI30 -> 3.37 | AL30: =R30-I30*2 -> 25 | AM30: =D30*0.78 -> 15.6 | AN30: =H30*0.65 -> 18.525 | AO30: 1.25 | AP30: =IF(FANCLASS=1,CE30,IF(FANCLASS=2,CF30, IF(FANCLASS=3,DK30))) -> 3.5 | AQ30: 0.375 | AR30: =AC30*1.5 -> 3.28125 | AS30: =AP30-0.5 -> 3 | AT30: =AR30+0.125 -> 3.40625 | AV30: 254T | AW30: 286T | AX30: 21.19 | AY30: =BK30-BA30*2 -> 28.5 | AZ30: 1.5 | BA30: 2 | BB30: 0.188 | BC30: 0.56 | BD30: 18.25 | BE30: n/a | BF30: 1.25 | BG30: 28 | BH30: 0.097 | BI30: 0.07 | BJ30: =BG30/2 -> 14 | BK30: 32.5 | BL30: 15.19 | BM30: 21.13 | BN30: 15.31 | BO30: n/a | BP30: 17.88 | BQ30: 18.56 | BR30: 15.38 | BS30: 4 | BT30: 0.38 | BU30: 0.5 | BV30: 0.19 | BW30: 0.25 | BX30: 10.63 | BY30: 0.88 | BZ30: 22.75 | CA30: 23.56 | CB30: 10.56 | CC30: 1.6875 | CD30: 2.1875 | CE30: =BA30+0.5 -> 2.5 | CF30: =BA30+1.5 -> 3.5 | CH30: 286T | CI30: 21.31 | CJ30: =CV30-CL30*2 -> 28.63 | CK30: 2 | CL30: 2 | CM30: 0.25 | CN30: 0.56 | CO30: 18.25 | CP30: n/a | CQ30: 1.25 | CR30: 29 | CS30: 0.126 | CT30: 0.126 | CU30: =CR30/2 -> 14.5 | CV30: 32.63 | CW30: 15.25 | CX30: =22.44-CQ30 -> 21.19 | CY30: 15.81 | CZ30: n/a | DA30: 19.13 | DB30: 15.44 | DC30: 5 | DD30: 0.63 | DE30: 0.31 | DF30: 10.63 | DG30: 0.88 | DH30: 25.25 | DI30: 10.56 | DJ30: 2.4375 | DK30: =CL30+1.5 -> 3.5
C31: 222T | D31: =LEFT(C31,3)/10 -> 22.2 | E31: 145T | F31: =IF(FANCLASS=1,AV31,IF(FANCLASS=2,AW31, IF(FANCLASS=3,CH31))) -> 324T | G31: =IF(OR(FANCLASS=1,FANCLASS=2),AX31, IF(FANCLASS=3,CI31)) -> 23.56 | H31: =IF(OR(FANCLASS=1,FANCLASS=2),AY31, IF(FANCLASS=3,CJ31)) -> 31.625 | I31: =IF(OR(FANCLASS=1,FANCLASS=2),AZ31, IF(FANCLASS=3,CK31)) -> 2 | J31: =IF(OR(FANCLASS=1,FANCLASS=2),BA31, IF(FANCLASS=3,CL31)) -> 2 | K31: =IF(OR(FANCLASS=1,FANCLASS=2),BB31, IF(FANCLASS=3,CM31)) -> 0.25 | L31: =IF(OR(FANCLASS=1,FANCLASS=2),BC31, IF(FANCLASS=3,CN31)) -> 0.56 | M31: 0.5 | N31: =IF(OR(FANCLASS=1,FANCLASS=2),BD31, IF(FANCLASS=3,CO31)) -> 20.5 | O31: =IF(OR(FANDISCHARGELOC="F",FANDISCHARGELOC="R",FANDISCHARGELOC="T",FANDISCHARGELOC="TI"),Y31-1.5,IF(OR(FANDISCHARGELOC="B",FANDISCHARGELOC="BI",FANDISCHARGELOC="FI",FANDISCHARGELOC="RI"),Y31-((TAN(60*PI()/180))*(W31-R31/2))-3)) -> 15.69 | P31: =IF(OR(FANDISCHARGELOC="F",FANDISCHARGELOC="R"),O31-AL31/2+I31,IF(OR(FANDISCHARGELOC="FI",FANDISCHARGELOC="RI"),O31-(AR31+0.5),IF(OR(FANDISCHARGELOC="T",FANDISCHARGELOC="TI",FANDISCHARGELOC="B",FANDISCHARGELOC="BI"),O31-(AR31+2)))) -> 4.065 | Q31: =IF(OR(FANCLASS=1,FANCLASS=2),BF31, IF(FANCLASS=3,CQ31)) -> 1.25 | R31: =IF(OR(FANCLASS=1,FANCLASS=2),BG31, IF(FANCLASS=3,CR31)) -> 31.25 | S31: =IF(OR(FANCLASS=1,FANCLASS=2),BH31, IF(FANCLASS=3,CS31)) -> 0.097 | T31: =IF(OR(FANCLASS=1,FANCLASS=2),BI31, IF(FANCLASS=3,CT31)) -> 0.07 | U31: =IF(OR(FANCLASS=1,FANCLASS=2),BJ31, IF(FANCLASS=3,CU31)) -> 15.625 | V31: =IF(OR(FANCLASS=1,FANCLASS=2),BK31, IF(FANCLASS=3,CV31)) -> 35.625 | W31: =IF(OR(FANCLASS=1,FANCLASS=2),BL31, IF(FANCLASS=3,CW31)) -> 16.81 | X31: =IF(OR(FANCLASS=1,FANCLASS=2),BM31, IF(FANCLASS=3,CX31)) -> 23.5 | Y31: =IF(OR(FANCLASS=1,FANCLASS=2),BN31, IF(FANCLASS=3,CY31)) -> 17.19 | Z31: =IF(FANCLASS=1,BP31,IF(FANCLASS=2,BQ31, IF(FANCLASS=3,DA31))) -> 20.63 | AA31: =IF(FANCLASS=1,BZ31,IF(FANCLASS=2,CA31, IF(FANCLASS=3,DH31))) -> 26.25 | AB31: =IF(OR(FANCLASS=1,FANCLASS=2),CB31, IF(FANCLASS=3,DI31)) -> 11.75 | AC31: =IF(FANCLASS=1,CC31,IF(FANCLASS=2,CD31, IF(FANCLASS=3,DJ31))) -> 2.4375 | AD31: =IF(OR(FANCLASS=1,FANCLASS=2),BS31, IF(FANCLASS=3,DC31)) -> 4.5 | AE31: =IF(FANCLASS=1,BT31,IF(FANCLASS=2,BU31, IF(FANCLASS=3,DD31))) -> 0.63 | AF31: =IF(FANCLASS=1,BV31,IF(FANCLASS=2,BW31, IF(FANCLASS=3,DE31))) -> 0.31 | AG31: n/a | AH31: =IF(OR(FANCLASS=1,FANCLASS=2),BR31, IF(FANCLASS=3,DB31)) -> 16.94 | AI31: =IF(OR(FANCLASS=1,FANCLASS=2),BX31, IF(FANCLASS=3,DF31)) -> 11.75 | AJ31: =IF(OR(FANCLASS=1,FANCLASS=2),BY31, IF(FANCLASS=3,DG31)) -> 0.88 | AK31: =U31-AI31 -> 3.875 | AL31: =R31-I31*2 -> 27.25 | AM31: =D31*0.78 -> 17.316 | AN31: =H31*0.65 -> 20.55625 | AO31: 1.25 | AP31: =IF(FANCLASS=1,CE31,IF(FANCLASS=2,CF31, IF(FANCLASS=3,DK31))) -> 3.5 | AQ31: 0.375 | AR31: =AC31*1.5 -> 3.65625 | AS31: =AP31-0.5 -> 3 | AT31: =AR31+0.125 -> 3.78125 | AV31: 256T | AW31: 324T | AX31: 23.56 | AY31: =BK31-BA31*2 -> 31.625 | AZ31: 2 | BA31: 2 | BB31: 0.25 | BC31: 0.56 | BD31: 20.5 | BE31: n/a | BF31: 1.25 | BG31: 31.25 | BH31: 0.097 | BI31: 0.07 | BJ31: =BG31/2 -> 15.625 | BK31: 35.625 | BL31: 16.81 | BM31: 23.5 | BN31: 17.19 | BO31: n/a | BP31: 19.56 | BQ31: 20.63 | BR31: 16.94 | BS31: 4.5 | BT31: 0.5 | BU31: 0.63 | BV31: 0.25 | BW31: 0.31 | BX31: 11.75 | BY31: 0.88 | BZ31: 25.06 | CA31: 26.25 | CB31: 11.75 | CC31: 1.9375 | CD31: 2.4375 | CE31: =BA31+1 -> 3 | CF31: =BA31+1.5 -> 3.5 | CH31: 324T | CI31: 23.69 | CJ31: =CV31-CL31*2 -> 31.75 | CK31: 2.5 | CL31: 2.5 | CM31: 0.25 | CN31: 0.56 | CO31: 20.5 | CP31: n/a | CQ31: 1.25 | CR31: 32.25 | CS31: 0.126 | CT31: 0.126 | CU31: =CR31/2 -> 16.125 | CV31: 36.75 | CW31: 16.88 | CX31: =24.81-CQ31 -> 23.56 | CY31: 17.69 | CZ31: n/a | DA31: 20.69 | DB31: 17.25 | DC31: 5 | DD31: 0.63 | DE31: 0.31 | DF31: 11.5 | DG31: 1.13 | DH31: 26.81 | DI31: 11.75 | DJ31: 2.4375 | DK31: =CL31+1 -> 3.5
B32: TYPE B | C32: 245T | D32: =LEFT(C32,3)/10 -> 24.5 | E32: 143T | F32: =IF(FANCLASS=1,AV32,IF(FANCLASS=2,AW32, IF(FANCLASS=3,CH32))) -> 326T | G32: =IF(OR(FANCLASS=1,FANCLASS=2),AX32, IF(FANCLASS=3,CI32)) -> 25.94 | H32: =IF(OR(FANCLASS=1,FANCLASS=2),AY32, IF(FANCLASS=3,CJ32)) -> 34.875 | I32: =IF(OR(FANCLASS=1,FANCLASS=2),AZ32, IF(FANCLASS=3,CK32)) -> 2 | J32: =IF(OR(FANCLASS=1,FANCLASS=2),BA32, IF(FANCLASS=3,CL32)) -> 2 | K32: =IF(OR(FANCLASS=1,FANCLASS=2),BB32, IF(FANCLASS=3,CM32)) -> 0.25 | L32: =IF(OR(FANCLASS=1,FANCLASS=2),BC32, IF(FANCLASS=3,CN32)) -> 0.56 | M32: 0.5 | N32: =IF(OR(FANCLASS=1,FANCLASS=2),BD32, IF(FANCLASS=3,CO32)) -> 22.5 | O32: =IF(OR(FANDISCHARGELOC="F",FANDISCHARGELOC="R",FANDISCHARGELOC="T",FANDISCHARGELOC="TI"),Y32-1.5,IF(OR(FANDISCHARGELOC="B",FANDISCHARGELOC="BI",FANDISCHARGELOC="FI",FANDISCHARGELOC="RI"),Y32-((TAN(60*PI()/180))*(W32-R32/2))-3)) -> 17.5 | P32: =IF(OR(FANDISCHARGELOC="F",FANDISCHARGELOC="R"),O32-AL32/2+I32,IF(OR(FANDISCHARGELOC="FI",FANDISCHARGELOC="RI"),O32-(AR32+0.5),IF(OR(FANDISCHARGELOC="T",FANDISCHARGELOC="TI",FANDISCHARGELOC="B",FANDISCHARGELOC="BI"),O32-(AR32+2)))) -> 4.75 | Q32: =IF(OR(FANCLASS=1,FANCLASS=2),BF32, IF(FANCLASS=3,CQ32)) -> 1.25 | R32: =IF(OR(FANCLASS=1,FANCLASS=2),BG32, IF(FANCLASS=3,CR32)) -> 33.5 | S32: =IF(OR(FANCLASS=1,FANCLASS=2),BH32, IF(FANCLASS=3,CS32)) -> 0.097 | T32: =IF(OR(FANCLASS=1,FANCLASS=2),BI32, IF(FANCLASS=3,CT32)) -> 0.07 | U32: =IF(OR(FANCLASS=1,FANCLASS=2),BJ32, IF(FANCLASS=3,CU32)) -> 16.75 | V32: =IF(OR(FANCLASS=1,FANCLASS=2),BK32, IF(FANCLASS=3,CV32)) -> 38.875 | W32: =IF(OR(FANCLASS=1,FANCLASS=2),BL32, IF(FANCLASS=3,CW32)) -> 18.5 | X32: =IF(OR(FANCLASS=1,FANCLASS=2),BM32, IF(FANCLASS=3,CX32)) -> 25.88 | Y32: =IF(OR(FANCLASS=1,FANCLASS=2),BN32, IF(FANCLASS=3,CY32)) -> 19 | Z32: =IF(FANCLASS=1,BP32,IF(FANCLASS=2,BQ32, IF(FANCLASS=3,DA32))) -> 22.31 | AA32: =IF(FANCLASS=1,BZ32,IF(FANCLASS=2,CA32, IF(FANCLASS=3,DH32))) -> 28.44 | AB32: =IF(OR(FANCLASS=1,FANCLASS=2),CB32, IF(FANCLASS=3,DI32)) -> 12.94 | AC32: =IF(FANCLASS=1,CC32,IF(FANCLASS=2,CD32, IF(FANCLASS=3,DJ32))) -> 2.4375 | AD32: =IF(OR(FANCLASS=1,FANCLASS=2),BS32, IF(FANCLASS=3,DC32)) -> 5 | AE32: =IF(FANCLASS=1,BT32,IF(FANCLASS=2,BU32, IF(FANCLASS=3,DD32))) -> 0.63 | AF32: =IF(FANCLASS=1,BV32,IF(FANCLASS=2,BW32, IF(FANCLASS=3,DE32))) -> 0.31 | AG32: n/a | AH32: =IF(OR(FANCLASS=1,FANCLASS=2),BR32, IF(FANCLASS=3,DB32)) -> 18.56 | AI32: =IF(OR(FANCLASS=1,FANCLASS=2),BX32, IF(FANCLASS=3,DF32)) -> 12.88 | AJ32: =IF(OR(FANCLASS=1,FANCLASS=2),BY32, IF(FANCLASS=3,DG32)) -> 0.88 | AK32: =U32-AI32 -> 3.87 | AL32: =R32-I32*2 -> 29.5 | AM32: =D32*0.78 -> 19.11 | AN32: =H32*0.65 -> 22.66875 | AO32: 1.5 | AP32: =IF(FANCLASS=1,CE32,IF(FANCLASS=2,CF32, IF(FANCLASS=3,DK32))) -> 3.5 | AQ32: 0.375 | AR32: =AC32*1.5 -> 3.65625 | AS32: =AP32-0.5 -> 3 | AT32: =AR32+0.125 -> 3.78125 | AV32: 284T | AW32: 326T | AX32: 25.94 | AY32: =BK32-BA32*2 -> 34.875 | AZ32: 2 | BA32: 2 | BB32: 0.25 | BC32: 0.56 | BD32: 22.5 | BE32: n/a | BF32: 1.25 | BG32: 33.5 | BH32: 0.097 | BI32: 0.07 | BJ32: =BG32/2 -> 16.75 | BK32: 38.875 | BL32: 18.5 | BM32: 25.88 | BN32: 19 | BO32: n/a | BP32: 21.81 | BQ32: 22.31 | BR32: 18.56 | BS32: 5 | BT32: 0.5 | BU32: 0.63 | BV32: 0.25 | BW32: 0.31 | BX32: 12.88 | BY32: 0.88 | BZ32: 27.81 | CA32: 28.44 | CB32: 12.94 | CC32: 2.1875 | CD32: 2.4375 | CE32: =BA32+1.5 -> 3.5 | CF32: =BA32+1.5 -> 3.5 | CH32: 326T | CI32: 26.19 | CJ32: =CV32-CL32*2 -> 35 | CK32: 2.5 | CL32: 2.5 | CM32: 0.25 | CN32: 0.56 | CO32: 22.5 | CP32: n/a | CQ32: 1.5 | CR32: 34.5 | CS32: 0.175 | CT32: 0.175 | CU32: =CR32/2 -> 17.25 | CV32: 40 | CW32: 18.63 | CX32: =27.5-CQ32 -> 26 | CY32: 19.5 | CZ32: n/a | DA32: 22.38 | DB32: 18.88 | DC32: 6 | DD32: 0.63 | DE32: 0.31 | DF32: 12.63 | DG32: 1.13 | DH32: 29.5 | DI32: 12.94 | DJ32: 2.4375 | DK32: =CL32+1 -> 3.5
C33: 270T | D33: =LEFT(C33,3)/10 -> 27 | E33: 145T | F33: =IF(FANCLASS=1,AV33,IF(FANCLASS=2,AW33, IF(FANCLASS=3,CH33))) -> 326T | G33: =IF(OR(FANCLASS=1,FANCLASS=2),AX33, IF(FANCLASS=3,CI33)) -> 28.63 | H33: =IF(OR(FANCLASS=1,FANCLASS=2),AY33, IF(FANCLASS=3,CJ33)) -> 38.25 | I33: =IF(OR(FANCLASS=1,FANCLASS=2),AZ33, IF(FANCLASS=3,CK33)) -> 2 | J33: =IF(OR(FANCLASS=1,FANCLASS=2),BA33, IF(FANCLASS=3,CL33)) -> 2 | K33: =IF(OR(FANCLASS=1,FANCLASS=2),BB33, IF(FANCLASS=3,CM33)) -> 0.25 | L33: =IF(OR(FANCLASS=1,FANCLASS=2),BC33, IF(FANCLASS=3,CN33)) -> 0.56 | M33: 0.5 | N33: =IF(OR(FANCLASS=1,FANCLASS=2),BD33, IF(FANCLASS=3,CO33)) -> 24.75 | O33: =IF(OR(FANDISCHARGELOC="F",FANDISCHARGELOC="R",FANDISCHARGELOC="T",FANDISCHARGELOC="TI"),Y33-1.5,IF(OR(FANDISCHARGELOC="B",FANDISCHARGELOC="BI",FANDISCHARGELOC="FI",FANDISCHARGELOC="RI"),Y33-((TAN(60*PI()/180))*(W33-R33/2))-3)) -> 19.44 | P33: =IF(OR(FANDISCHARGELOC="F",FANDISCHARGELOC="R"),O33-AL33/2+I33,IF(OR(FANDISCHARGELOC="FI",FANDISCHARGELOC="RI"),O33-(AR33+0.5),IF(OR(FANDISCHARGELOC="T",FANDISCHARGELOC="TI",FANDISCHARGELOC="B",FANDISCHARGELOC="BI"),O33-(AR33+2)))) -> 5.44 | Q33: =IF(OR(FANCLASS=1,FANCLASS=2),BF33, IF(FANCLASS=3,CQ33)) -> 1.5 | R33: =IF(OR(FANCLASS=1,FANCLASS=2),BG33, IF(FANCLASS=3,CR33)) -> 36 | S33: =IF(OR(FANCLASS=1,FANCLASS=2),BH33, IF(FANCLASS=3,CS33)) -> 0.097 | T33: =IF(OR(FANCLASS=1,FANCLASS=2),BI33, IF(FANCLASS=3,CT33)) -> 0.07 | U33: =IF(OR(FANCLASS=1,FANCLASS=2),BJ33, IF(FANCLASS=3,CU33)) -> 18 | V33: =IF(OR(FANCLASS=1,FANCLASS=2),BK33, IF(FANCLASS=3,CV33)) -> 42.25 | W33: =IF(OR(FANCLASS=1,FANCLASS=2),BL33, IF(FANCLASS=3,CW33)) -> 20.44 | X33: =IF(OR(FANCLASS=1,FANCLASS=2),BM33, IF(FANCLASS=3,CX33)) -> 28.56 | Y33: =IF(OR(FANCLASS=1,FANCLASS=2),BN33, IF(FANCLASS=3,CY33)) -> 20.94 | Z33: =IF(FANCLASS=1,BP33,IF(FANCLASS=2,BQ33, IF(FANCLASS=3,DA33))) -> 24.31 | AA33: =IF(FANCLASS=1,BZ33,IF(FANCLASS=2,CA33, IF(FANCLASS=3,DH33))) -> 30.44 | AB33: =IF(OR(FANCLASS=1,FANCLASS=2),CB33, IF(FANCLASS=3,DI33)) -> 14.25 | AC33: =IF(FANCLASS=1,CC33,IF(FANCLASS=2,CD33, IF(FANCLASS=3,DJ33))) -> 2.6875 | AD33: =IF(OR(FANCLASS=1,FANCLASS=2),BS33, IF(FANCLASS=3,DC33)) -> 5 | AE33: =IF(FANCLASS=1,BT33,IF(FANCLASS=2,BU33, IF(FANCLASS=3,DD33))) -> 0.63 | AF33: =IF(FANCLASS=1,BV33,IF(FANCLASS=2,BW33, IF(FANCLASS=3,DE33))) -> 0.31 | AG33: n/a | AH33: =IF(OR(FANCLASS=1,FANCLASS=2),BR33, IF(FANCLASS=3,DB33)) -> 20.25 | AI33: =IF(OR(FANCLASS=1,FANCLASS=2),BX33, IF(FANCLASS=3,DF33)) -> 14.13 | AJ33: =IF(OR(FANCLASS=1,FANCLASS=2),BY33, IF(FANCLASS=3,DG33)) -> 0.88 | AK33: =U33-AI33 -> 3.87 | AL33: =R33-I33*2 -> 32 | AM33: =D33*0.78 -> 21.06 | AN33: =H33*0.65 -> 24.8625 | AO33: 1.5 | AP33: =IF(FANCLASS=1,CE33,IF(FANCLASS=2,CF33, IF(FANCLASS=3,DK33))) -> 4 | AQ33: 0.5 | AR33: =AC33*1.5 -> 4.03125 | AS33: =AP33-0.5 -> 3.5 | AT33: =AR33+0.125 -> 4.15625 | AV33: 284T | AW33: 326T | AX33: 28.63 | AY33: =BK33-BA33*2 -> 38.25 | AZ33: 2 | BA33: 2 | BB33: 0.25 | BC33: 0.56 | BD33: 24.75 | BE33: n/a | BF33: 1.5 | BG33: 36 | BH33: 0.097 | BI33: 0.07 | BJ33: =BG33/2 -> 18 | BK33: 42.25 | BL33: 20.44 | BM33: 28.56 | BN33: 20.94 | BO33: n/a | BP33: 23.5 | BQ33: 24.31 | BR33: 20.25 | BS33: 5 | BT33: 0.5 | BU33: 0.63 | BV33: 0.25 | BW33: 0.31 | BX33: 14.13 | BY33: 0.88 | BZ33: 29.5 | CA33: 30.44 | CB33: 14.25 | CC33: 2.1875 | CD33: 2.6875 | CE33: =BA33+1.5 -> 3.5 | CF33: =BA33+2 -> 4 | CH33: 326T | CI33: 28.88 | CJ33: =CV33-CL33*2 -> 38.5 | CK33: 2.5 | CL33: 2.5 | CM33: 0.25 | CN33: 0.56 | CO33: 24.75 | CP33: n/a | CQ33: 1.5 | CR33: 37 | CS33: 0.175 | CT33: 0.175 | CU33: =CR33/2 -> 18.5 | CV33: 43.5 | CW33: 20.56 | CX33: =30.19-CQ33 -> 28.69 | CY33: 21.44 | CZ33: n/a | DA33: 24.44 | DB33: 20.63 | DC33: 6 | DD33: 0.63 | DE33: 0.31 | DF33: 13.88 | DG33: 1.13 | DH33: 31.56 | DI33: 14.25 | DJ33: 2.6875 | DK33: =CL33+1.5 -> 4
C34: 300T | D34: =LEFT(C34,3)/10 -> 30 | E34: 143T | F34: =IF(FANCLASS=1,AV34,IF(FANCLASS=2,AW34, IF(FANCLASS=3,CH34))) -> 364T | G34: =IF(OR(FANCLASS=1,FANCLASS=2),AX34, IF(FANCLASS=3,CI34)) -> 31.81 | H34: =IF(OR(FANCLASS=1,FANCLASS=2),AY34, IF(FANCLASS=3,CJ34)) -> 42.75 | I34: =IF(OR(FANCLASS=1,FANCLASS=2),AZ34, IF(FANCLASS=3,CK34)) -> 2.5 | J34: =IF(OR(FANCLASS=1,FANCLASS=2),BA34, IF(FANCLASS=3,CL34)) -> 2.5 | K34: =IF(OR(FANCLASS=1,FANCLASS=2),BB34, IF(FANCLASS=3,CM34)) -> 0.25 | L34: =IF(OR(FANCLASS=1,FANCLASS=2),BC34, IF(FANCLASS=3,CN34)) -> 0.56 | M34: 0.5 | N34: =IF(OR(FANCLASS=1,FANCLASS=2),BD34, IF(FANCLASS=3,CO34)) -> 28.5 | O34: =IF(OR(FANDISCHARGELOC="F",FANDISCHARGELOC="R",FANDISCHARGELOC="T",FANDISCHARGELOC="TI"),Y34-1.5,IF(OR(FANDISCHARGELOC="B",FANDISCHARGELOC="BI",FANDISCHARGELOC="FI",FANDISCHARGELOC="RI"),Y34-((TAN(60*PI()/180))*(W34-R34/2))-3)) -> 21.81 | P34: =IF(OR(FANDISCHARGELOC="F",FANDISCHARGELOC="R"),O34-AL34/2+I34,IF(OR(FANDISCHARGELOC="FI",FANDISCHARGELOC="RI"),O34-(AR34+0.5),IF(OR(FANDISCHARGELOC="T",FANDISCHARGELOC="TI",FANDISCHARGELOC="B",FANDISCHARGELOC="BI"),O34-(AR34+2)))) -> 6.31 | Q34: =IF(OR(FANCLASS=1,FANCLASS=2),BF34, IF(FANCLASS=3,CQ34)) -> 1.5 | R34: =IF(OR(FANCLASS=1,FANCLASS=2),BG34, IF(FANCLASS=3,CR34)) -> 41 | S34: =IF(OR(FANCLASS=1,FANCLASS=2),BH34, IF(FANCLASS=3,CS34)) -> 0.126 | T34: =IF(OR(FANCLASS=1,FANCLASS=2),BI34, IF(FANCLASS=3,CT34)) -> 0.097 | U34: =IF(OR(FANCLASS=1,FANCLASS=2),BJ34, IF(FANCLASS=3,CU34)) -> 20.5 | V34: =IF(OR(FANCLASS=1,FANCLASS=2),BK34, IF(FANCLASS=3,CV34)) -> 47.75 | W34: =IF(OR(FANCLASS=1,FANCLASS=2),BL34, IF(FANCLASS=3,CW34)) -> 22.75 | X34: =IF(OR(FANCLASS=1,FANCLASS=2),BM34, IF(FANCLASS=3,CX34)) -> 31.75 | Y34: =IF(OR(FANCLASS=1,FANCLASS=2),BN34, IF(FANCLASS=3,CY34)) -> 23.31 | Z34: =IF(FANCLASS=1,BP34,IF(FANCLASS=2,BQ34, IF(FANCLASS=3,DA34))) -> 26.25 | AA34: =IF(FANCLASS=1,BZ34,IF(FANCLASS=2,CA34, IF(FANCLASS=3,DH34))) -> 32.88 | AB34: =IF(OR(FANCLASS=1,FANCLASS=2),CB34, IF(FANCLASS=3,DI34)) -> 15.81 | AC34: =IF(FANCLASS=1,CC34,IF(FANCLASS=2,CD34, IF(FANCLASS=3,DJ34))) -> 2.4375 | AD34: =IF(OR(FANCLASS=1,FANCLASS=2),BS34, IF(FANCLASS=3,DC34)) -> 5.5 | AE34: =IF(FANCLASS=1,BT34,IF(FANCLASS=2,BU34, IF(FANCLASS=3,DD34))) -> 0.63 | AF34: =IF(FANCLASS=1,BV34,IF(FANCLASS=2,BW34, IF(FANCLASS=3,DE34))) -> 0.31 | AG34: n/a | AH34: =IF(OR(FANCLASS=1,FANCLASS=2),BR34, IF(FANCLASS=3,DB34)) -> 22.75 | AI34: =IF(OR(FANCLASS=1,FANCLASS=2),BX34, IF(FANCLASS=3,DF34)) -> 15.88 | AJ34: =IF(OR(FANCLASS=1,FANCLASS=2),BY34, IF(FANCLASS=3,DG34)) -> 1.13 | AK34: =U34-AI34 -> 4.62 | AL34: =R34-I34*2 -> 36 | AM34: =D34*0.78 -> 23.4 | AN34: =H34*0.65 -> 27.7875 | AO34: 1.5 | AP34: =IF(FANCLASS=1,CE34,IF(FANCLASS=2,CF34, IF(FANCLASS=3,DK34))) -> 3.5 | AQ34: 0.375 | AR34: =AC34*1.5 -> 3.65625 | AS34: =AP34-0.5 -> 3 | AT34: =AR34+0.125 -> 3.78125 | AV34: 286T | AW34: 364T | AX34: 31.81 | AY34: =BK34-BA34*2 -> 42.75 | AZ34: 2.5 | BA34: 2.5 | BB34: 0.25 | BC34: 0.56 | BD34: 28.5 | BE34: n/a | BF34: 1.5 | BG34: 41 | BH34: 0.126 | BI34: 0.097 | BJ34: =BG34/2 -> 20.5 | BK34: 47.75 | BL34: 22.75 | BM34: 31.75 | BN34: 23.31 | BO34: n/a | BP34: 26.25 | BQ34: 26.25 | BR34: 22.75 | BS34: 5.5 | BT34: 0.63 | BU34: 0.63 | BV34: 0.31 | BW34: 0.31 | BX34: 15.88 | BY34: 1.13 | BZ34: 32.88 | CA34: 32.88 | CB34: 15.81 | CC34: 2.4375 | CD34: 2.4375 | CE34: =BA34+1 -> 3.5 | CF34: =BA34+1 -> 3.5 | CH34: 364T | CI34: 32 | CJ34: =CV34-CL34*2 -> 42.88 | CK34: 3 | CL34: 3 | CM34: 0.313 | CN34: 0.81 | CO34: 27.5 | CP34: n/a | CQ34: 1.5 | CR34: 42 | CS34: 0.175 | CT34: 0.175 | CU34: =CR34/2 -> 21 | CV34: 48.88 | CW34: 22.81 | CX34: =33.31-CQ34 -> 31.81 | CY34: 23.81 | CZ34: n/a | DA34: 26.63 | DB34: 23.06 | DC34: 7 | DD34: 0.63 | DE34: 0.31 | DF34: 15.63 | DG34: 1.38 | DH34: 34.75 | DI34: 15.81 | DJ34: 2.6875 | DK34: =CL34+1 -> 4
C35: 330T | D35: =LEFT(C35,3)/10 -> 33 | E35: 143T | F35: =IF(FANCLASS=1,AV35,IF(FANCLASS=2,AW35, IF(FANCLASS=3,CH35))) -> 365T | G35: =IF(OR(FANCLASS=1,FANCLASS=2),AX35, IF(FANCLASS=3,CI35)) -> 35.13 | H35: =IF(OR(FANCLASS=1,FANCLASS=2),AY35, IF(FANCLASS=3,CJ35)) -> 46.75 | I35: =IF(OR(FANCLASS=1,FANCLASS=2),AZ35, IF(FANCLASS=3,CK35)) -> 2.5 | J35: =IF(OR(FANCLASS=1,FANCLASS=2),BA35, IF(FANCLASS=3,CL35)) -> 2.5 | K35: =IF(OR(FANCLASS=1,FANCLASS=2),BB35, IF(FANCLASS=3,CM35)) -> 0.25 | L35: =IF(OR(FANCLASS=1,FANCLASS=2),BC35, IF(FANCLASS=3,CN35)) -> 0.56 | M35: 0.5 | N35: =IF(OR(FANCLASS=1,FANCLASS=2),BD35, IF(FANCLASS=3,CO35)) -> 31 | O35: =IF(OR(FANDISCHARGELOC="F",FANDISCHARGELOC="R",FANDISCHARGELOC="T",FANDISCHARGELOC="TI"),Y35-1.5,IF(OR(FANDISCHARGELOC="B",FANDISCHARGELOC="BI",FANDISCHARGELOC="FI",FANDISCHARGELOC="RI"),Y35-((TAN(60*PI()/180))*(W35-R35/2))-3)) -> 24.25 | P35: =IF(OR(FANDISCHARGELOC="F",FANDISCHARGELOC="R"),O35-AL35/2+I35,IF(OR(FANDISCHARGELOC="FI",FANDISCHARGELOC="RI"),O35-(AR35+0.5),IF(OR(FANDISCHARGELOC="T",FANDISCHARGELOC="TI",FANDISCHARGELOC="B",FANDISCHARGELOC="BI"),O35-(AR35+2)))) -> 7.25 | Q35: =IF(OR(FANCLASS=1,FANCLASS=2),BF35, IF(FANCLASS=3,CQ35)) -> 1.5 | R35: =IF(OR(FANCLASS=1,FANCLASS=2),BG35, IF(FANCLASS=3,CR35)) -> 44 | S35: =IF(OR(FANCLASS=1,FANCLASS=2),BH35, IF(FANCLASS=3,CS35)) -> 0.126 | T35: =IF(OR(FANCLASS=1,FANCLASS=2),BI35, IF(FANCLASS=3,CT35)) -> 0.097 | U35: =IF(OR(FANCLASS=1,FANCLASS=2),BJ35, IF(FANCLASS=3,CU35)) -> 22 | V35: =IF(OR(FANCLASS=1,FANCLASS=2),BK35, IF(FANCLASS=3,CV35)) -> 51.75 | W35: =IF(OR(FANCLASS=1,FANCLASS=2),BL35, IF(FANCLASS=3,CW35)) -> 25 | X35: =IF(OR(FANCLASS=1,FANCLASS=2),BM35, IF(FANCLASS=3,CX35)) -> 35.06 | Y35: =IF(OR(FANCLASS=1,FANCLASS=2),BN35, IF(FANCLASS=3,CY35)) -> 25.75 | Z35: =IF(FANCLASS=1,BP35,IF(FANCLASS=2,BQ35, IF(FANCLASS=3,DA35))) -> 28.25 | AA35: =IF(FANCLASS=1,BZ35,IF(FANCLASS=2,CA35, IF(FANCLASS=3,DH35))) -> 34.88 | AB35: =IF(OR(FANCLASS=1,FANCLASS=2),CB35, IF(FANCLASS=3,DI35)) -> 17.5 | AC35: =IF(FANCLASS=1,CC35,IF(FANCLASS=2,CD35, IF(FANCLASS=3,DJ35))) -> 2.4375 | AD35: =IF(OR(FANCLASS=1,FANCLASS=2),BS35, IF(FANCLASS=3,DC35)) -> 5.5 | AE35: =IF(FANCLASS=1,BT35,IF(FANCLASS=2,BU35, IF(FANCLASS=3,DD35))) -> 0.63 | AF35: =IF(FANCLASS=1,BV35,IF(FANCLASS=2,BW35, IF(FANCLASS=3,DE35))) -> 0.31 | AG35: n/a | AH35: =IF(OR(FANCLASS=1,FANCLASS=2),BR35, IF(FANCLASS=3,DB35)) -> 24.75 | AI35: =IF(OR(FANCLASS=1,FANCLASS=2),BX35, IF(FANCLASS=3,DF35)) -> 17.38 | AJ35: =IF(OR(FANCLASS=1,FANCLASS=2),BY35, IF(FANCLASS=3,DG35)) -> 1.13 | AK35: =U35-AI35 -> 4.62 | AL35: =R35-I35*2 -> 39 | AM35: =D35*0.78 -> 25.74 | AN35: =H35*0.65 -> 30.3875 | AO35: 1.5 | AP35: =IF(FANCLASS=1,CE35,IF(FANCLASS=2,CF35, IF(FANCLASS=3,DK35))) -> 4 | AQ35: 0.5 | AR35: =AC35*1.5 -> 3.65625 | AS35: =AP35-0.5 -> 3.5 | AT35: =AR35+0.125 -> 3.78125 | AV35: 324T | AW35: 365T | AX35: 35.13 | AY35: =BK35-BA35*2 -> 46.75 | AZ35: 2.5 | BA35: 2.5 | BB35: 0.25 | BC35: 0.56 | BD35: 31 | BE35: n/a | BF35: 1.5 | BG35: 44 | BH35: 0.126 | BI35: 0.097 | BJ35: =BG35/2 -> 22 | BK35: 51.75 | BL35: 25 | BM35: 35.06 | BN35: 25.75 | BO35: n/a | BP35: 28.25 | BQ35: 28.25 | BR35: 24.75 | BS35: 5.5 | BT35: 0.63 | BU35: 0.63 | BV35: 0.31 | BW35: 0.31 | BX35: 17.38 | BY35: 1.13 | BZ35: 34.88 | CA35: 34.88 | CB35: 17.5 | CC35: 2.4375 | CD35: 2.4375 | CE35: =BA35+1 -> 3.5 | CF35: =BA35+1.5 -> 4 | CH35: 365T | CI35: 35.31 | CJ35: =CV35-CL35*2 -> 46.88 | CK35: 3 | CL35: 3 | CM35: 0.313 | CN35: 0.81 | CO35: 30 | CP35: n/a | CQ35: 1.5 | CR35: 45 | CS35: 0.175 | CT35: 0.175 | CU35: =CR35/2 -> 22.5 | CV35: 52.88 | CW35: 25.06 | CX35: =36.63-CQ35 -> 35.13 | CY35: 26.25 | CZ35: n/a | DA35: 28.44 | DB35: 25.06 | DC35: 7 | DD35: 0.75 | DE35: 0.38 | DF35: 17.13 | DG35: 1.38 | DH35: 36.69 | DI35: 17.5 | DJ35: 2.9375 | DK35: =CL35+1 -> 4
