Workbook
Name BTM_Seam: Data!$B$7
Name Construction: Data!$B$9
Name Corner_Brace_GAO: Data!$B$13
Name Corner_Brace_Thk: Data!$H$4
Name Corner_BraceO: Data!$B$12
Name FLOOR_CHAN_1_X_ARRAY_OFFSET: 'Channel Loc'!$D$6
Name FLOOR_CHAN_1_X_ARRAY_QTY: 'Channel Loc'!$E$6
Name FLOOR_CHAN_1_X_ARRAY_SPACING: 'Channel Loc'!$F$6
Name FLOOR_CHAN_1_Z_LOC: 'Channel Loc'!$C$6
Name FLOOR_CHAN_10_X_ARRAY_OFFSET: 'Channel Loc'!$D$15
Name FLOOR_CHAN_10_X_ARRAY_QTY: 'Channel Loc'!$E$15
Name FLOOR_CHAN_10_X_ARRAY_SPACING: 'Channel Loc'!$F$15
Name FLOOR_CHAN_10_Z_LOC: 'Channel Loc'!$C$15
Name FLOOR_CHAN_11_X_ARRAY_OFFSET: 'Channel Loc'!$D$16
Name FLOOR_CHAN_11_X_ARRAY_QTY: 'Channel Loc'!$E$16
Name FLOOR_CHAN_11_X_ARRAY_SPACING: 'Channel Loc'!$F$16
Name FLOOR_CHAN_11_Z_LOC: 'Channel Loc'!$C$16
Name FLOOR_CHAN_12_X_ARRAY_OFFSET: 'Channel Loc'!$D$17
Name FLOOR_CHAN_12_X_ARRAY_QTY: 'Channel Loc'!$E$17
Name FLOOR_CHAN_12_X_ARRAY_SPACING: 'Channel Loc'!$F$17
Name FLOOR_CHAN_12_Z_LOC: 'Channel Loc'!$C$17
Name FLOOR_CHAN_13_X_ARRAY_OFFSET: 'Channel Loc'!$D$18
Name FLOOR_CHAN_13_X_ARRAY_QTY: 'Channel Loc'!$E$18
Name FLOOR_CHAN_13_X_ARRAY_SPACING: 'Channel Loc'!$F$18
Name FLOOR_CHAN_13_Z_LOC: 'Channel Loc'!$C$18
Name FLOOR_CHAN_14_X_ARRAY_OFFSET: 'Channel Loc'!$D$19
Name FLOOR_CHAN_14_X_ARRAY_QTY: 'Channel Loc'!$E$19
Name FLOOR_CHAN_14_X_ARRAY_SPACING: 'Channel Loc'!$F$19
Name FLOOR_CHAN_14_Z_LOC: 'Channel Loc'!$C$19
Name FLOOR_CHAN_15_X_ARRAY_OFFSET: 'Channel Loc'!$D$20
Name FLOOR_CHAN_15_X_ARRAY_QTY: 'Channel Loc'!$E$20
Name FLOOR_CHAN_15_X_ARRAY_SPACING: 'Channel Loc'!$F$20
Name FLOOR_CHAN_15_Z_LOC: 'Channel Loc'!$C$20
Name FLOOR_CHAN_16_X_ARRAY_OFFSET: 'Channel Loc'!$D$21
Name FLOOR_CHAN_16_X_ARRAY_QTY: 'Channel Loc'!$E$21
Name FLOOR_CHAN_16_X_ARRAY_SPACING: 'Channel Loc'!$F$21
Name FLOOR_CHAN_16_Z_LOC: 'Channel Loc'!$C$21
Name FLOOR_CHAN_17_X_ARRAY_OFFSET: 'Channel Loc'!$D$22
Name FLOOR_CHAN_17_X_ARRAY_QTY: 'Channel Loc'!$E$22
Name FLOOR_CHAN_17_X_ARRAY_SPACING: 'Channel Loc'!$F$22
Name FLOOR_CHAN_17_Z_LOC: 'Channel Loc'!$C$22
Name FLOOR_CHAN_18_X_ARRAY_OFFSET: 'Channel Loc'!$D$23
Name FLOOR_CHAN_18_X_ARRAY_QTY: 'Channel Loc'!$E$23
Name FLOOR_CHAN_18_X_ARRAY_SPACING: 'Channel Loc'!$F$23
Name FLOOR_CHAN_18_Z_LOC: 'Channel Loc'!$C$23
Name FLOOR_CHAN_19_X_ARRAY_OFFSET: 'Channel Loc'!$D$24
Name FLOOR_CHAN_19_X_ARRAY_QTY: 'Channel Loc'!$E$24
Name FLOOR_CHAN_19_X_ARRAY_SPACING: 'Channel Loc'!$F$24
Name FLOOR_CHAN_19_Z_LOC: 'Channel Loc'!$C$24
Name FLOOR_CHAN_2_X_ARRAY_OFFSET: 'Channel Loc'!$D$7
Name FLOOR_CHAN_2_X_ARRAY_QTY: 'Channel Loc'!$E$7
Name FLOOR_CHAN_2_X_ARRAY_SPACING: 'Channel Loc'!$F$7
Name FLOOR_CHAN_2_Z_LOC: 'Channel Loc'!$C$7
Name FLOOR_CHAN_20_X_ARRAY_OFFSET: 'Channel Loc'!$D$25
Name FLOOR_CHAN_20_X_ARRAY_QTY: 'Channel Loc'!$E$25
Name FLOOR_CHAN_20_X_ARRAY_SPACING: 'Channel Loc'!$F$25
Name FLOOR_CHAN_20_Z_LOC: 'Channel Loc'!$C$25
Name FLOOR_CHAN_21_X_ARRAY_OFFSET: 'Channel Loc'!$D$26
Name FLOOR_CHAN_21_X_ARRAY_QTY: 'Channel Loc'!$E$26
Name FLOOR_CHAN_21_X_ARRAY_SPACING: 'Channel Loc'!$F$26

Sheet Sheet1
A1: Parameter | B1: Value | C1: UM | D1: Comments
A2: IH | B2: =Tunnel_H -> 90 | C2: in
A3: IW | B3: =Tunnel_W -> 90 | C3: in
A4: Corner_Brace_Thk | B4: =Corner_Brace_Thk -> 0.09701 | C4: in
A5: Reconnect_Thk | B5: =Reconnect_Thk -> 0.09701 | C5: in
A6: Stiffener_Thk | B6: =Stiffener_Thk -> 0.09701 | C6: in
A7: Clearance | B7: ='Excel Calcs'!B19 -> 0.031 | C7: in
A8: Engagement_Hole_Dia | B8: ='Excel Calcs'!B20 -> 0.152 | C8: in
A9: Clearance_Hole_Dia | B9: ='Excel Calcs'!B21 -> 0.218 | C9: in
A10: CLR_Reconnect_HOLE | B10: ='Excel Calcs'!B22 -> 0.562 | C10: in
A11: Bolt_Reconnect_Hole_Dia | B11: ='Excel Calcs'!B23 -> 0.312 | C11: in
A12: CUL_STD_Hole_Dia | B12: ='Excel Calcs'!B24 -> 0.218 | C12: in
A13: Corner_Brace_Countersunk_Hole | B13: ='Excel Calcs'!B28 -> 0.001 | C13: in
A14: CTR_Hole_DIA | B14: ='Excel Calcs'!B29 -> 0.109 | C14: in
A15: Stamped_Hole_Cut_DIA | B15: ='Excel Calcs'!B30 -> 0.218 | C15: in
A16: Corner_Relief_H | B16: ='Excel Calcs'!B31 -> 0.25 | C16: in
A17: Asy_End_Relief | B17: ='Excel Calcs'!B32 -> 0.03125 | C17: in
A18: Corner_Brace_H | B18: ='Excel Calcs'!E2 -> 5.80598 | C18: in
A19: Corner_Brace_W | B19: ='Excel Calcs'!E3 -> 5.90299 | C19: in
A20: Corner_Brace_Hole_Start | B20: ='Excel Calcs'!E4 -> 0.90299 | C20: in
A21: Corner_Brace_Hole_Qty | B21: ='Excel Calcs'!E5 -> 2 | C21: ul
A22: Corner_Brace_Hole_Spacing | B22: ='Excel Calcs'!E6 -> 4 | C22: in
A23: Clearance_Hole_Dia | B23: ='Excel Calcs'!E7 -> 0.218 | C23: in
A24: Brace_DOA_FLG_L | B24: ='Excel Calcs'!E8 -> 1.3 | C24: in
A25: Brace_DOA_FLG_Hole_Y | B25: ='Excel Calcs'!E9 -> 0.75 | C25: in
A26: Brace_Face_Start_Hole | B26: ='Excel Calcs'!E10 -> 1.25 | C26: in
A27: Brace_Face_Start_Hole_Y | B27: ='Excel Calcs'!E11 -> 0.65299 | C27: in
A28: Brace_Face_Spacing_Hole | B28: ='Excel Calcs'!E12 -> 2.25 | C28: in
A29: Corner_Brace_Vert_Dist_1 | B29: ='Excel Calcs'!E13 -> 89.88693 | C29: in
... A46: Corner_Brace_CLR_Holes | B46: ='Excel Calcs'!E30 -> 0.185 | C46: in
A47: Seam_X_LOC | B47: ='Excel Calcs'!E39 -> 0.12801 | C47: in
A48: Seam_L | B48: ='Excel Calcs'!E40 -> 89.74398 | C48: in
A49: Seam_W | B49: ='Excel Calcs'!E41 -> 3 | C49: in
A50: Seam_Notch_W | B50: ='Excel Calcs'!E42 -> 0.11251 | C50: in
A51: Seam_Notch_W_2 | B51: ='Excel Calcs'!E43 -> 0.25 | C51: in
A52: Seam_Notch_L | B52: ='Excel Calcs'!E44 -> 1.93399 | C52: in
A53: Seam_Hole_To_CTR | B53: ='Excel Calcs'!E45 -> 0.5 | C53: in
A54: Seam_Hole_Array_Qty | B54: ='Excel Calcs'!E46 -> 11 | C54: ul
A55: Seam_Hole_Array_DIST | B55: ='Excel Calcs'!E47 -> 8.174398 | C55: in
A56: Seam_Hole_Start | B56: ='Excel Calcs'!E48 -> 4 | C56: in
A57: Seam_THK_CLR | B57: ='Excel Calcs'!E49 -> 0.12801 | C57: in
A58: Seam_Angle_FLG_2_THK | B58: ='Excel Calcs'!E50 -> 0.65299 | C58: in
A59: Seam_Angle_Inward_FLG_THK | B59: ='Excel Calcs'!E51 -> 1.90299 | C59: in
A60: Angle_DOA_FLG_L | B60: ='Excel Calcs'!H2 -> 1.5 | C60: in
A61: Angle_Top_FLG_L | B61: ='Excel Calcs'!H3 -> 2 | C61: in
A62: Angle_W | B62: ='Excel Calcs'!H4 -> 89.80342 | C62: in
A63: Angle_W_Hole_Start | B63: ='Excel Calcs'!H5 -> 2 | C63: in
A64: Angle_W_Hole_Qty | B64: ='Excel Calcs'!H6 -> 11 | C64: ul
A65: Angle_W_Hole_Spacing | B65: ='Excel Calcs'!H7 -> 8.580342 | C65: in
A66: Angle_BTM_FLG_L | B66: ='Excel Calcs'!H8 -> 2 | C66: in
A67: Angle_Side_FLG_L | B67: ='Excel Calcs'!H9 -> 1.5 | C67: in
A68: Angle_H | B68: ='Excel Calcs'!H10 -> 89.80542 | C68: in
A69: Angle_H_Hole_Start | B69: ='Excel Calcs'!H11 -> 2 | C69: in
A70: Angle_H_Hole_Qty | B70: ='Excel Calcs'!H12 -> 11 | C70: ul
A71: Angle_H_Hole_Spacing | B71: ='Excel Calcs'!H13 -> 8.580542 | C71: in
... A77: Angle_Reconnect_H_Hole_Spacing | B77: ='Excel Calcs'!H19 -> 8.399944 | C77: in
A78: Angle_Reconnect_Z_Hole_Inward_FLG | B78: ='Excel Calcs'!H21 -> 1.25 | C78: in
A79: Angle_Reconnect_Z_Hole_DOA | B79: ='Excel Calcs'!H22 -> 0.75 | C79: in
A80: Angle_Reconnect_FLG_2 | B80: ='Excel Calcs'!H23 -> 0.75 | C80: in
A81: Angle_Reconnect_STD_CUL_Hole_Dia | B81: ='Excel Calcs'!H24 -> 0.312 | C81: in
A82: Angle_Reconnect_CUL_Hole_Dia | B82: ='Excel Calcs'!H25 -> 0.312 | C82: in
A83: Feature_H | B83: ='Excel Calcs'!H29 -> 0.125 | C83: in
A84: Feature_Dia | B84: ='Excel Calcs'!H30 -> 0.28 | C84: in
A85: Small_Feature_Angle | B85: ='Excel Calcs'!H31 -> 41 | C85: ul
A86: Countersink_Engagement_Hole | B86: ='Excel Calcs'!H32 -> 0.218 | C86: in
A87: Countersink_Callout_Hole | B87: ='Excel Calcs'!H33 -> 0.497 | C87: in
A88: Countersink_Callout_Depth | B88: ='Excel Calcs'!H34 -> 0.00125 | C88: in
A89: Countersink_XY_DIST | B89: ='Excel Calcs'!H35 -> 0.55598 | C89: in
A90: Countersink_1_DIST | B90: ='Excel Calcs'!E31 -> 2 | C90: in
A91: Countersink_2_DIST | B91: ='Excel Calcs'!E32 -> 4.25 | C91: in
A92: Corner_Brace_Hole_DIA | B92: ='Excel Calcs'!E33 -> 0.25 | C92: in
A93: Stiffener_H | B93: ='Excel Calcs'!B35 -> 89.59646 | C93: in
A94: Stiffener_FLG_L | B94: ='Excel Calcs'!B36 -> 1.40299 | C94: in
A95: Stiffener_W | B95: ='Excel Calcs'!B37 -> 3 | C95: in
A96: Stiffener_Hole_CLR | B96: ='Excel Calcs'!B38 -> 0.218 | C96: in
A97: Stiffener_X_LOC_1 | B97: ='Excel Calcs'!B39 -> 45 | C97: in
A98: Stiffener_X_LOC_2 | B98: ='Excel Calcs'!B40 -> 134.99616 | C98: in
A99: Stiffener_X_LOC_3 | B99: ='Excel Calcs'!B41 -> 224.9936 | C99: in
A100: Stiffener_X_LOC_4 | B100: ='Excel Calcs'!B42 -> 314.99104 | C100: in
A101: Stiffener_Y_Hole_LOC | B101: ='Excel Calcs'!B43 -> 0.54048 | C101: in
A102: Stiffener_Y_Side_Hole_LOC | B102: ='Excel Calcs'!B44 -> 1.40299 | C102: in
A103: Stiffener_Y_DIST | B103: ='Excel Calcs'!B45 -> 44.99972 | C103: in
A104: Stiffener_Y_DIST_2 | B104: ='Excel Calcs'!B46 -> 134.99916 | C104: in
... A110: Stiffener_Cutout | B110: ='Excel Calcs'!B52 -> 0.249 | C110: in
A111: Channel_DOA_FLG_L | B111: ='Excel Calcs'!K2 -> 1.5 | C111: in
A112: Channel_FLG_L | B112: ='Excel Calcs'!K3 -> 2 | C112: in
A113: Channel_W | B113: ='Excel Calcs'!K4 -> 89.80242 | C113: in
A114: Channel_W_Hole_Start | B114: ='Excel Calcs'!K5 -> 2 | C114: in
A115: Channel_W_Hole_Qty | B115: ='Excel Calcs'!K6 -> 11 | C115: ul
A116: Channel_W_Hole_Spacing | B116: ='Excel Calcs'!K7 -> 8.580242 | C116: in
A117: Channel_H | B117: ='Excel Calcs'!K8 -> 89.80598 | C117: in
A118: Channel_H_Hole_Start | B118: ='Excel Calcs'!K9 -> 2 | C118: in
A119: Channel_H_Hole_Qty | B119: ='Excel Calcs'!K10 -> 11 | C119: ul
A120: Channel_H_Hole_Spacing | B120: ='Excel Calcs'!K11 -> 8.4 | C120: in
A121: Channel_Reconnect_W_Hole_Start | B121: ='Excel Calcs'!K12 -> 2.90299 | C121: in
A122: Channel_Reconnect_W_Hole_Qty | B122: ='Excel Calcs'!K13 -> 11 | C122: ul
... A126: Channel_Reconnect_H_Hole_Spacing | B126: ='Excel Calcs'!K17 -> 8.380598 | C126: in
A127: Channel_Side_Notch_W | B127: ='Excel Calcs'!B25 -> 1.93409 | C127: in
A128: Channel_Corner_Brace_Start_Hole_1 | B128: ='Excel Calcs'!K18 -> 2.09701 | C128: in
A129: Channel_Corner_Brace_Start_Hole_2 | B129: ='Excel Calcs'!K19 -> 4.34701 | C129: in
...

Sheet Data
A1: INPUTS
A2: Parameter | B2: Value | C2: Description | F2: THIS BOX IS OUTPUT ONLY … DO NOT USE AS INPUTS
A3: Tunnel_H | B3: 90 | C3: Valid Height per tunnel Max Height is 142.5" for 1 Reconnect High= Max sheet size | F3: Thickness Outputs
A4: Tunnel_W | B4: 90 | C4: Valid Width per tunnel <> Max. 120" Width for CUWA and CUWC | F4: Corner_Brace_Thk | G4: =IF(Corner_Brace_GAO=0,CONCATENATE(12,MaterialStyle),CONCATENATE(Corner_Brace_GAO,MaterialStyle)) -> 12STL GALV | H4: =VLOOKUP(G4,Material_List_Table,MATCH(MAT_KEYT,Material_List_Column_Names,0),FALSE) -> 0.09701
A5: Reconnect_Type | B5: STD | C5: STD, CUL, CUWA, CUWC <> Standard (STD), Corridor Unit Length (CUL), Corridor Unit Width AHU(CUWA), Corridor Unit Width Corridor(CUWC) | D5: STD, CUL, CUWA, CUWC | F5: Reconnect_Thk | G5: =IF(Reconnect_GAO=0,CONCATENATE(12,MaterialStyle),CONCATENATE(Reconnect_GAO,MaterialStyle)) -> 12STL GALV | H5: =VLOOKUP(G5,Material_List_Table,MATCH(MAT_KEYT,Material_List_Column_Names,0),FALSE) -> 0.09701
A6: MaterialStyle | B6: STL GALV | C6: STL GALV <> Default, or SST304 | D6: STL GALV, SST304 | F6: Stiffener_Thk | G6: =IF(Stiffener_GAO=0,CONCATENATE(12,MaterialStyle),CONCATENATE(Stiffener_GAO,MaterialStyle)) -> 12STL GALV | H6: =VLOOKUP(G6,Material_List_Table,MATCH(MAT_KEYT,Material_List_Column_Names,0),FALSE) -> 0.09701
A7: BTM_Seam | B7: NO | C7: YES or NO = Default <> Used only for CUWA or CUWC, Bottom Seam Cover | D7: YES, NO
A8: Z_Location | B8: 0 | C8: 0 = Bolted Side to nearest split, Anything > than 0 = Bolted Side away split <> Bolted Side = Butts the adjacent skid
A9: Construction | B9: BASELINE | C9: BASELINE = Default <> Changes the hole spacing | D9: BASELINE
A10: Reconnect_Array_HO | B10: 1 | C10: 1 = Default, 1 2 or 3 <> Works for Valid STD "Reconnect_Type" only | D10: 1, 2, 3
A11: Reconnect_Array_WO | B11: 1 | C11: 1 = Default, 1 2 3 or 4 <> Works for Valid STD "Reconnect_Type" only | D11: 1, 2, 3, 4
A12: Corner_BraceO | B12: YES | C12: YES or NO <> YES is Deafult | D12: YES, NO
A13: Corner_Brace_GAO | B13: 0 | C13: 0 = Default for 12GA, Any valid acceptable GA
A14: Reconnect_GAO | B14: 0 | C14: 0 = Default for 12GA, Any valid acceptable GA
A15: Stiffener_GAO | B15: 0 | C15: 0 = Default for 12GA, Any valid acceptable GA
A17: Errors on Sheet1 | B17: =Sheet1!B273 -> 0
A18: Negative Values on Sheet1 | B18: =Sheet1!B274 -> 0
A22: =CONCATENATE("ASY RECONNECT ",Tunnel_H,"X",Tunnel_W," ",Reconnect_Type," ",IF(MaterialStyle="STL GALV"," GLV",IF(MaterialStyle=" SST","SST",IF(MaterialStyle="STRUCT GALV"," STR G",MaterialStyle)))) -> ASY RECONNECT 90X90 STD GLV | B22: =LEN(A22) -> 28

Sheet Excel Calcs
A1: FROM DATA TAB | D1: Corner Brace Holes | G1: Angle Reconnect Wall | J1: Channel Reconnect Wall | M1: Channel LOC TAB
A2: Tunnel_H | B2: =Tunnel_H -> 90 | D2: Corner_Brace_H | E2: =6-Corner_Brace_Thk*2 -> 5.80598 | G2: Angle_DOA_FLG_L | H2: =1.5 -> 1.5 | J2: Channel_DOA_FLG_L | K2: =1.5 -> 1.5 | M2: Corner_Brace_X_Hole_Start_1 | N2: =1 -> 1
A3: Tunnel_W | B3: =Tunnel_W -> 90 | D3: Corner_Brace_W | E3: =6-Corner_Brace_Thk -> 5.90299 | G3: Angle_Top_FLG_L | H3: =2 -> 2 | J3: Channel_FLG_L | K3: =2 -> 2 | M3: Corner_Brace_X_Hole_Start_2 | N3: =H4-5+Reconnect_Thk*2 -> 84.99744
A4: Reconnect_Type | B4: =Reconnect_Type -> STD | D4: Corner_Brace_Hole_Start | E4: =1-Corner_Brace_Thk -> 0.90299 | G4: Angle_W | H4: =IF(AND(B3<=142.5,B9=1,B10=1),B3-Reconnect_Thk*2-0.00128*2,IF(AND(B3<=285,B9=1,B10=1),B3/2-Reconnect_Thk*2-0.00128*2,IF(AND(B3<=427.5,B9=1,B10=1),B3/3-Reconnect_Thk*2-0.00128*2,IF(AND(B3<=570,B9=1,B10=1),B3/4-Reconnect_Thk*2-0.00128*2,IF(AND(B3<=142.5,B10=1),B3-Reconnect_Thk*2-0.00128*2,IF(AND(B3<=285,B10=2),B3/2-Reconnect_Thk*2-0.00128*2,IF(AND(B3<=288,B10=3),B3/3-Reconnect_Thk*2-0.00128*2,B3/4-Reconnect_Thk*2-0.00128*2))))))) -> 89.80342 | J4: Channel_W | K4: =H4-0.001 -> 89.80242 | M4: Corner_Brace_X_Hole_Start_3 | N4: =IF(OR(B10>=2,B3>142.5),H4+Reconnect_Thk*2+1,0) -> 0
A5: MATL_Type | B5: =MaterialStyle -> STL GALV | D5: Corner_Brace_Hole_Qty | E5: 2 | G5: Angle_W_Hole_Start | H5: 2 | J5: Channel_W_Hole_Start | K5: 2 | M5: Corner_Brace_X_Hole_Start_4 | N5: =IF(OR(B10>=2,B3>142.5),H4*2+Reconnect_Thk*4-5,0) -> 0
A6: BTM_Seam | B6: =BTM_Seam -> NO | D6: Corner_Brace_Hole_Spacing | E6: =4 -> 4 | G6: Angle_W_Hole_Qty | H6: =ROUNDUP(H4/K20,0)+1 -> 11 | J6: Channel_W_Hole_Qty | K6: =ROUNDUP(K4/K20,0)+1 -> 11 | M6: Corner_Brace_X_Hole_Start_5 | N6: =IF(OR(B10>=3,B3>285),(H4+Reconnect_Thk*2)*2+1,0) -> 0
A7: Z_Location | B7: =Z_Location -> 0 | D7: Clearance_Hole_Dia | E7: ='Hole Sizes'!B7 -> 0.218 | G7: Angle_W_Hole_Spacing | H7: =(H4-H5*2)/(H6-1) -> 8.580342 | I7: 6.5" or 9" | J7: Channel_W_Hole_Spacing | K7: =(K4-K5*2)/(K6-1) -> 8.580242 | L7: 6.5" or 9" | M7: Corner_Brace_X_Hole_Start_6 | N7: =IF(OR(B10>=3,B3>285),(H4+Reconnect_Thk*2)*3-5,0) -> 0
A8: Construction | B8: =Construction -> BASELINE | D8: DOA_FLG_L | E8: =1.3 -> 1.3 | G8: Angle_BTM_FLG_L | H8: =2 -> 2 | J8: Channel_H | K8: =H10+0.00028*2 -> 89.80598 | M8: Corner_Brace_X_Hole_Start_7 | N8: =IF(OR(B10=4,B3>427.5),(H4+Reconnect_Thk*2)*3+1,0) -> 0
A9: Reconnect_Array_HO | B9: =Reconnect_Array_HO -> 1 | D9: DOA_FLG_Hole_Y | E9: 0.75 | G9: Angle_Side_FLG_L | H9: =1.5 -> 1.5 | J9: Channel_H_Hole_Start | K9: =2 -> 2 | M9: Corner_Brace_X_Hole_Start_8 | N9: =IF(OR(B10=4,B3>427.5),B3-5,0) -> 0
A10: Reconnect_Array_WO | B10: =Reconnect_Array_WO -> 1 | D10: Brace_Face_Start_Hole | E10: 1.25 | G10: Angle_H | H10: =IF(OR(B4="CUWA",B4="CUWC"),B2-Reconnect_Thk-B28-0.00028*2,IF(B9=1,B2-Reconnect_Thk*2-0.00028*2,IF(B9=2,B2/2-Reconnect_Thk*2-0.00028*2,B2/3-Reconnect_Thk*2-0.00028*2))) -> 89.80542 | J10: Channel_H_Hole_Qty | K10: =ROUNDUP(K8/K20,0)+1 -> 11 | L10: 6.5" or 9" | M10: Corner_Brace_Hole_Qty | N10: 2 | O10: JC
A11: Corner_Brace | B11: =Corner_BraceO -> YES | D11: Brace_Face_Start_Hole_Y | E11: =0.75-Corner_Brace_Thk -> 0.65299 | G11: Angle_H_Hole_Start | H11: =2 -> 2 | J11: Channel_H_Hole_Spacing | K11: =IF(B4="CUWC",H19,(K8-K12*2)/(K10-1)) -> 8.4 | M11: Corner_Brace_Hole_Spacing | N11: =E6 -> 4
A12: Corner_Brace_GAO | B12: =Corner_Brace_GAO -> 0 | D12: Brace_Face_Spacing_Hole | E12: 2.25 | G12: Angle_H_Hole_Qty | H12: =ROUNDUP(H10/K20,0)+1 -> 11 | I12: 6.5" or 9" | J12: Channel_Reconnect_W_Hole_Start | K12: =3-Reconnect_Thk -> 2.90299 | M12: Reconnect_X_Hole_Start_1 | N12: =3 -> 3
A13: Reconnect_GAO | B13: =Reconnect_GAO -> 0 | D13: Corner_Brace_Vert_Dist_1 | E13: =IF(B103=1,H10+Reconnect_Thk-B19/2,K8+Reconnect_Thk) -> 89.88693 | G13: Angle_H_Hole_Spacing | H13: =(H10-H11*2)/(H12-1) -> 8.580542 | J13: Channel_Reconnect_W_Hole_Qty | K13: =ROUNDUP((K4-K12*2)/K20,0)+1 -> 11 | L13: 6.5" or 9" | M13: Reconnect_X_Hole_Start_2 | N13: =IF(OR(B10>=2,B3>142.5),N12+H4+Reconnect_Thk*2,0) -> 0
A14: Stiffener_GAO | B14: =Stiffener_GAO -> 0 | D14: Corner_Brace_Hor_Dist_1 | E14: =IF(B103=1,H4+Reconnect_Thk,K4+Reconnect_Thk) -> 89.90043 | G14: Angle_Reconnect_W_Hole_Start | H14: =3-Reconnect_Thk -> 2.90299 | J14: Channel_Reconnect_W_Hole_Spacing | K14: =IF(B4="CUWC",H16,(K4-K12*2)/(K13-1)) -> 8.399644 | M14: Reconnect_X_Hole_Start_3 | N14: =IF(OR(B10>=3,B3>285),(H4+Reconnect_Thk*2)*2+3,0) -> 0
D15: Corner_Brace_X_LOC_1 | E15: =Reconnect_Thk -> 0.09701 | G15: Angle_Reconnect_W_Hole_Qty | H15: =ROUNDUP((H4-H14*2)/K20,0)+1 -> 11 | I15: 6.5" or 9" | J15: Channel_Reconnect_H_Hole_Start | K15: =3 -> 3 | M15: Reconnect_X_Hole_Start_4 | N15: =IF(OR(B10>=4,B3>427.5),(H4+Reconnect_Thk*2)*3+3,0) -> 0
A16: Parameter | B16: Value | D16: Corner_Brace_X_LOC_2 | E16: =E15+H4 -> 89.90043 | G16: Angle_Reconnect_W_Hole_Spacing | H16: =(H4-H14*2)/(H15-1) -> 8.399744 | J16: Channel_Reconnect_H_Hole_Qty | K16: =ROUNDUP((K8-K15*2)/K20,0)+1 -> 11 | L16: 6.5" or 9" | M16: Reconnect_X_Hole_Qty | N16: =H15 -> 11
A17: General | D17: Corner_Brace_X_LOC_3 | E17: =E16+Reconnect_Thk*2 -> 90.09445 | G17: Angle_Reconnect_H_Hole_Start | H17: =3-Reconnect_Thk -> 2.90299 | J17: Channel_Reconnect_H_Hole_Spacing | K17: =IF(B4="CUWC",H19,(K8-K15*2)/(K16-1)) -> 8.380598 | M17: Reconnect_X_Hole_Spacing | N17: =IF(B4="CUWC",K17,H16) -> 8.399744
A18: Side reconnect to Shell Clearance | B18: 0.25 | D18: Corner_Brace_X_LOC_4 | E18: =E17+H4 -> 179.89787 | G18: Angle_Reconnect_H_Hole_Qty | H18: =IF(H10<=28.5,3,ROUNDUP((H10-H17*2)/K20,0)+1) -> 11 | I18: 6.5" or 9" | J18: Channel_Corner_Brace_Start_Hole_1 | K18: =2+Reconnect_Thk -> 2.09701 | M18: Corner_Brace_Y_Hole_Start_1 | N18: 1
A19: Clearance | B19: 0.031 | D19: Corner_Brace_X_LOC_5 | E19: =E18+Reconnect_Thk*2 -> 180.09189 | G19: Angle_Reconnect_H_Hole_Spacing | H19: =IF(B4="CUWC",(H10-H17*2-Reconnect_Thk)/(H18-1),IF(H10<=28.5,(H10-H17*2)/2,(H10-H17*2)/(H18-1))) -> 8.399944 | J19: Channel_Corner_Brace_Start_Hole_2 | K19: =4.25+Reconnect_Thk -> 4.34701 | M19: Corner_Brace_Y_Hole_Start_2 | N19: =IF(OR(B$4="CUWA",B$4="CUWC"),H10+Reconnect_Thk-5,H10+Reconnect_Thk*2-5) -> 84.99944
A20: Engagement_Hole_Dia | B20: ='Hole Sizes'!E25 -> 0.152 | D20: Corner_Brace_X_LOC_6 | E20: =E19+H4 -> 269.89531 | G20: Angle_Reconnect_Side_CB_Start_Hole | H20: =0.75 -> 0.75 | J20: Hole_Spacing "REF" Seismic | K20: =IF(B8="BASELINE",9,6.5) -> 9 | L20: 6.5" or 9" | M20: Corner_Brace_Y_Hole_Start_3 | N20: =IF(B9<2,0,IF(AND(B9=1,B10=1),0,IF(OR(B$4="CUWA",B$4="CUWC"),0,H10+Reconnect_Thk*2+1))) -> 0
A21: Clearance_Hole_Dia | B21: ='Hole Sizes'!B7 -> 0.218 | D21: Corner_Brace_X_LOC_7 | E21: =E20+Reconnect_Thk*2 -> 270.08933 | G21: Angle_Reconnect_Z_Hole_Inward_FLG | H21: =1.25 -> 1.25 | J21: Channel_CB_X_Start_Hole | K21: =1-Reconnect_Thk -> 0.90299 | M21: Corner_Brace_Y_Hole_Start_4 | N21: =IF(B9<2,0,IF(AND(B9=1,B10=1),0,IF(OR(B$4="CUWA",B$4="CUWC"),0,(H10+Reconnect_Thk*2)*2-5))) -> 0
A22: CLR_Reconnect_HOLE | B22: 0.562 | D22: Corner_Brace_X_LOC_8 | E22: =B3-Reconnect_Thk -> 89.90299 | G22: Angle_Reconnect_Z_Hole_DOA | H22: 0.75 | J22: Channel_CB_Y_Start_Hole | K22: =1.25-Reconnect_Thk -> 1.15299 | M22: Corner_Brace_Y_Hole_Start_5 | N22: =IF(B9<3,0,IF(AND(B9=1,B10=1),0,IF(OR(B$4="CUWA",B$4="CUWC"),0,(H10+Reconnect_Thk*2)*2+1))) -> 0
A23: Bolt_Reconnect_Hole_Dia | B23: 0.312 | D23: Corner_Brace_Y_LOC_1 | E23: =Reconnect_Thk -> 0.09701 | G23: Angle_Reconnect_FLG_2 | H23: =0.75 -> 0.75 | J23: Channel_Reconnect_Z_Hole_Inward_FLG | K23: 1.25 | M23: Corner_Brace_Y_Hole_Start_6 | N23: =IF(B9<3,0,IF(AND(B9=1,B10=1),0,IF(OR(B$4="CUWA",B$4="CUWC"),0,B2-5))) -> 0
A24: CUL_STD_Hole_Dia | B24: =IF(B4="CUWC",B23,B21) -> 0.218 | D24: Corner_Brace_Y_LOC_2 | E24: =IF(AND(B9=1,B10=1),B2-Reconnect_Thk,H10+Reconnect_Thk) -> 89.90299 | G24: Angle_Reconnect_STD_CUL_Hole_Dia | H24: =IF(B4="CUL",B21,IF(B4="STD",B23,B23)) -> 0.312 | J24: Channel_Reconnect_Z_Hole_DOA_FLG | K24: =0.75-Reconnect_Thk -> 0.65299 | M24: Corner_Brace_Y_Hole_Qty | N24: 2
A25: Notch_W | B25: =K3-Data!H5+0.0001+B19 -> 1.93409 | D25: Corner_Brace_Y_LOC_3 | E25: =E24+Reconnect_Thk*2 -> 90.09701 | G25: Angle_Reconnect_CUL_Hole_Dia | H25: =IF(B4="CUL",B23,B23) -> 0.312 | M25: Corner_Brace_Y_Hole_Spacing | N25: =E6 -> 4
A26: Notch_H | B26: =Data!H5 -> 0.09701 | D26: Corner_Brace_Y_LOC_4 | E26: =E25+H10 -> 179.90243 | M26: Reconnect_Y_Hole_Start_1 | N26: =IF(OR(B4="CUWA",B4="CUWC"),3-Corner_Brace_Thk/2,3) -> 3
A27: Corner_Brace_Countersunk_Hole | B27: ='Hole Sizes'!B10 -> 0.437 | D27: Corner_Brace_Y_LOC_5 | E27: =E26+Reconnect_Thk*2 -> 180.09645 | M27: Reconnect_Y_Hole_Start_2 | N27: =IF(OR(B2>142.5,B9>=2),N26+H10+Reconnect_Thk*2,0) -> 0
A28: BendRadius | B28: 0.001 | D28: Corner_Brace_Y_LOC_6 | E28: =IF(B4="CUWC",B2-Reconnect_Thk,IF(B9=1,B2-Reconnect_Thk,B2-Reconnect_Thk)) -> 89.90299 | G28: Stamped Feature | M28: Reconnect_Y_Hole_Start_3 | N28: =IF(OR(B2>285,B9>=3),N27+H10+Reconnect_Thk*2,0) -> 0
A29: CTR_Hole_DIA | B29: =0.109 -> 0.109 | D29: Corner_Brace_Z_LOC | E29: =Reconnect_Thk -> 0.09701 | G29: Feature_H | H29: 0.125 | M29: Reconnect_Y_Hole_Qty | N29: =H18 -> 11
A30: Stamped_Hole_Cut_DIA | B30: ='Hole Sizes'!B38 -> 0.218 | D30: Corner_Brace_CLR_Holes | E30: =0.185 -> 0.185 | G30: Feature_Dia | H30: 0.28 | M30: Reconnect_Y_Hole_Spacing | N30: =H19 -> 8.399944
A31: Corner_Relief_H | B31: =0.25 -> 0.25 | D31: Countersink_1_DIST | E31: 2 | G31: Small_Feature_Angle | H31: 41 | M31: Seam_BTM_Y_Hole_Start | N31: =E48+B19+Reconnect_Thk -> 4.12801
A32: Asy_End_Relief | B32: =0.0625/2 -> 0.03125 | D32: Countersink_2_DIST | E32: 4.25 | G32: Countersink_Engagement_Hole | H32: ='Hole Sizes'!B38 -> 0.218 | M32: Seam_BTM_Y_Hole_Qty | N32: =E46 -> 11
A33: Floor_Clearance_Hole_Dia | B33: ='Hole Sizes'!G26 -> 0.25 | D33: Corner_Brace_Hole_DIA | E33: ='Hole Sizes'!B40 -> 0.25 | G33: Countersink_Callout_Hole | H33: ='Hole Sizes'!B39 -> 0.497 | M33: Seam_BTM_Y_Hole_Spacing | N33: =E47 -> 8.174398
A34: Stiffener | G34: Countersink_Callout_Depth | H34: 0.00125 | M34: Seam_BTM_Z_LOC | N34: =IF(OR(B4="CUWA",B4="CUWC"),0.5,0) -> 0
A35: Stiffener_H | B35: =IF(AND(B9=1,B10=1),B2-Reconnect_Thk*4-B19/2,H10-Reconnect_Thk*2) -> 89.59646 | G35: Countersink_XY_DIST | H35: =0.75-Corner_Brace_Thk-Reconnect_Thk -> 0.55598 | M35: Z_Location_STD_Top | N35: =IF(AND(B7>0,B4="STD"),B7-0.75,IF(AND(B7>0,B4="CUWA"),B7-0.75,IF(AND(B7>0,B4="CUWC"),B7-0.75,0.75))) -> 0.75
A36: Stiffener_FLG_L | B36: =1.5-Reconnect_Thk -> 1.40299 | M36: Z_Location_CUW, CUL | N36: =IF(AND(B4="CUWA",B7>0),B7-1,IF(AND(B4="CUWC",B7>0),B7-1,IF(OR(B4="CUWA",B4="CUWC"),1,0))) -> 0
A37: Stiffener_W | B37: 3 | M37: Z_Location_CTR_Hole | N37: =0.4721-Reconnect_Thk -> 0.37509
A38: Stiffener_Hole_CLR | B38: ='Hole Sizes'!B7 -> 0.218 | D38: Seam Split BTM Flat | M38: Z_Location_BTM | N38: =IF(B4="CUL",0,IF(B4="STD",1.125,0.5)) -> 1.125
A39: Stiffener_X_LOC_1 | B39: =IF(AND(B3>96,B3<=142.5,B9=1,B10=1),H4/2+Reconnect_Thk,IF(AND(B3>142.5,B3<=285,B9=1,B10=1),H4/2+Reconnect_Thk,IF(AND(B3>285,B3<=427.5),H4/2+Reconnect_Thk,IF(AND(B3>427.5,B3<570),H4/2+Reconnect_Thk,IF(OR(H15=2,H15=4,H15=6,H15=8,H15=10,H15=12,H15=14,H15=16,H15=18,H15=20,H15=22,H15=24,H15=26),(B3/B10)/2-(H7/2)-Reconnect_Thk*3,(B3/B10)/2))))) -> 45 | D39: Seam_X_LOC | E39: =B19+Reconnect_Thk -> 0.12801 | M39: Z_Location_Stiff_Hole_Top | N39: =N40 -> 0.75
A40: Stiffener_X_LOC_2 | B40: =IF(OR(H15=2,H15=4,H15=6,H15=8,H15=10,H15=12,H15=14,H15=16,H15=18,H15=20,H15=22,H15=24,H15=26),H4*1.5+Reconnect_Thk*3,H4*1.5+Reconnect_Thk*3) -> 134.99616 | D40: Seam_L | E40: =IF(B3>144,144,B3-Reconnect_Thk*2-B19*2) -> 89.74398 | G40: DIST | J40: Int_Vert_Sup | M40: Z_Location_Stiff_Hole_Btm | N40: =IF(AND(B4="CUWA",B7>0),B7-H2-H22,IF(AND(B4="CUWC",B7>0),B7-H2-H22,IF(AND(B4="CUWA",B7=0),H2-H22,IF(AND(B4="CUWC",B7=0),H2-H22,H2-H22)))) -> 0.75
A41: Stiffener_X_LOC_3 | B41: =IF(OR(H15=2,H15=4,H15=6,H15=8,H15=10,H15=12,H15=14,H15=16,H15=18,H15=20,H15=22,H15=24,H15=26),H4*2.5-B19-Reconnect_Thk,H4*2.5+Reconnect_Thk*5) -> 224.9936 | D41: Seam_W | E41: 3 | G41: ARRAY_H_DIST_1 | H41: =IF(B9>=2,H10/2+Reconnect_Thk,IF(B4="CUWC",B2/B9-(H10/2)-Reconnect_Thk,IF(B4="CUWA",B2/B9-(H10/2)-Reconnect_Thk,IF(OR(B4="CUL",B4="STD"),(H10/2)+Reconnect_Thk,B2/B9-((H10+Reconnect_Thk)/2))))) -> 44.99972 | J41: Int_Vert_Dist_1 | K41: =0 -> 0 | M41: X_Location_Stiff_Hole_T_B_1 | N41: =IF(AND(OR(B4="STD",B4="CUL"),B10=1,B3<=142.5),(B3/2)-0.75,IF(AND(OR(B4="STD",B4="CUL"),B10=1,B3<=285),(B3*0.25)-0.75,IF(AND(OR(B4="STD",B4="CUL"),B10=1,B3<=427.5),(B3*0.16667)-0.75,IF(AND(B3>427.5,OR(B4="STD",B4="CUL"),B10=1),(B3*0.125)-0.75,IF(AND(OR(B4="STD",B4="CUL"),B10=1),(B3/2)-0.75,IF(AND(OR(B4="STD",B4="CUL"),B10=2),(B3*0.25)-0.75,IF(AND(OR(B4="STD",B4="CUL"),B10=3),(B3*0.16667)-0.75,IF(AND(OR(B4="STD",B4="CUL"),B10=4),(B3*0.125)-0.75,(B3*0.875)-0.75)))))))) -> 44.25
A42: Stiffener_X_LOC_4 | B42: =IF(OR(H15=2,H15=4,H15=6,H15=8,H15=10,H15=12,H15=14,H15=16,H15=18,H15=20,H15=22,H15=24,H15=26),H4*3.5-(H7/2)+B19*2+Reconnect_Thk*4,H4*3.5+Reconnect_Thk*7) -> 314.99104 | D42: Seam_Notch_W | E42: =Reconnect_Thk+B19/2 -> 0.11251 | G42: ARRAY_H_DIST_2 | H42: =IF(B9=2,B2*0.75,B2/2) -> 45 | J42: Int_Vert_Dist_2 | K42: =K41+H4+Reconnect_Thk*2 -> 89.99744 | M42: X_Location_Stiff_Hole_T_B_2 | N42: =IF(OR(B4="CUWA",B4="CUWC"),0,IF(AND(OR(B4="STD",B4="CUL"),B10=1,B3<=142.5),0,IF(AND(OR(B4="STD",B4="CUL"),B10=1,B3<=285),(B3*0.75)-0.75,IF(AND(OR(B4="STD",B4="CUL"),B10=1,B3<=427.5),(B3*0.5)-0.75,IF(AND(B3>427.5,B4="STD",B10=1),(B3*0.375)-0.75,IF(AND(OR(B4="STD",B4="CUL"),B10=1),0,IF(AND(OR(B4="STD",B4="CUL"),B10=2),(B3*0.75)-0.75,IF(AND(OR(B4="STD",B4="CUL"),B10=3),(B3*0.5)-0.75,IF(AND(OR(B4="STD",B4="CUL"),B10=4),(B3*0.375)-0.75,0))))))))) -> 0
A43: Stiffener_Y_Hole_LOC | B43: =0.75-B19/2-Stiffener_Thk-Reconnect_Thk -> 0.54048 | D43: Seam_Notch_W_2 | E43: =IF((Reconnect_Thk*2+B19)>0.25,Reconnect_Thk*2+B19,0.25) -> 0.25 | G43: ARRAY_H_DIST_3 | H43: =B2-(H10+Reconnect_Thk*2)/2 -> 45.00028 | J43: Int_Vert_Dist_3 | K43: =K42 -> 89.99744 | M43: X_Location_Stiff_Hole_T_B_3 | N43: =IF(AND(OR(B4="STD",B4="CUL"),B10=1,B3<=142.5),0,IF(AND(OR(B4="STD",B4="CUL"),B10=1,B3<=285),0,IF(AND(OR(B4="STD",B4="CUL"),B10=1,B3<=427.5),(B3*0.8333)-0.75,IF(AND(B3>427.5,OR(B4="STD",B4="CUL"),B10=1),(B3*0.625)-0.75,IF(AND(OR(B4="STD",B4="CUL"),B10=3),(B3*0.8333)-0.75,IF(AND(OR(B4="STD",B4="CUL"),B10=4),(B3*0.625)-0.75,0)))))) -> 0
A44: Stiffener_Y_Side_Hole_LOC | B44: =1.5-Reconnect_Thk -> 1.40299 | D44: Seam_Notch_L | E44: =IF(OR(B4="STD",B4="CUWA",B4="CUL"),H3-Reconnect_Thk+B19,K3-Reconnect_Thk+B19) -> 1.93399 | G44: ARRAY_H_DIST_TOP | H44: =B2 -> 90 | J44: Int_Vert_Dist_4 | K44: =K43+H4+Reconnect_Thk*2 -> 179.99488 | M44: X_Location_Stiff_Hole_T_B_4 | N44: =IF(AND(OR(B4="STD",B4="CUL"),B10=1,B3<=142.5),0,IF(AND(OR(B4="STD",B4="CUL"),B10=1,B3<=285),0,IF(AND(OR(B4="STD",B4="CUL"),B10=1,B3>427.5),(B3*0.875)-0.75,IF(AND(OR(B4="STD",B4="CUL"),B10=4),(B3*0.875)-0.75,0)))) -> 0
A45: Stiffener_Y_DIST | B45: =IF(OR(B4="CUWA",B4="CUWC"),H10/2+B19+0.011,H10/2+Reconnect_Thk) -> 44.99972 | D45: Seam_Hole_To_CTR | E45: =0.5 -> 0.5 | G45: ARRAY_W_DIST_Start | H45: =0 -> 0 | J45: Int_Vert_Dist_5 | K45: =K44 -> 179.99488
A46: Stiffener_Y_DIST_2 | B46: =H10*1.5+Reconnect_Thk*3 -> 134.99916 | D46: Seam_Hole_Array_Qty | E46: =ROUNDUP((E40-E48*2)/9,0)+1 -> 11 | G46: ARRAY_W_DIST_1 | H46: =IF(B4="CUWC",B3/2,IF(AND(B9=1,B10=1,B3>142.5),B3/2,IF(AND(B3>285,B9=1,B10=1),(B3/3),IF(B10=1,B3/(B10+1),(B3/B10)/2)))) -> 45 | J46: Int_Vert_Dist_6 | K46: =K45+H4+Reconnect_Thk*2 -> 269.99232
A47: Stiffener_Y_DIST_3 | B47: =H10*2.5+Reconnect_Thk*5 -> 224.9986 | D47: Seam_Hole_Array_DIST | E47: =(E40-E48*2)/(E46-1) -> 8.174398 | G47: ARRAY_W_DIST_2 | H47: =IF(AND(B9=1,B10=1,B3>142.5),H4*1.5+Reconnect_Thk*3,IF(B10=1,B3,H4*1.5+Reconnect_Thk*3)) -> 90 | J47: Int_Vert_Dist_7 | K47: =K46 -> 269.99232
A48: Stiffener_CTR_Y_DIST_BTM | B48: =IF(OR(B4="CUWA",B4="CUWC"),0.278-0.194,0.278-0.218) -> 0.06 | D48: Seam_Hole_Start | E48: 4 | G48: ARRAY_W_DIST_3 | H48: =H4*2.5+Reconnect_Thk*5+0.00028*3 -> 224.99444 | J48: Int_Vert_Dist_8 | K48: =B3 -> 90
A49: Stiffener_CTR_Y_DIST_Top | B49: =IF(OR(B4="CUWA",B4="CUWC"),0.2,0.2) -> 0.2 | D49: Seam_THK_CLR | E49: =Reconnect_Thk+B19 -> 0.12801 | G49: ARRAY_W_DIST_4 | H49: =(B$3-(H4/2+Reconnect_Thk)) -> 45.00128
A50: Stiffener_Side_Hole | B50: =0.5-Reconnect_Thk -> 0.40299 | D50: Seam_Angle_FLG_2_THK | E50: =H23-Reconnect_Thk -> 0.65299 | G50: Int_LR_Angle_X_DIST | H50: =IF(OR(B4="CUL",B4="STD"),H4,B3) -> 89.80342
A51: Stiffener_Z_Hole_LOC | B51: =IF(B4="CUWC",Reconnect_Thk,Reconnect_Thk) -> 0.09701 | D51: Seam_Angle_Inward_FLG_THK | E51: =H3-Reconnect_Thk -> 1.90299 | G51: Int_TB_Angle_Y_DIST | H51: =IF(OR(B4="CUL",B4="STD"),H10,H10+Reconnect_Thk) -> 89.80542
A52: Stiffener_Cutout | B52: =0.249 -> 0.249
F53: QTY
E54: Location | F54: =SUM(B55:B102) -> 4
A55: Corner_Brace_1 | B55: =IF(B$11="NO",0,IF(OR(B4="CUWA",B4="CUWC"),0,IF(AND(B9>=1,B10>=1),1,IF(OR(B2>96,B3>96),1,0)))) -> 1 | C55: ul | D55: 0 = off, >0 = on | E55: 1W BTM-R | F55: =IF(B55=1,1,"") -> 1
A56: Corner_Brace_2 | B56: =IF(B$11="NO",0,IF(OR(B4="CUWA",B4="CUWC"),0,IF(AND(B9>=1,B10>=1),1,IF(OR(B4="CUWA",B4="CUWC"),0,IF(OR(B2>96,B3>96),1,0))))) -> 1 | C56: ul | D56: 0 = off, >0 = on | E56: 1W BTM-L | F56: =IF(B56=1,1,"") -> 1
A57: Corner_Brace_3 | B57: =IF(B$11="NO",0,IF(AND(B9>=1,B10>=1),1,IF(OR(B2>96,B3>96),1,0))) -> 1 | C57: ul | D57: 0 = off, >0 = on | E57: 1W TOP-R | F57: =IF(B57=1,1,"") -> 1
A58: Corner_Brace_4 | B58: =IF(B$11="NO",0,IF(AND(B9>=1,B10>=1),1,IF(OR(B4="CUWA",B4="CUWC"),0,IF(OR(B2>96,B3>96),1,0)))) -> 1 | C58: ul | D58: 0 = off, >0 = on | E58: 1W TOP-L | F58: =IF(B58=1,1,"") -> 1
A59: Corner_Brace_5 | B59: =IF(B11="NO",0,IF(B3>142.5,1,IF(AND(B9>=1,B10>=2),1,0))) -> 0 | C59: ul | D59: 0 = off, >0 = on | E59: 2W | F59: =IF(B59=1,1,"")
A60: Corner_Brace_6 | B60: =IF(B11="NO",0,IF(AND(B2>142.5,B9>=2),1,IF(B9>=2,1,IF(AND(B9>=2,B10>=2),1,0)))) -> 0 | C60: ul | D60: 0 = off, >0 = on | E60: 2H | F60: =IF(B60=1,1,"")
A61: Corner_Brace_7 | B61: =IF(B11="NO",0,IF(B3>142.5,1,IF(B9>=2,1,IF(AND(B9>=1,B10>=2),1,0)))) -> 0 | C61: ul | D61: 0 = off, >0 = on | E61: 2W or 2H | F61: =IF(B61=1,1,"")
A62: Corner_Brace_8 | B62: =IF(B11="NO",0,IF(B3>142.5,1,IF(AND(B9>=1,B10>=2),1,0))) -> 0 | C62: ul | D62: 0 = off, >0 = on | E62: 2W | F62: =IF(B62=1,1,"")
A63: Corner_Brace_9 | B63: =IF(B11="NO",0,IF(AND(B3>285,B9=1,B10=1),1,IF(AND(B9=1,B10=3),1,IF(AND(B9>=1,B10>=3),1,0)))) -> 0 | C63: ul | D63: 0 = off, >0 = on | E63: 3W | F63: =IF(B63=1,1,"")
A64: Corner_Brace_10 | B64: =IF(B11="NO",0,IF(B3>142.5,1,IF(AND(B9=1,B10=3),1,IF(AND(B9>=1,B10>=2),1,0)))) -> 0 | C64: ul | D64: 0 = off, >0 = on | E64: 2W | F64: =IF(B64=1,1,"")
A65: Corner_Brace_11 | B65: =IF(B11="NO",0,IF(AND(B3>285,B9=1,B10=1),1,IF(AND(B9>=2,B10>=2),1,IF(AND(B9>=1,B10>=3),1,0)))) -> 0 | C65: ul | D65: 0 = off, >0 = on | E65: 3W or 2H | F65: =IF(B65=1,1,"")
A66: Corner_Brace_12 | B66: =IF(B11="NO",0,IF(AND(B9=1,B10=3),1,IF(AND(B9>=1,B10>=3),1,IF(AND(B3>285,B9=1,B10=1),1,0)))) -> 0 | C66: ul | D66: 0 = off, >0 = on | E66: 3W | F66: =IF(B66=1,1,"")
A67: Corner_Brace_13 | B67: =IF(B11="NO",0,IF(AND(B9=1,B10=4),1,IF(AND(B9>=1,B10>=4),1,IF(AND(B3>427.5,B10=1),1,0)))) -> 0 | C67: ul | D67: 0 = off, >0 = on | E67: 4W | F67: =IF(B67=1,1,"")
A68: Corner_Brace_14 | B68: =IF(B11="NO",0,IF(AND(B3>285,B9=1,B10=1),1,IF(AND(B9=1,B10=4),1,IF(AND(B9>=1,B10>=3),1,0)))) -> 0 | C68: ul | D68: 0 = off, >0 = on | E68: 3W | F68: =IF(B68=1,1,"")
A69: Corner_Brace_15 | B69: =IF(B11="NO",0,IF(AND(B9>=2,B10>=3),1,IF(AND(B9=1,B10>=4),1,IF(AND(B3>427.5,B10=1),1,0)))) -> 0 | C69: ul | D69: 0 = off, >0 = on | E69: 4w, >2H | F69: =IF(B69=1,1,"")
A70: Corner_Brace_16 | B70: =IF(B11="NO",0,IF(AND(B9>=1,B10>=4),1,IF(AND(B3>427.5,B10=1),1,0))) -> 0 | C70: ul | D70: 0 = off, >0 = on | E70: 4W | F70: =IF(B70=1,1,"")
A71: Corner_Brace_17 | B71: =IF(B11="NO",0,IF(AND(B9>=1,B10>=4),1,IF(AND(B3>427.5,B10=1),1,0))) -> 0 | C71: ul | D71: 0 = off, >0 = on | E71: 4W | F71: =IF(B71=1,1,"")
A72: Corner_Brace_18 | B72: =IF(B11="NO",0,IF(AND(B9>=2,B10>=4),1,0)) -> 0 | C72: ul | D72: 0 = off, >0 = on | E72: 3H | F72: =IF(B72=1,1,"")
A73: Corner_Brace_19 | B73: =IF(B11="NO",0,IF(B9>=2,1,IF(AND(B9>=2,B10=4),1,0))) -> 0 | C73: ul | D73: 0 = off, >0 = on | E73: 2H | F73: =IF(B73=1,1,"")
A74: Corner_Brace_20 | B74: =IF(B11="NO",0,IF(B9>=2,1,IF(AND(B9>=2,B10=4),1,0))) -> 0 | C74: ul | D74: 0 = off, >0 = on | E74: 2H | F74: =IF(B74=1,1,"")
A75: Corner_Brace_21 | B75: =IF(B11="NO",0,IF(B9>=3,1,0)) -> 0 | C75: ul | D75: 0 = off, >0 = on | E75: >=3H | F75: =IF(B75=1,1,"")
A76: Corner_Brace_22 | B76: =IF(B11="NO",0,IF(AND(B9>=2,B10>=2),1,IF(B9>=3,1,0))) -> 0 | C76: ul | D76: 0 = off, >0 = on | E76: 2H-2W or>=3H | F76: =IF(B76=1,1,"")
A77: Corner_Brace_23 | B77: =IF(B11="NO",0,IF(AND(B9>=2,B10>=2),1,0)) -> 0 | C77: ul | D77: 0 = off, >0 = on | E77: 2H-2W or3W | F77: =IF(B77=1,1,"")
A78: Corner_Brace_24 | B78: =IF(B11="NO",0,IF(AND(B9>=2,B10>=2),1,0)) -> 0 | C78: ul | D78: 0 = off, >0 = on | E78: 2H-2Wor3W | F78: =IF(B78=1,1,"")
A79: Corner_Brace_25 | B79: =IF(B11="NO",0,IF(AND(B9>=2,B10>=2),1,0)) -> 0 | C79: ul | D79: 0 = off, >0 = on | E79: 2H-2Wor3W | F79: =IF(B79=1,1,"")
A80: Corner_Brace_26 | B80: =IF(B11="NO",0,IF(AND(B9>=2,B10>=3),1,IF(AND(B9>=3,B10>=2),1,0))) -> 0 | C80: ul | D80: 0 = off, >0 = on | E80: 2H-3W | F80: =IF(B80=1,1,"")
A81: Corner_Brace_27 | B81: =IF(B11="NO",0,IF(AND(B9>=2,B10>=3),1,0)) -> 0 | C81: ul | D81: 0 = off, >0 = on | E81: 2H-3W | F81: =IF(B81=1,1,"")
A82: Corner_Brace_28 | B82: =IF(B11="NO",0,IF(AND(B9>=2,B10>=3),1,0)) -> 0 | C82: ul | D82: 0 = off, >0 = on | E82: 2H-3W | F82: =IF(B82=1,1,"")
A83: Corner_Brace_29 | B83: =IF(B11="NO",0,IF(AND(B9>=2,B10>=3),1,0)) -> 0 | C83: ul | D83: 0 = off, >0 = on | E83: 2H-3W | F83: =IF(B83=1,1,"")
A84: Corner_Brace_30 | B84: =IF(B11="NO",0,IF(AND(B9>=2,B10>=4),1,IF(AND(B9>=3,B10>=3),1,0))) -> 0 | C84: ul | D84: 0 = off, >0 = on | E84: 2H-4W | F84: =IF(B84=1,1,"")
A85: Corner_Brace_31 | B85: =IF(B11="NO",0,IF(AND(B9>=2,B10>=4),1,0)) -> 0 | C85: ul | D85: 0 = off, >0 = on | E85: 2H-4W | F85: =IF(B85=1,1,"")
A86: Corner_Brace_32 | B86: =IF(B11="NO",0,IF(AND(B9>=2,B10>=4),1,0)) -> 0 | C86: ul | D86: 0 = off, >0 = on | E86: 2H-4W | F86: =IF(B86=1,1,"")
A87: Corner_Brace_33 | B87: =IF(B11="NO",0,IF(AND(B9>=2,B10>=4),1,0)) -> 0 | C87: ul | D87: 0 = off, >0 = on | E87: 2H-4W | F87: =IF(B87=1,1,"")
A88: Corner_Brace_34 | B88: =IF(B11="NO",0,IF(AND(B9>=3,B10>=4),1,0)) -> 0 | C88: ul | D88: 0 = off, >0 = on | E88: 3H-4W | F88: =IF(B88=1,1,"")
A89: Corner_Brace_35 | B89: =IF(B11="NO",0,IF(AND(B9>=3,B10>=1),1,0)) -> 0 | C89: ul | D89: 0 = off, >0 = on | E89: 3H-2W | F89: =IF(B89=1,1,"")
A90: Corner_Brace_36 | B90: =IF(B11="NO",0,IF(AND(B9>=3,B10>=1),1,0)) -> 0 | C90: ul | D90: 0 = off, >0 = on | E90: 3H-2W | F90: =IF(B90=1,1,"")
A91: Corner_Brace_37 | B91: =IF(B11="NO",0,IF(AND(B9>=3,B10>=2),1,0)) -> 0 | C91: ul | D91: 0 = off, >0 = on | E91: 3H-2W | F91: =IF(B91=1,1,"")
A92: Corner_Brace_38 | B92: =IF(B11="NO",0,IF(AND(B9>=3,B10>=2),1,0)) -> 0 | C92: ul | D92: 0 = off, >0 = on | E92: 3H-2W | F92: =IF(B92=1,1,"")
A93: Corner_Brace_39 | B93: =IF(B11="NO",0,IF(AND(B9>=3,B10>=2),1,0)) -> 0 | C93: ul | D93: 0 = off, >0 = on | E93: 3H-2W | F93: =IF(B93=1,1,"")
A94: Corner_Brace_40 | B94: =IF(B11="NO",0,IF(AND(B9>=3,B10>=2),1,0)) -> 0 | C94: ul | D94: 0 = off, >0 = on | E94: 3H-2W | F94: =IF(B94=1,1,"")
A95: Corner_Brace_41 | B95: =IF(B11="NO",0,IF(AND(B9>=3,B10>=3),1,0)) -> 0 | C95: ul | D95: 0 = off, >0 = on | E95: 3H-3W | F95: =IF(B95=1,1,"")
A96: Corner_Brace_42 | B96: =IF(B11="NO",0,IF(AND(B9>=3,B10>=3),1,0)) -> 0 | C96: ul | D96: 0 = off, >0 = on | E96: 3H-3W | F96: =IF(B96=1,1,"")
A97: Corner_Brace_43 | B97: =IF(B11="NO",0,IF(AND(B9>=3,B10>=3),1,0)) -> 0 | C97: ul | D97: 0 = off, >0 = on | E97: 3H-3W | F97: =IF(B97=1,1,"")
A98: Corner_Brace_44 | B98: =IF(B11="NO",0,IF(AND(B9>=3,B10>=3),1,0)) -> 0 | C98: ul | D98: 0 = off, >0 = on | E98: 3H-3W | F98: =IF(B98=1,1,"")
A99: Corner_Brace_45 | B99: =IF(B11="NO",0,IF(AND(B9=3,B10=4),1,0)) -> 0 | C99: ul | D99: 0 = off, >0 = on | E99: 3H-4W | F99: =IF(B99=1,1,"")
A100: Corner_Brace_46 | B100: =IF(B11="NO",0,IF(AND(B9=3,B10=4),1,0)) -> 0 | C100: ul | D100: 0 = off, >0 = on | E100: 3H-4W | F100: =IF(B100=1,1,"")
...

Sheet Hole Sizes
A1: Standard Hole Sizes
A2: Clearance | D2: Engagement
A3: 1/8 Rivet | B3: 0.152 | D3: 1/8 Rivet | E3: 0.140
A4: 3/16 Rivet | B4: 0.218 | D4: 3/16 Rivet | E4: 0.208
A5: #6 Hardware | B5: 0.188 | D5: 28-20 ga. (<.04 thickness)
A6: #8 Hardware | B6: 0.218 | D6: #6 Hardware | E6: 0.109
A7: #10 Hardware | B7: 0.218 | D7: #8 Hardware | E7: 0.109
A8: 1/4 Hardware | B8: 0.312 | D8: #10 Hardware | E8: 0.109
A9: 5/16 Hardware | B9: 0.375 | D9: 1/4 Hardware - galv material | E9: 0.109
A10: 3/8 Hardware | B10: 0.437 | D10: 1/4 Hardware - sst | E10: 0.188
A11: 1/2 Hardware | B11: 0.562 | D11: 5/16 Hardware | E11: 0.109
D12: 3/8 Hardware | E12: 0.109
D13: 18-14 ga. (>=.04 and <=.09 thickness)
D14: #6 Hardware | E14: 0.109
D15: #8 Hardware AB, B | E15: 0.136
D16: #8 Hardware D,F,G &T | E16: 0.140
D17: #10 Hardware | E17: 0.152
D18: 1/4 Hardware AB, B | E18: 0.188
D19: 1/4 Hardware D,F,G&T | E19: 0.203
D20: 5/16 Hardware | E20: 0.218
D21: 3/8 Hardware AB,B | E21: 0.281
D22: 3/8 Hardware D,F,G&T | E22: 0.312
D23: 12 ga and up (>.09 thickness)
D24: #8 Hardware | E24: 0.152 | G24: #12 Hardware
D25: #10 Hardware | E25: 0.152 | G25: Clearance | H25: Engagement
D26: 1/4 Hardware AB, B | E26: 0.203 | G26: 0.25 | H26: 0.109 | I26: 28-20 ga. (<.04 thickness)
D27: 1/4 Hardware D,F,G&T | E27: 0.218 | H27: 0.152 | I27: '18-14 ga. (>=.04 and <=.09 thickness)
D28: 5/16 Hardware AB,B | E28: 0.250 | H28: 0.152 | I28: '12 ga and up (>.09 thickness)
D29: 5/16 Hardware D,F,G&T | E29: 0.281
D30: 3/8 Hardware AB,B | E30: 0.312
D31: 3/8 Hardware D,F,G&T | E31: 0.344
A32: SPECIAL HOLE SIZES
B33: Indicator holes
A34: Ga | B34: dia | C34: spacing
A35: 28 ga - 14 ga (<=.09 thickness) | B35: 0.125 | C35: =B35 -> 0.125
A36: 12 ga - 10 ga (>.09 and < .14) | B36: 0.188 | C36: =B36 -> 0.188
A37: 8 ga. (>= .14 thickness) | B37: 0.25 | C37: =B37 -> 0.25
A38: Countersink_Engagement_Hole | B38: 0.218
A39: Countersink_Callout_Hole | B39: 0.497
A40: Corner_Brace_Hole_DIA | B40: =0.25 -> 0.25

Sheet Channel Loc
B2: CHANNEL LOCATION DIMENSIONS (Z_LOCATION) FROM PRIMARY_Z_PLANE (SEGMENT START) X_ARRAY_OFFSET DIMENSIONED FROM "IW" ZERO LOCATION DIMENSION MUST INCLUDE "Side BH to Shell Clearance"
H3: =CONCATENATE('Excel Calcs'!B4," ",'Excel Calcs'!B2,"H"," x ",'Excel Calcs'!B3,"W") -> STD 90H x 90W
B5: Channel Name | C5: Z_LOCATION | D5: X_ARRAY_OFFSET | E5: X_ARRAY_QTY | F5: X_ARRAY_SPACING | G5: FLOOR CHANNELS
B6: FLOOR_CHAN_1 | C6: =IF(OR('Excel Calcs'!B4="CUWA",'Excel Calcs'!B4="CUWC",'Excel Calcs'!B4="CUL"),0,'Excel Calcs'!N35) -> 0.75 | D6: =IF(FLOOR_CHAN_1_Z_LOC=0,0,'Excel Calcs'!N2) -> 1 | E6: =IF(FLOOR_CHAN_1_Z_LOC=0,0,2) -> 2 | F6: =IF(FLOOR_CHAN_1_Z_LOC=0,0,'Excel Calcs'!N$11) -> 4 | H6: Corner Braces
B7: FLOOR_CHAN_2 | C7: =IF(OR('Excel Calcs'!B4="CUWA",'Excel Calcs'!B4="CUWC",'Excel Calcs'!B4="CUL"),0,'Excel Calcs'!N35) -> 0.75 | D7: =IF(FLOOR_CHAN_2_Z_LOC=0,0,'Excel Calcs'!N3) -> 84.99744 | E7: =IF(FLOOR_CHAN_2_Z_LOC=0,0,2) -> 2 | F7: =IF(FLOOR_CHAN_2_Z_LOC=0,0,'Excel Calcs'!N$11) -> 4
B8: FLOOR_CHAN_3 | C8: =IF(OR('Excel Calcs'!N4=0,'Excel Calcs'!B4="CUL"),0,'Excel Calcs'!N35) -> 0 | D8: =IF(FLOOR_CHAN_3_Z_LOC=0,0,'Excel Calcs'!N4) -> 0 | E8: =IF(FLOOR_CHAN_3_Z_LOC=0,0,2) -> 0 | F8: =IF(FLOOR_CHAN_3_Z_LOC=0,0,'Excel Calcs'!N$11) -> 0
B9: FLOOR_CHAN_4 | C9: =IF(OR('Excel Calcs'!N5=0,'Excel Calcs'!B4="CUL"),0,'Excel Calcs'!N35) -> 0 | D9: =IF(FLOOR_CHAN_4_Z_LOC=0,0,'Excel Calcs'!N5) -> 0 | E9: =IF(FLOOR_CHAN_4_Z_LOC=0,0,2) -> 0 | F9: =IF(FLOOR_CHAN_4_Z_LOC=0,0,'Excel Calcs'!N$11) -> 0
B10: FLOOR_CHAN_5 | C10: =IF(OR('Excel Calcs'!B4="CUL",'Excel Calcs'!N6=0),0,'Excel Calcs'!N35) -> 0 | D10: =IF(FLOOR_CHAN_5_Z_LOC=0,0,'Excel Calcs'!N6) -> 0 | E10: =IF(FLOOR_CHAN_5_Z_LOC=0,0,2) -> 0 | F10: =IF(FLOOR_CHAN_5_Z_LOC=0,0,'Excel Calcs'!N$11) -> 0
B11: FLOOR_CHAN_6 | C11: =IF(OR('Excel Calcs'!B4="CUL",'Excel Calcs'!N7=0),0,'Excel Calcs'!N35) -> 0 | D11: =IF(FLOOR_CHAN_6_Z_LOC=0,0,'Excel Calcs'!N7) -> 0 | E11: =IF(FLOOR_CHAN_6_Z_LOC=0,0,2) -> 0 | F11: =IF(FLOOR_CHAN_6_Z_LOC=0,0,'Excel Calcs'!N$11) -> 0
B12: FLOOR_CHAN_7 | C12: =IF('Excel Calcs'!N8=0,0,'Excel Calcs'!N35) -> 0 | D12: =IF(FLOOR_CHAN_7_Z_LOC=0,0,'Excel Calcs'!N8) -> 0 | E12: =IF(FLOOR_CHAN_7_Z_LOC=0,0,2) -> 0 | F12: =IF(FLOOR_CHAN_7_Z_LOC=0,0,'Excel Calcs'!N$11) -> 0
B13: FLOOR_CHAN_8 | C13: =IF('Excel Calcs'!N9=0,0,'Excel Calcs'!N35) -> 0 | D13: =IF(FLOOR_CHAN_8_Z_LOC=0,0,'Excel Calcs'!N9) -> 0 | E13: =IF(FLOOR_CHAN_8_Z_LOC=0,0,2) -> 0 | F13: =IF(FLOOR_CHAN_8_Z_LOC=0,0,'Excel Calcs'!N$11) -> 0
B14: FLOOR_CHAN_9 | C14: =IF(OR('Excel Calcs'!B4="CUWA",'Excel Calcs'!B4="CUWC",'Excel Calcs'!B4="CUL"),0,IF('Excel Calcs'!N12<0.75,0,IF('Excel Calcs'!B7>0,'Excel Calcs'!B7-'Excel Calcs'!N38,'Excel Calcs'!N38))) -> 1.125 | D14: =IF(FLOOR_CHAN_9_Z_LOC=0,0,'Excel Calcs'!N12) -> 3 | E14: =IF(FLOOR_CHAN_9_Z_LOC=0,0,'Excel Calcs'!N16) -> 11 | F14: =IF(FLOOR_CHAN_9_Z_LOC=0,0,'Excel Calcs'!N17) -> 8.399744 | H14: Bottom (Angle, Channel)
B15: FLOOR_CHAN_10 | C15: =IF('Excel Calcs'!N13<0.75,0,IF('Excel Calcs'!B7>0,'Excel Calcs'!B7-'Excel Calcs'!N38,'Excel Calcs'!N38)) -> 0 | D15: =IF(FLOOR_CHAN_10_Z_LOC=0,0,'Excel Calcs'!N13) -> 0 | E15: =IF(FLOOR_CHAN_10_Z_LOC=0,0,'Excel Calcs'!N16) -> 0 | F15: =IF(FLOOR_CHAN_10_Z_LOC=0,0,'Excel Calcs'!N17) -> 0
B16: FLOOR_CHAN_11 | C16: =IF('Excel Calcs'!N14<0.75,0,IF('Excel Calcs'!B7>0,'Excel Calcs'!B7-'Excel Calcs'!N38,'Excel Calcs'!N38)) -> 0 | D16: =IF(FLOOR_CHAN_11_Z_LOC=0,0,'Excel Calcs'!N14) -> 0 | E16: =IF(FLOOR_CHAN_11_Z_LOC=0,0,'Excel Calcs'!N16) -> 0 | F16: =IF(FLOOR_CHAN_11_Z_LOC=0,0,'Excel Calcs'!N17) -> 0
B17: FLOOR_CHAN_12 | C17: =IF('Excel Calcs'!N15<0.75,0,IF('Excel Calcs'!B7>0,'Excel Calcs'!B7-'Excel Calcs'!N38,'Excel Calcs'!N38)) -> 0 | D17: =IF(FLOOR_CHAN_12_Z_LOC=0,0,'Excel Calcs'!N15) -> 0 | E17: =IF(FLOOR_CHAN_12_Z_LOC=0,0,'Excel Calcs'!N16) -> 0 | F17: =IF(FLOOR_CHAN_12_Z_LOC=0,0,'Excel Calcs'!N17) -> 0
B18: FLOOR_CHAN_13 | C18: =IF(OR('Excel Calcs'!B4="STD",'Excel Calcs'!B4="CUL"),0,IF(OR('Excel Calcs'!B4="CUWA",'Excel Calcs'!B4="CUWC"),'Excel Calcs'!N36,'Excel Calcs'!N38)) -> 0 | D18: =IF(FLOOR_CHAN_13_Z_LOC=0,0,'Excel Calcs'!N31) -> 0 | E18: =IF(FLOOR_CHAN_13_Z_LOC=0,0,'Excel Calcs'!N32) -> 0 | F18: =IF(FLOOR_CHAN_13_Z_LOC=0,0,'Excel Calcs'!N33) -> 0 | H18: Flat BTM - Only used for CUWA, or CUWC
B19: FLOOR_CHAN_14 | C19: =IF('Excel Calcs'!B152=0,0,IF('Excel Calcs'!B7>0,'Excel Calcs'!B7-'Excel Calcs'!N40,'Excel Calcs'!N40)) -> 0 | D19: =IF(FLOOR_CHAN_14_Z_LOC=0,0,'Excel Calcs'!N41) -> 0 | E19: =IF(FLOOR_CHAN_14_X_ARRAY_OFFSET=0,0,1.5) -> 0 | F19: 0 | H19: Stiffener Holes
B20: FLOOR_CHAN_15 | C20: =IF('Excel Calcs'!B153=0,0,IF('Excel Calcs'!B7>0,'Excel Calcs'!B7-'Excel Calcs'!N40,'Excel Calcs'!N40)) -> 0 | D20: =IF(FLOOR_CHAN_15_Z_LOC=0,0,'Excel Calcs'!N42) -> 0 | E20: =IF(FLOOR_CHAN_15_X_ARRAY_OFFSET=0,0,1.5) -> 0 | F20: 0
B21: FLOOR_CHAN_16 | C21: =IF('Excel Calcs'!B154=0,0,IF('Excel Calcs'!B7>0,'Excel Calcs'!B7-'Excel Calcs'!N40,'Excel Calcs'!N40)) -> 0 | D21: =IF(FLOOR_CHAN_16_Z_LOC=0,0,'Excel Calcs'!N43) -> 0 | E21: =IF(FLOOR_CHAN_16_X_ARRAY_OFFSET=0,0,1.5) -> 0 | F21: 0
B22: FLOOR_CHAN_17 | C22: =IF('Excel Calcs'!B155=0,0,IF('Excel Calcs'!B7>0,'Excel Calcs'!B7-'Excel Calcs'!N40,'Excel Calcs'!N40)) -> 0 | D22: =IF(FLOOR_CHAN_17_Z_LOC=0,0,'Excel Calcs'!N44) -> 0 | E22: =IF(FLOOR_CHAN_17_X_ARRAY_OFFSET=0,0,1.5) -> 0 | F22: 0
B23: FLOOR_CHAN_18 | C23: =IF(AND('Excel Calcs'!B4="STD",'Excel Calcs'!B7>0),'Excel Calcs'!B7-0.75,IF('Excel Calcs'!B4="STD",0.75,0)) -> 0.75 | D23: =IF(FLOOR_CHAN_18_Z_LOC=0,0,3) -> 3 | E23: =IF(FLOOR_CHAN_18_Z_LOC=0,0,2) -> 2 | F23: =IF(FLOOR_CHAN_18_Z_LOC=0,0,'Excel Calcs'!H4+Reconnect_Thk*2-6) -> 83.99744 | H23: Corner Brace Holes
B24: FLOOR_CHAN_19 | C24: =IF(AND('Excel Calcs'!B10>=2,'Excel Calcs'!B7>0),'Excel Calcs'!B7-0.75,IF(AND('Excel Calcs'!B3>142.5,'Excel Calcs'!B7>0),'Excel Calcs'!B7-0.75,IF(OR('Excel Calcs'!B10>=2,'Excel Calcs'!B3>142.5),0.75,0))) -> 0 | D24: =IF(FLOOR_CHAN_19_Z_LOC=0,0,FLOOR_CHAN_18_X_ARRAY_SPACING+9) -> 0 | E24: =IF(FLOOR_CHAN_19_Z_LOC=0,0,2) -> 0 | F24: =IF(FLOOR_CHAN_19_Z_LOC=0,0,FLOOR_CHAN_18_X_ARRAY_SPACING) -> 0
B25: FLOOR_CHAN_20 | C25: =IF(AND('Excel Calcs'!B10>=3,'Excel Calcs'!B7>0),'Excel Calcs'!B7-0.75,IF(AND('Excel Calcs'!B3>285,'Excel Calcs'!B7>0),'Excel Calcs'!B7-0.75,IF(OR('Excel Calcs'!B10>=3,'Excel Calcs'!B3>285),0.75,0))) -> 0 | D25: =IF(FLOOR_CHAN_20_Z_LOC=0,0,FLOOR_CHAN_18_X_ARRAY_SPACING*2+15) -> 0 | E25: =IF(FLOOR_CHAN_20_Z_LOC=0,0,2) -> 0 | F25: =IF(FLOOR_CHAN_20_Z_LOC=0,0,FLOOR_CHAN_18_X_ARRAY_SPACING) -> 0
B26: FLOOR_CHAN_21 | C26: =IF(AND('Excel Calcs'!B10>3,'Excel Calcs'!B7>0),'Excel Calcs'!B7-0.75,IF(AND('Excel Calcs'!B3>427.5,'Excel Calcs'!B7>0),'Excel Calcs'!B7-0.75,IF(OR('Excel Calcs'!B10>3,'Excel Calcs'!B3>427.5),0.75,0))) -> 0 | D26: =IF(FLOOR_CHAN_21_Z_LOC=0,0,FLOOR_CHAN_18_X_ARRAY_SPACING*3+21) -> 0 | E26: =IF(FLOOR_CHAN_21_Z_LOC=0,0,2) -> 0 | F26: =IF(FLOOR_CHAN_21_Z_LOC=0,0,FLOOR_CHAN_18_X_ARRAY_SPACING) -> 0
B28: Channel Name | C28: Z_LOCATION | D28: X_ARRAY_OFFSET | E28: X_ARRAY_QTY | F28: X_ARRAY_SPACING | G28: ROOF CHANNELS
B29: ROOF_CHAN_1 | C29: =IF(OR('Excel Calcs'!B11="NO",'Excel Calcs'!B4="CUL"),0,'Excel Calcs'!N35) -> 0.75 | D29: =IF(C29=0,0,'Excel Calcs'!N2) -> 1 | E29: =IF(C29=0,0,'Excel Calcs'!N10) -> 2 | F29: =IF(C29=0,0,'Excel Calcs'!N11) -> 4 | H29: Corner Braces
B30: ROOF_CHAN_2 | C30: =IF(OR('Excel Calcs'!B11="NO",'Excel Calcs'!B4="CUL"),0,'Excel Calcs'!N35) -> 0.75 | D30: =IF(C30=0,0,'Excel Calcs'!N3) -> 84.99744 | E30: =IF(C30=0,0,'Excel Calcs'!N10) -> 2 | F30: =IF(C30=0,0,'Excel Calcs'!N11) -> 4
B31: ROOF_CHAN_3 | C31: =IF(ROOF_CHAN_3_X_ARRAY_OFFSET<=0.5,0,'Excel Calcs'!N35) -> 0 | D31: =FLOOR_CHAN_3_X_ARRAY_OFFSET -> 0 | E31: =E8 -> 0 | F31: =IF(D31<=0.5,0,4) -> 0
B32: ROOF_CHAN_4 | C32: =IF(ROOF_CHAN_4_X_ARRAY_OFFSET<=0.5,0,'Excel Calcs'!N35) -> 0 | D32: =FLOOR_CHAN_4_X_ARRAY_OFFSET -> 0 | E32: =E9 -> 0 | F32: =IF(D32<=0.5,0,4) -> 0
B33: ROOF_CHAN_5 | C33: =IF(ROOF_CHAN_5_X_ARRAY_OFFSET<=0.5,0,'Excel Calcs'!N35) -> 0 | D33: =FLOOR_CHAN_5_X_ARRAY_OFFSET -> 0 | E33: =E10 -> 0 | F33: =IF(D33<=0.5,0,4) -> 0
B34: ROOF_CHAN_6 | C34: =IF(ROOF_CHAN_6_X_ARRAY_OFFSET<=0.5,0,'Excel Calcs'!N35) -> 0 | D34: =FLOOR_CHAN_6_X_ARRAY_OFFSET -> 0 | E34: =E11 -> 0 | F34: =IF(D34<=0.5,0,4) -> 0
B35: ROOF_CHAN_7 | C35: =IF(ROOF_CHAN_7_X_ARRAY_OFFSET<=0.5,0,'Excel Calcs'!N35) -> 0 | D35: =FLOOR_CHAN_7_X_ARRAY_OFFSET -> 0 | E35: =E12 -> 0 | F35: =IF(D35<=0.5,0,4) -> 0
B36: ROOF_CHAN_8 | C36: =IF(ROOF_CHAN_8_X_ARRAY_OFFSET<=0.5,0,'Excel Calcs'!N35) -> 0 | D36: =FLOOR_CHAN_8_X_ARRAY_OFFSET -> 0 | E36: =E13 -> 0 | F36: =IF(D36<=0.5,0,4) -> 0
B37: ROOF_CHAN_9 | C37: =IF('Excel Calcs'!B4="CUL",0,'Excel Calcs'!N35) -> 0.75 | D37: =IF(C37=0,0,'Excel Calcs'!N12) -> 3 | E37: =IF(C37=0,0,'Excel Calcs'!N16) -> 11 | F37: =IF(C37=0,0,'Excel Calcs'!N$17) -> 8.399744 | H37: Top (Angle, Channel)
B38: ROOF_CHAN_10 | C38: =IF(FLOOR_CHAN_10_Z_LOC=0,0,IF('Excel Calcs'!B4="CUL",0,'Excel Calcs'!N35)) -> 0 | D38: =IF(C38=0,0,'Excel Calcs'!N13) -> 0 | E38: =IF(C38=0,0,'Excel Calcs'!N16) -> 0 | F38: =IF(C38=0,0,'Excel Calcs'!N$17) -> 0
B39: ROOF_CHAN_11 | C39: =IF(FLOOR_CHAN_11_Z_LOC=0,0,'Excel Calcs'!N35) -> 0 | D39: =D16 -> 0 | E39: =IF(ROOF_CHAN_11_Z_LOC=0,0,'Excel Calcs'!N16) -> 0 | F39: =IF(C39=0,0,'Excel Calcs'!N$17) -> 0
B40: ROOF_CHAN_12 | C40: =IF(FLOOR_CHAN_12_Z_LOC=0,0,'Excel Calcs'!N35) -> 0 | D40: =D17 -> 0 | E40: =IF(ROOF_CHAN_12_Z_LOC=0,0,'Excel Calcs'!N16) -> 0 | F40: =IF(C40=0,0,'Excel Calcs'!N$17) -> 0
B41: ROOF_CHAN_13 | C41: =FLOOR_CHAN_14_Z_LOC -> 0 | D41: =FLOOR_CHAN_14_X_ARRAY_OFFSET -> 0 | E41: =FLOOR_CHAN_14_X_ARRAY_QTY -> 0 | F41: =FLOOR_CHAN_14_X_ARRAY_SPACING -> 0 | H41: Stiffener Holes
B42: ROOF_CHAN_14 | C42: =FLOOR_CHAN_15_Z_LOC -> 0 | D42: =FLOOR_CHAN_15_X_ARRAY_OFFSET -> 0 | E42: =FLOOR_CHAN_15_X_ARRAY_QTY -> 0 | F42: 0
B43: ROOF_CHAN_15 | C43: =FLOOR_CHAN_16_Z_LOC -> 0 | D43: =FLOOR_CHAN_16_X_ARRAY_OFFSET -> 0 | E43: =FLOOR_CHAN_16_X_ARRAY_QTY -> 0 | F43: 0
B44: ROOF_CHAN_16 | C44: =FLOOR_CHAN_17_Z_LOC -> 0 | D44: =FLOOR_CHAN_17_X_ARRAY_OFFSET -> 0 | E44: =FLOOR_CHAN_17_X_ARRAY_QTY -> 0 | F44: 0
B46: Channel Name | C46: Z_LOCATION | D46: Y_ARRAY_OFFSET | E46: Y_ARRAY_QTY | F46: Y_ARRAY_SPACING | G46: SOUTH WALL CHANNELS
B47: LEFT_HAND_CHAN_1 | C47: =IF('Excel Calcs'!B$4="STD",'Excel Calcs'!N35,0) -> 0.75 | D47: =IF(C47=0,0,'Excel Calcs'!N18) -> 1 | E47: =IF(LEFT_HAND_CHAN_1_Z_LOC=0,0,'Excel Calcs'!N10) -> 2 | F47: =IF(LEFT_HAND_CHAN_1_Z_LOC=0,0,'Excel Calcs'!N11) -> 4 | H47: Corner Braces
B48: LEFT_HAND_CHAN_2 | C48: =IF('Excel Calcs'!B4="CUL",0,'Excel Calcs'!N35) -> 0.75 | D48: =IF(C48=0,0,'Excel Calcs'!N19) -> 84.99944 | E48: =IF(LEFT_HAND_CHAN_2_Z_LOC=0,0,'Excel Calcs'!N$10) -> 2 | F48: =IF(LEFT_HAND_CHAN_2_Z_LOC=0,0,'Excel Calcs'!N11) -> 4
B49: LEFT_HAND_CHAN_3 | C49: =IF('Excel Calcs'!N20=0,0,'Excel Calcs'!N35) -> 0 | D49: =IF(C49=0,0,'Excel Calcs'!N20) -> 0 | E49: =IF(LEFT_HAND_CHAN_3_Z_LOC=0,0,'Excel Calcs'!N$10) -> 0 | F49: =IF(LEFT_HAND_CHAN_3_Z_LOC=0,0,'Excel Calcs'!N11) -> 0
B50: LEFT_HAND_CHAN_4 | C50: =IF('Excel Calcs'!N21=0,0,'Excel Calcs'!N35) -> 0 | D50: =IF(C50=0,0,'Excel Calcs'!N21) -> 0 | E50: =IF(LEFT_HAND_CHAN_4_Z_LOC=0,0,'Excel Calcs'!N$10) -> 0 | F50: =IF(LEFT_HAND_CHAN_4_Z_LOC=0,0,'Excel Calcs'!N11) -> 0
B51: LEFT_HAND_CHAN_5 | C51: =IF('Excel Calcs'!N22=0,0,'Excel Calcs'!N35) -> 0 | D51: =IF(C51=0,0,'Excel Calcs'!N22) -> 0 | E51: =IF(LEFT_HAND_CHAN_5_Z_LOC=0,0,'Excel Calcs'!N$10) -> 0 | F51: =IF(LEFT_HAND_CHAN_5_Z_LOC=0,0,'Excel Calcs'!N11) -> 0
B52: LEFT_HAND_CHAN_6 | C52: =IF('Excel Calcs'!N23=0,0,'Excel Calcs'!N35) -> 0 | D52: =IF(C52=0,0,'Excel Calcs'!N23) -> 0 | E52: =IF(LEFT_HAND_CHAN_6_Z_LOC=0,0,'Excel Calcs'!N$10) -> 0 | F52: =IF(LEFT_HAND_CHAN_6_Z_LOC=0,0,'Excel Calcs'!N11) -> 0
B53: LEFT_HAND_CHAN_7 | C53: =IF('Excel Calcs'!B4="CUL",0,'Excel Calcs'!N35) -> 0.75 | D53: =IF(LEFT_HAND_CHAN_7_Z_LOC=0,0,'Excel Calcs'!N26) -> 3 | E53: =IF(LEFT_HAND_CHAN_7_Z_LOC=0,0,'Excel Calcs'!N29) -> 11 | F53: =IF(LEFT_HAND_CHAN_7_Z_LOC=0,0,'Excel Calcs'!N30) -> 8.399944 | H53: Left Side (Angle, Channel)
B54: LEFT_HAND_CHAN_8 | C54: =IF('Excel Calcs'!B9<2,0,IF(OR('Excel Calcs'!B4="CUWA",'Excel Calcs'!B4="CUWC"),0,'Excel Calcs'!N35)) -> 0 | D54: =IF(LEFT_HAND_CHAN_8_Z_LOC=0,0,'Excel Calcs'!N27) -> 0 | E54: =IF(LEFT_HAND_CHAN_8_Z_LOC=0,0,'Excel Calcs'!N29) -> 0 | F54: =IF(LEFT_HAND_CHAN_8_Z_LOC=0,0,'Excel Calcs'!N30) -> 0
B55: LEFT_HAND_CHAN_9 | C55: =IF('Excel Calcs'!B9<3,0,IF(OR('Excel Calcs'!B4="CUWA",'Excel Calcs'!B4="CUWC"),0,'Excel Calcs'!N35)) -> 0 | D55: =IF(LEFT_HAND_CHAN_9_Z_LOC=0,0,'Excel Calcs'!N28) -> 0 | E55: =IF(LEFT_HAND_CHAN_9_Z_LOC=0,0,'Excel Calcs'!N29) -> 0 | F55: =IF(LEFT_HAND_CHAN_9_Z_LOC=0,0,'Excel Calcs'!N30) -> 0
B57: Channel Name | C57: Z_LOCATION | D57: Y_ARRAY_OFFSET | E57: Y_ARRAY_QTY | F57: Y_ARRAY_SPACING | G57: NORTH WALL CHANNELS
B58: RIGHT_HAND_CHAN_1 | C58: =LEFT_HAND_CHAN_1_Z_LOC -> 0.75 | D58: =LEFT_HAND_CHAN_1_Y_ARRAY_OFFSET -> 1 | E58: =LEFT_HAND_CHAN_1_Y_ARRAY_QTY -> 2 | F58: =LEFT_HAND_CHAN_1_Y_ARRAY_SPACING -> 4 | H58: Corner Braces
B59: RIGHT_HAND_CHAN_2 | C59: =LEFT_HAND_CHAN_2_Z_LOC -> 0.75 | D59: =LEFT_HAND_CHAN_2_Y_ARRAY_OFFSET -> 84.99944 | E59: =LEFT_HAND_CHAN_2_Y_ARRAY_QTY -> 2 | F59: =LEFT_HAND_CHAN_2_Y_ARRAY_SPACING -> 4
B60: RIGHT_HAND_CHAN_3 | C60: =LEFT_HAND_CHAN_3_Z_LOC -> 0 | D60: =LEFT_HAND_CHAN_3_Y_ARRAY_OFFSET -> 0 | E60: =LEFT_HAND_CHAN_3_Y_ARRAY_QTY -> 0 | F60: =LEFT_HAND_CHAN_3_Y_ARRAY_SPACING -> 0
B61: RIGHT_HAND_CHAN_4 | C61: =LEFT_HAND_CHAN_4_Z_LOC -> 0 | D61: =LEFT_HAND_CHAN_4_Y_ARRAY_OFFSET -> 0 | E61: =LEFT_HAND_CHAN_4_Y_ARRAY_QTY -> 0 | F61: =LEFT_HAND_CHAN_4_Y_ARRAY_SPACING -> 0
B62: RIGHT_HAND_CHAN_5 | C62: =LEFT_HAND_CHAN_5_Z_LOC -> 0 | D62: =LEFT_HAND_CHAN_5_Y_ARRAY_OFFSET -> 0 | E62: =LEFT_HAND_CHAN_5_Y_ARRAY_QTY -> 0 | F62: =LEFT_HAND_CHAN_5_Y_ARRAY_SPACING -> 0
B63: RIGHT_HAND_CHAN_6 | C63: =LEFT_HAND_CHAN_6_Z_LOC -> 0 | D63: =LEFT_HAND_CHAN_6_Y_ARRAY_OFFSET -> 0 | E63: =LEFT_HAND_CHAN_6_Y_ARRAY_QTY -> 0 | F63: =LEFT_HAND_CHAN_6_Y_ARRAY_SPACING -> 0
B64: RIGHT_HAND_CHAN_7 | C64: =LEFT_HAND_CHAN_7_Z_LOC -> 0.75 | D64: =LEFT_HAND_CHAN_7_Y_ARRAY_OFFSET -> 3 | E64: =LEFT_HAND_CHAN_7_Y_ARRAY_QTY -> 11 | F64: =LEFT_HAND_CHAN_7_Y_ARRAY_SPACING -> 8.399944 | H64: Right Side (Angle, Channel)
B65: RIGHT_HAND_CHAN_8 | C65: =LEFT_HAND_CHAN_8_Z_LOC -> 0 | D65: =LEFT_HAND_CHAN_8_Y_ARRAY_OFFSET -> 0 | E65: =LEFT_HAND_CHAN_8_Y_ARRAY_QTY -> 0 | F65: =LEFT_HAND_CHAN_8_Y_ARRAY_SPACING -> 0
B66: RIGHT_HAND_CHAN_9 | C66: =LEFT_HAND_CHAN_9_Z_LOC -> 0 | D66: =LEFT_HAND_CHAN_9_Y_ARRAY_OFFSET -> 0 | E66: =LEFT_HAND_CHAN_9_Y_ARRAY_QTY -> 0 | F66: =LEFT_HAND_CHAN_9_Y_ARRAY_SPACING -> 0

Sheet Material List
A1: Page: 102-006 | K1: Edit Manual | M1: PRODUCT: Solution
A2: Title: Raw Material Part Numbers, Mapics Codes, Calculations And Others | M2: 102-006.xls | Q2: Rel/Rev Date:
M3: Revision Level : | Q3: ECN Number :
B5: Solution Project, Raw material codes and calculations, Sheet or Coil stock, Square Foot
D6: Mat'l Group | E6: Metal Gauge | F6: Metal Thickness Min. | G6: Design Thickness (Ref) | H6: Inventor Thickness Key_PK | I6: Active Product "XT" | J6: Active Product "YC" | K6: Mapics Part Number | L6: Material description | M6: Material Type | N6: York "R" Std | O6: Max Cut Size | P6: Unit of Measure | Q6: Inventor Material Designation | R6: "DXF" Mat'l Data | S6: Hole Size / Texture | T6: Staggered Centers
A7: MAT_LOOKUP | D7: MAT_GRP | E7: MAT_GA | F7: MAT_MINT | G7: MAT_DEST | H7: MAT_KEYT | I7: MAT_XT | J7: MAT_YC | K7: MAT_PNUM | L7: MAT_DESC | M7: MAT_TYPE | N7: MAT_RSTD | O7: MAT_CUT | P7: MAT_UMSR | Q7: MAT_DESG | R7: MAT_DXF | S7: MAT_HLSZ | T7: MAT_STG
C8: Sheet Products, Solid
A9: =CONCATENATE(E9,Q9) -> 8STL GALV | D9: Sheet, G90 | E9: 8 | F9: .156 | G9: .156 | H9: 0.15601 | I9: XT | J9: YC | K9: 005 06145 008 | L9: Galvanized Steel | M9: G90 | N9: R259 w/ note 4 | O9: 48 X 144 | P9: SF | Q9: STL GALV | R9: GLVS157- | S9: N/A | T9: N/A
A10: =CONCATENATE(E10,Q10) -> 10STL GALV | D10: Sheet, G90 | E10: 10 | F10: .125 | G10: .126 | H10: 0.12601 | I10: - | J10: YC | K10: 005 06145 010 | L10: Galvanized Steel | M10: G90 | N10: R259 w/ note 4 | O10: 48 X 144 | P10: SF | Q10: STL GALV | R10: GLVS126- | S10: N/A | T10: N/A
A11: =CONCATENATE(E11,Q11) -> 12STL GALV | D11: Sheet, G90 | E11: 12 | F11: .096 | G11: .097 | H11: 0.09701 | I11: - | J11: YC | K11: 005 06145 012 | L11: Galvanized Steel | M11: G90 | N11: R259 w/ note 4 | O11: 60 X 144 | P11: SF | Q11: STL GALV | R11: GLVS097- | S11: N/A | T11: N/A
A12: =CONCATENATE(E12,Q12) -> 14STL GALV | D12: Sheet, G90 | E12: 14 | F12: .069 | G12: .070 | H12: 0.07001 | I12: - | J12: YC | K12: 005 06145 014 | L12: Galvanized Steel | M12: G90 | N12: R259 w/ note 4 | O12: 60 X 144 | P12: SF | Q12: STL GALV | R12: GLVS070- | S12: N/A | T12: N/A
A13: =CONCATENATE(E13,Q13) -> 16STL GALV | D13: Sheet, G90 | E13: 16 | F13: .055 | G13: .056 | H13: 0.05601 | I13: XT | J13: YC | K13: 005 06145 016 | L13: Galvanized Steel | M13: G90 | N13: R259 w/ note 4 | O13: 60 X 144 | P13: SF | Q13: STL GALV | R13: GLVS056A | S13: N/A | T13: N/A
A14: =CONCATENATE(E14,Q14) -> 18STL GALV | D14: Sheet, G90 | E14: 18 | F14: .044 | G14: .045 | H14: 0.04501 | I14: XT | J14: YC | K14: 005 06145 018 | L14: Galvanized Steel | M14: G90 | N14: R259 w/ note 4 | O14: 60 X 144 | P14: SF | Q14: STL GALV | R14: GLVS045A | S14: N/A | T14: N/A
A15: =CONCATENATE(E15,Q15) -> 20STL GALV | D15: Sheet, G90 | E15: 20 | F15: .033 | G15: .034 | H15: 0.03401 | I15: XT | J15: YC | K15: 005 06145 020 | L15: Galvanized Steel | M15: G90 | N15: R259 w/ note 4 | O15: 60 X 144 | P15: SF | Q15: STL GALV | R15: GLVS034- | S15: N/A | T15: N/A
A16: =CONCATENATE(E16,Q16) -> 22STL GALV | D16: Sheet, G90 | E16: 22 | F16: .028 | G16: .028 | H16: 0.02801 | I16: - | J16: YC | K16: 005 06145 022 | L16: Galvanized Steel | M16: G90 | N16: R259 w/ note 4 | O16: 60 X 144 | P16: SF | Q16: STL GALV | R16: GLVS028- | S16: N/A | T16: N/A
A17: =CONCATENATE(E17,Q17) -> 24STL GALV | D17: Sheet, G90 | E17: 24 | F17: .022 | G17: .022 | H17: 0.02201 | I17: XT | J17: YC | K17: 005 06145 024 | L17: Galvanized Steel | M17: G90 | N17: R259 w/ note 4 | O17: 60 X 144 | P17: SF | Q17: STL GALV | R17: GLVS022- | S17: N/A | T17: N/A
A18: =CONCATENATE(E18,Q18) -> 16STL GALV2 | D18: Roll Form Coil | E18: 16 | F18: .055 | G18: .056 | H18: 0.05605 | I18: - | J18: YC | K18: 001 07591 467 | L18: Channel,Rf,16ga,Glv,4.67w_Flat, YC 2" Housing Channel | M18: G40 | N18: R259 w/ note 4 | O18: 4.67 X Lg | P18: SF | Q18: STL GALV2 | R18: GLVS056C | S18: N/A | T18: N/A
A19: =CONCATENATE(E19,Q19) -> 16STL GALV3 | D19: Roll Form Coil | E19: 16 | F19: .055 | G19: .056 | H19: 0.05606 | I19: - | J19: YC | K19: 001 07591 567 | L19: Channel,Rf,16ga,Glv,5.67w_Flat, YC 3" Housing Channel | M19: G40 | N19: R259 w/ note 4 | O19: 5.67 X Lg | P19: SF | Q19: STL GALV3 | R19: GLVS056D | S19: N/A | T19: N/A
A20: =CONCATENATE(E20,Q20) -> 16STL GALV4 | D20: Roll Form Coil | E20: 16 | F20: .055 | G20: .056 | H20: 0.05607 | I20: - | J20: YC | K20: 001 07591 667 | L20: Channel,Rf,16ga,Glv,6.67w_Flat, YC 4" Housing Channel | M20: G40 | N20: R259 w/ note 4 | O20: 6.67 X Lg | P20: SF | Q20: STL GALV4 | R20: GLVS056E | S20: N/A | T20: N/A
A21: =CONCATENATE(E21,Q21) -> 18STL GALVS | D21: Roll Form Coil | E21: 18 | F21: .044 | G21: .045 | H21: 0.04502 | I21: XT | J21: - | K21: 005 06160 001 | L21: Galvanized Steel, Coil, XT Seam Cap | M21: G90 | N21: R259 w/ note 4 | O21: 2.491 X Lg | P21: SF | Q21: STL GALVS | R21: GLVS045B | S21: N/A | T21: N/A
A22: =CONCATENATE(E22,Q22) -> 16STL GALVR | D22: Roll Form Coil | E22: 16 | F22: .055 | G22: .056 | H22: 0.05602 | I22: XT | J22: - | K22: 005 06161 001 | L22: Galvanized Steel, Coil, XT Raceway | M22: G90 | N22: R259 w/ note 4 | O22: 12.62 X Lg | P22: SF | Q22: STL GALVR | R22: GLVS056B | S22: N/A | T22: N/A
A23: =CONCATENATE(E23,Q23) -> 14STL GALV PPG | D23: Sheet, Pre-Paint | E23: 14 | F23: .069 | G23: .070 | H23: 0.07003 | I23: - | J23: YC | K23: 005 07110 014 | L23: Sheet,Pre-Paint,Gray,14ga | M23: P-Paint | N23: M-310 | O23: 48 x Lg | P23: SF | Q23: STL GALV PPG | R23: GLVPP070A | S23: Gray Paint | T23: N/A
A24: =CONCATENATE(E24,Q24) -> 16STL GALV PPG | D24: Sheet, Pre-Paint | E24: 16 | F24: .055 | G24: .056 | H24: 0.05603 | I24: - | J24: YC | K24: 005 07110 016 | L24: Sheet,Pre-Paint,Gray,16ga | M24: P-Paint | N24: M-310 | O24: 48 x Lg | P24: SF | Q24: STL GALV PPG | R24: GLVPP056A | S24: Gray Paint | T24: N/A
A25: =CONCATENATE(E25,Q25) -> 16STL GALV PPC | D25: Sheet, Pre-Paint | E25: 16 | F25: .055 | G25: .056 | H25: 0.05604 | I25: - | J25: YC | K25: 005 07110 116 | L25: Sheet,Pre-Paint,Champagne,16ga | M25: P-Paint | N25: M-310 | O25: 48 x Lg | P25: SF | Q25: STL GALV PPC | R25: GLVPP056B | S25: Champagne Paint | T25: N/A
A26: =CONCATENATE(E26,Q26) -> 18STL GALV PPW | D26: Sheet, Pre-Paint | E26: 18 | F26: .044 | G26: .045 | H26: 0.04503 | I26: - | J26: YC | K26: 005 07110 117 | L26: Sheet,Pre-Paint,Msftwhite,18ga | M26: P-Paint | N26: M-310 | O26: 48 x Lg | P26: SF | Q26: STL GALV PPW | R26: GLVPP045A | S26: Msftwhite Paint | T26: N/A
A27: =CONCATENATE(E27,Q27) -> 18STL GALV PPC | D27: Sheet, Pre-Paint | E27: 18 | F27: .044 | G27: .045 | H27: 0.04504 | I27: - | J27: YC | K27: 005 07110 118 | L27: Sheet,Pre-Paint,Champagne,18ga | M27: P-Paint | N27: M-310 | O27: 48 x Lg | P27: SF | Q27: STL GALV PPC | R27: GLVPP045B | S27: Champagne Paint | T27: N/A
A28: =CONCATENATE(E28,Q28) -> 10STL HOT ROLL | D28: Sheet, HR | E28: 10 | F28: .127 | G28: .127 | H28: 0.12701 | I28: - | J28: YC | K28: 005 07113 010 | L28: Sheet,Hot-Rolled,10ga | M28: HR | N28: - | O28: 48 X 144 | P28: SF | Q28: STL HOT ROLL | R28: STLHR127A | S28: Hot-Rolled | T28: N/A
A29: =CONCATENATE(E29,Q29) -> 11STL HOT ROLL | D29: Sheet, HR | E29: 11 | F29: .112 | G29: .112 | H29: 0.11201 | I29: - | J29: YC | K29: 005 07113 011 | L29: Sheet,Hot-Rolled,11ga | M29: HR | N29: - | O29: 48 X 96 | P29: SF | Q29: STL HOT ROLL | R29: STLHR112A | S29: Hot-Rolled | T29: N/A
A30: =CONCATENATE(E30,Q30) -> 12STL HOT ROLL | D30: Sheet, HR | E30: 12 | F30: .097 | G30: .097 | H30: 0.09704 | I30: - | J30: YC | K30: 005 07113 012 | L30: Sheet,Hot-Rolled,12ga | M30: HR | N30: - | O30: 48 X 96 | P30: SF | Q30: STL HOT ROLL | R30: STLHR097A | S30: Hot-Rolled | T30: N/A
A31: =CONCATENATE(E31,Q31) -> 14STL HOT ROLL | D31: Sheet, HR | E31: 14 | F31: .068 | G31: .068 | H31: 0.06801 | I31: - | J31: YC | K31: 005 07113 014 | L31: Sheet,Hot-Rolled,14ga | M31: HR | N31: - | O31: 48 X 120 | P31: SF | Q31: STL HOT ROLL | R31: STLHR068A | S31: Hot-Rolled | T31: N/A
A32: =CONCATENATE(E32,Q32) -> 20ALM SHT | D32: Sheet, AL | E32: 20 | F32: .040 | G32: .040 | H32: 0.04001 | I32: - | J32: YC | K32: 008 02570 040 | L32: Sheet,Al,3003h14,.040 | M32: AL | N32: R-777 | O32: 48 x 144 | P32: SF | Q32: ALM SHT | R32: ALUS040A | S32: N/A | T32: N/A
A33: =CONCATENATE(E33,Q33) -> 18ALM SHT | D33: Sheet, AL | E33: 18 | F33: .050 | G33: .050 | H33: 0.05003 | I33: - | J33: YC | K33: 008 02570 050 | L33: Sheet,Al,3003h14,.050 | M33: AL | N33: R-777 | O33: 48 x 144 | P33: SF | Q33: ALM SHT | R33: ALUS050A | S33: N/A | T33: N/A
A34: =CONCATENATE(E34,Q34) -> 16ALM SHT | D34: Sheet, AL | E34: 16 | F34: .063 | G34: .063 | H34: 0.06301 | I34: - | J34: YC | K34: 008 02570 063 | L34: Sheet,Al,3003h14,.063 | M34: AL | N34: R-777 | O34: 48 x 144 | P34: SF | Q34: ALM SHT | R34: ALUS063A | S34: N/A | T34: N/A
A35: =CONCATENATE(E35,Q35) -> 14ALM SHT | D35: Sheet, AL | E35: 14 | F35: .080 | G35: .080 | H35: 0.08001 | I35: - | J35: YC | K35: 008 02570 080 | L35: Sheet,Al,3003h14,.080 | M35: AL | N35: R-777 | O35: 48 x 144 | P35: SF | Q35: ALM SHT | R35: ALUS080A | S35: N/A | T35: N/A
A36: =CONCATENATE(E36,Q36) -> 10ALM SHT | D36: Sheet, AL | E36: 10 | F36: .125 | G36: .125 | H36: 0.12501 | I36: - | J36: YC | K36: 008 02570 125 | L36: Sheet,Al,3003h14,.125 | M36: AL | N36: R-777 | O36: 48 x 144 | P36: SF | Q36: ALM SHT | R36: ALUS125A | S36: N/A | T36: N/A
A37: =CONCATENATE(E37,Q37) -> 8ALM SHT | D37: Sheet, AL | E37: 8 | F37: .190 | G37: .190 | H37: 0.19001 | I37: - | J37: YC | K37: 008 02570 190 | L37: Sheet,Al,3003h14,.190 | M37: AL | N37: R-777 | O37: 48 x 144 | P37: SF | Q37: ALM SHT | R37: ALUS190A | S37: N/A | T37: N/A
A38: =CONCATENATE(E38,Q38) -> 8SST304 | D38: Sheet, SST | E38: 8 | F38: .165 | G38: .165 | H38: 0.16501 | I38: N/A | J38: N/A | K38: 005 06146 008 | L38: Stainless steel | M38: 304 | N38: R52 | O38: 48 X 144 | P38: SF | Q38: SST304 | R38: SSTS165- | S38: N/A | T38: N/A
A39: =CONCATENATE(E39,Q39) -> 10SST304 | D39: Sheet, SST | E39: 10 | F39: .135 | G39: .135 | H39: 0.13501 | I39: XT | J39: YC | K39: 005 06146 010 | L39: Stainless steel | M39: 304 | N39: R52 | O39: 48 X 144 | P39: SF | Q39: SST304 | R39: SSTS135- | S39: N/A | T39: N/A
A40: =CONCATENATE(E40,Q40) -> 12SST304 | D40: Sheet, SST | E40: 12 | F40: .105 | G40: .105 | H40: 0.10501 | I40: XT | J40: YC | K40: 005 06146 012 | L40: Stainless steel | M40: 304 | N40: R52 | O40: 60 X 144 | P40: SF | Q40: SST304 | R40: SSTS105- | S40: N/A | T40: N/A
A41: =CONCATENATE(E41,Q41) -> 14SST304 | D41: Sheet, SST | E41: 14 | F41: .075 | G41: .075 | H41: 0.07501 | I41: XT | J41: YC | K41: 005 06146 014 | L41: Stainless steel | M41: 304 | N41: R52 | O41: 60 X 144 | P41: SF | Q41: SST304 | R41: SSTS075- | S41: N/A | T41: N/A
A42: =CONCATENATE(E42,Q42) -> 16SST304 | D42: Sheet, SST | E42: 16 | F42: .060 | G42: .060 | H42: 0.06001 | I42: XT | J42: YC | K42: 005 06146 016 | L42: Stainless steel | M42: 304 | N42: R52 | O42: 60 X 144 | P42: SF | Q42: SST304 | R42: SSTS060- | S42: N/A | T42: N/A
A43: =CONCATENATE(E43,Q43) -> 18SST304 | D43: Sheet, SST | E43: 18 | F43: .048 | G43: .048 | H43: 0.04801 | I43: XT | J43: YC | K43: 005 06146 018 | L43: Stainless steel | M43: 304 | N43: R52 | O43: 60 X 144 | P43: SF | Q43: SST304 | R43: SSTS048- | S43: N/A | T43: N/A
A44: =CONCATENATE(E44,Q44) -> 20SST304 | D44: Sheet, SST | E44: 20 | F44: .035 | G44: .035 | H44: 0.03501 | I44: XT | J44: YC | K44: 005 06146 020 | L44: Stainless steel | M44: 304 | N44: R52 | O44: 60 X 144 | P44: SF | Q44: SST304 | R44: SSTS035- | S44: N/A | T44: N/A
A45: =CONCATENATE(E45,Q45) -> 22SST304 | D45: Sheet, SST | E45: 22 | F45: .029 | G45: .029 | H45: 0.02901 | I45: - | J45: YC | K45: 005 06146 022 | L45: Stainless steel | M45: 304 | N45: R52 | O45: 60 X 144 | P45: SF | Q45: SST304 | R45: SSTS029- | S45: N/A | T45: N/A
A46: =CONCATENATE(E46,Q46) -> 24SST304 | D46: Sheet, SST | E46: 24 | F46: .024 | G46: .024 | H46: 0.02401 | I46: N/A | J46: N/A | K46: 005 06146 024 | L46: Stainless steel | M46: 304 | N46: R52 | O46: 60 X 144 | P46: SF | Q46: SST304 | R46: SSTS024- | S46: N/A | T46: N/A
A47: =CONCATENATE(E47,Q47) -> 12SST304L | D47: Sheet, SST | E47: 12 | F47: .105 | G47: .105 | H47: 0.10502 | I47: - | J47: YC | K47: 005 07103 012 | L47: Sheet,304lss,12ga | M47: 304L | N47: R52 | O47: 60 X 144 | P47: SF | Q47: SST304L | R47: SSTL105- | S47: N/A | T47: N/A
A48: =CONCATENATE(E48,Q48) -> 16SST304L | D48: Sheet, SST | E48: 16 | F48: .060 | G48: .060 | H48: 0.06002 | I48: - | J48: YC | K48: 005 07103 016 | L48: Sheet,304lss,16ga | M48: 304L | N48: R52 | O48: 60 X 144 | P48: SF | Q48: SST304L | R48: SSTL060- | S48: N/A | T48: N/A
A49: =CONCATENATE(E49,Q49) -> 10SST316L | D49: Sheet, SST | E49: 10 | F49: .135 | G49: .135 | H49: 0.13502 | I49: - | J49: YC | K49: 005 07104 010 | L49: Sheet,316lss, 10ga | M49: 316L | N49: R52 | O49: 60 X 144 | P49: SF | Q49: SST316L | R49: SSLS135- | S49: N/A | T49: N/A
A50: =CONCATENATE(E50,Q50) -> 12SST316L | D50: Sheet, SST | E50: 12 | F50: .105 | G50: .105 | H50: 0.10503 | I50: - | J50: YC | K50: 005 07104 012 | L50: Sheet,316lss, 12ga | M50: 316L | N50: R52 | O50: 60 X 144 | P50: SF | Q50: SST316L | R50: SSLS105- | S50: N/A | T50: N/A
A51: =CONCATENATE(E51,Q51) -> 14SST316L | D51: Sheet, SST | E51: 14 | F51: .075 | G51: .075 | H51: 0.07502 | I51: - | J51: YC | K51: 005 07104 014 | L51: Sheet,316lss, 14ga | M51: 316L | N51: R52 | O51: 60 X 144 | P51: SF | Q51: SST316L | R51: SSLS075- | S51: N/A | T51: N/A
A52: =CONCATENATE(E52,Q52) -> 16SST316L | D52: Sheet, SST | E52: 16 | F52: .060 | G52: .060 | H52: 0.06003 | I52: XT | J52: YC | K52: 005 07104 016 | L52: Sheet,316lss, 16ga | M52: 316L | N52: R52 | O52: 60 X 144 | P52: SF | Q52: SST316L | R52: SSLS060- | S52: N/A | T52: N/A
A53: =CONCATENATE(E53,Q53) -> 18SST316L | D53: Sheet, SST | E53: 18 | F53: .048 | G53: .048 | H53: 0.04802 | I53: XT | J53: YC | K53: 005 07104 018 | L53: Sheet,316lss, 18ga | M53: 316L | N53: R52 | O53: 60 X 144 | P53: SF | Q53: SST316L | R53: SSLS048- | S53: N/A | T53: N/A
A54: =CONCATENATE(E54,Q54) -> 20SST316L | D54: Sheet, SST | E54: 20 | F54: .035 | G54: .035 | H54: 0.03502 | I54: XT | J54: YC | K54: 005 07104 020 | L54: Sheet,316lss, 20ga | M54: 316L | N54: R52 | O54: 60 X 144 | P54: SF | Q54: SST316L | R54: SSLS035- | S54: N/A | T54: N/A
A55: =CONCATENATE(E55,Q55) -> 22SST316L | D55: Sheet, SST | E55: 22 | F55: .029 | G55: .029 | H55: 0.02902 | I55: - | J55: YC | K55: 005 07104 022 | L55: Sheet,316lss, 22ga | M55: 316L | N55: R52 | O55: 60 X 144 | P55: SF | Q55: SST316L | R55: SSLS029- | S55: N/A | T55: N/A
A56: =IF(E56=" ","n/a",CONCATENATE(E56,Q56))
A57: =CONCATENATE(E57,Q57) | C57: Sheet Products, Structural
A58: =CONCATENATE(E58,Q58) -> 10STRUCT GALV | D58: Sheet, Structural | E58: 10 | F58: .125 | G58: .126 | H58: 0.12602 | I58: XT | J58: - | K58: 005 06596 010 | L58: Structural Galvanized Steel | M58: G90 | N58: R1190 | O58: 48 X 144 | P58: SF | Q58: STRUCT GALV | R58: GLVS126S | S58: N/A | T58: N/A
A59: =CONCATENATE(E59,Q59) -> 12STRUCT GALV | D59: Sheet, Structural | E59: 12 | F59: .096 | G59: .097 | H59: 0.09702 | I59: XT | J59: - | K59: 005 06596 012 | L59: Structural Galvanized Steel | M59: G90 | N59: R1190 | O59: 60 X 144 | P59: SF | Q59: STRUCT GALV | R59: GLVS097S | S59: N/A | T59: N/A
A60: =CONCATENATE(E60,Q60) -> 14STRUCT GALV | D60: Sheet, Structural | E60: 14 | F60: .069 | G60: .070 | H60: 0.07002 | I60: XT | J60: - | K60: 005 06596 014 | L60: Structural Galvanized Steel | M60: G90 | N60: R1190 | O60: 60 X 144 | P60: SF | Q60: STRUCT GALV | R60: GLVS070S | S60: N/A | T60: N/A
A61: =CONCATENATE(E61,Q61)
A62: =CONCATENATE(E62,Q62) | C62: Sheet Products, Perforated
A63: =CONCATENATE(E63,Q63) -> 20GALV PRFA | D63: Sheet, Perf | E63: 20 | F63: .039 | G63: .039 | H63: 0.03901 | I63: XT | J63: - | K63: 005 02897 000 | L63: Galvanized Steel (perf) | M63: G90 | N63: R1045 | O63: 48 X 120 | P63: SF | Q63: GALV PRFA | R63: GLVP039A | S63: 5/16 | T63: 3/8
A64: =CONCATENATE(E64,Q64) -> 20GALV PRFD | D64: Sheet, Perf | E64: 20 | F64: .039 | G64: .039 | H64: 0.03902 | I64: XT | J64: - | K64: 005 02901 000 | L64: Galvanized Steel (perf) | M64: G90 | N64: R1045 | O64: 48 X 120 | P64: SF | Q64: GALV PRFD | R64: GLVP039D | S64: 1/4 | T64: 3/8
A65: =CONCATENATE(E65,Q65) -> 20GALV PRFE | D65: Sheet, Perf | E65: 20 | F65: .039 | G65: .039 | H65: 0.03903 | I65: XT | J65: - | K65: 005 06154 000 | L65: Galvanized Steel (perf) | M65: G90 | N65: R1045 | O65: 48 X 120 | P65: SF | Q65: GALV PRFE | R65: GLVP039E | S65: 5/8 | T65: 13/16
A66: =CONCATENATE(E66,Q66) -> 16GALV PRFG | D66: Sheet, Perf | E66: 16 | F66: .055 | G66: .055 | H66: 0.05501 | I66: - | J66: YC | K66: 005 07115 016 | L66: Sheet,Perf,Glv,40.3%,16ga | M66: G90 | N66: R1045 | O66: 48 X Lg | P66: SF | Q66: GALV PRFG | R66: GLVP055A | S66: .125 | T66: .188
A67: =CONCATENATE(E67,Q67) -> 18GALV PRFG | D67: Sheet, Perf | E67: 18 | F67: .044 | G67: .044 | H67: 0.04505 | I67: - | J67: YC | K67: 005 07115 018 | L67: Sheet,Perf,Glv,40.3%,18ga | M67: G90 | N67: R1045 | O67: 48 X 120 | P67: SF | Q67: GALV PRFG | R67: GLVP045A | S67: .125 | T67: .188
A68: =CONCATENATE(E68,Q68) -> 20GALV PRFG | D68: Sheet, Perf | E68: 20 | F68: .033 | G68: .034 | H68: 0.03402 | I68: - | J68: YC | K68: 005 07115 020 | L68: Sheet,Perf,Glv,40.3%,20ga | M68: G90 | N68: R1045 | O68: 48 X 144 | P68: SF | Q68: GALV PRFG | R68: GLVP034A | S68: .125 | T68: .188
A69: =CONCATENATE(E69,Q69) -> 22GALV PRFF | D69: Sheet, Perf | E69: 22 | F69: .028 | G69: .028 | H69: 0.02802 | I69: XT | J69: YC | K69: 005 07115 022 | L69: Sheet,Perf,Glv,40.3%,22ga | M69: G90 | N69: R1045 | O69: 60 X 144 | P69: SF | Q69: GALV PRFF | R69: GLVP028A | S69: .125 | T69: .188
A70: =CONCATENATE(E70,Q70) -> 18GALV PRFH | D70: Sheet, Perf | E70: 18 | F70: .044 | G70: .044 | H70: 0.044 | I70: - | J70: YC | K70: 005 07118 018 | L70: Sheet,Perf,Glv,47%,18ga | M70: G90 | N70: R1045 | O70: 48 X 120 | P70: SF | Q70: GALV PRFH | R70: GLVP044B | S70: .50 | T70: .688
A71: =CONCATENATE(E71,Q71) -> 18ALM PRF | D71: Sheet, Perf, AL | E71: 18 | F71: .050 | G71: .050 | H71: 0.05001 | I71: XT | J71: - | K71: 008 02316 001 | L71: Aluminum Sheet (perf) | M71: AL | N71: R1116 | O71: 60 X 144 | P71: SF | Q71: ALM PRF | R71: ALUP050A | S71: 1/8 | T71: 7/32
A72: =CONCATENATE(E72,Q72) -> 18ALM PRFA | D72: Sheet, Perf, AL | E72: 18 | F72: .050 | G72: .050 | H72: 0.05002 | I72: - | J72: YC | K72: 008 02573 050 | L72: Sheet,Perf,Al,40.3%,.050, 3003h14 | M72: AL | N72: - | O72: 48 x 144 | P72: SF | Q72: ALM PRFA | R72: ALUP050B | S72: .125 | T72: .188
A73: =CONCATENATE(E73,Q73) -> 16ALM PRFA | D73: Sheet, Perf, AL | E73: 16 | F73: .063 | G73: .063 | H73: 0.06302 | I73: - | J73: YC | K73: 008 02573 063 | L73: Sheet,Perf,Al,40.3%,.063, 3003h14 | M73: AL | N73: - | O73: 48 x 144 | P73: SF | Q73: ALM PRFA | R73: ALUP063A | S73: .125 | T73: .188
A74: =CONCATENATE(E74,Q74) -> 14ALM PRFA | D74: Sheet, Perf, AL | E74: 14 | F74: .080 | G74: .080 | H74: 0.08003 | I74: - | J74: YC | K74: 008 02573 080 | L74: Sheet,Perf,Al,40.3%,.080, 3003h14 | M74: AL | N74: - | O74: 48 x 144 | P74: SF | Q74: ALM PRFA | R74: ALUP080A | S74: .125 | T74: .188
A75: =CONCATENATE(E75,Q75) -> 14ALM PRFB | D75: Sheet, Perf, AL | E75: 14 | F75: .080 | G75: .080 | H75: 0.08004 | I75: - | J75: YC | K75: 008 02574 080 | L75: Sheet,Perf,Al,47%,.080, 3003h14 | M75: AL | N75: - | O75: 48 x 144 | P75: SF | Q75: ALM PRFB | R75: ALUP080B | S75: .50 | T75: .688
A76: =CONCATENATE(E76,Q76) -> 16SST304PA | D76: Sheet, Perf, SST | E76: 16 | F76: .060 | G76: .060 | H76: 0.06004 | I76: - | J76: YC | K76: 005 07114 016 | L76: Sheet,Perf,304ss,40.3%,16ga | M76: 304 | N76: R52 | O76: 60 X 144 | P76: SF | Q76: SST304PA | R76: SSTP060A | S76: .125 | T76: .188
A77: =CONCATENATE(E77,Q77) -> 18SST304PA | D77: Sheet, Perf, SST | E77: 18 | F77: .048 | G77: .048 | H77: 0.04803 | I77: - | J77: YC | K77: 005 07114 018 | L77: Sheet,Perf,304ss,40.3%,18ga | M77: 304 | N77: R52 | O77: 60 X 144 | P77: SF | Q77: SST304PA | R77: SSTP048B | S77: .125 | T77: .188
A78: =CONCATENATE(E78,Q78) -> 20SST304PA | D78: Sheet, Perf, SST | E78: 20 | F78: .035 | G78: .035 | H78: 0.03503 | I78: - | J78: YC | K78: 005 07114 020 | L78: Sheet,Perf,304ss,40.3%,20ga | M78: 304 | N78: R52 | O78: 60 X 144 | P78: SF | Q78: SST304PA | R78: SSTP035A | S78: .125 | T78: .188
A79: =CONCATENATE(E79,Q79) -> 16SST304PC | D79: Sheet, Perf, SST | E79: 16 | F79: .060 | G79: .060 | H79: 0.06005 | I79: - | J79: YC | K79: 005 07116 016 | L79: Sheet,Perf,304ss,51%,16ga | M79: 304 | N79: R52 | O79: 60 X 144 | P79: SF | Q79: SST304PC | R79: SSTP060B | S79: .188 | T79: .25
A80: =CONCATENATE(E80,Q80) -> 18SST304PB | D80: Sheet, Perf, SST | E80: 18 | F80: .048 | G80: .048 | H80: 0.04804 | I80: - | J80: YC | K80: 005 07117 018 | L80: Sheet,Perf,304ss,47%,18ga | M80: 304 | N80: R52 | O80: 60 X 144 | P80: SF | Q80: SST304PB | R80: SSTP048C | S80: .50 | T80: .688
A81: =CONCATENATE(E81,Q81)
A82: =CONCATENATE(E82,Q82) | C82: Sheet Products, Expaneded or Textured
A83: =CONCATENATE(E83,Q83) -> 9GALV EXPA | D83: Sheet, Expanded | E83: 9 | F83: .146 | G83: .146 | H83: 0.14602 | I83: XT | J83: - | K83: 005 06150 000 | L83: Galvanized Steel (Expanded/Flattened) 3/4 No. 9 | M83: G90 | N83: R259 | O83: 48 x 120 | P83: SF | Q83: GALV EXPA | R83: GLVE146A | S83: 3/4" wide diamond | T83: Flattened
A84: =CONCATENATE(E84,Q84) -> 9GALV EXPB | D84: Sheet, Expanded | E84: 9 | F84: .146 | G84: .146 | H84: 0.14601 | I84: XT | J84: - | K84: 005 06579 000 | L84: Galvanized Steel (Expanded/Flattened) 1-1/2 No. 9 | M84: G90 | N84: R259 | O84: 48 x 120 | P84: SF | Q84: GALV EXPB | R84: GLVE146B | S84: 1-1/2" wide diamond | T84: Flattened
A85: =CONCATENATE(E85,Q85) -> 9GALV EXPBY | D85: Sheet, Expanded | E85: 9 | F85: .146 | G85: .146 | H85: 0.14604 | I85: - | J85: YC | K85: 005 06579 100 | L85: Sheet,Exp_Mtl,Glv,G90,9ga, 1.5 Flattened | M85: G90 | N85: R259 | O85: 48 x 96 | P85: SF | Q85: GALV EXPBY | R85: GLVE146C | S85: 1-1/2" wide diamond | T85: Flattened
A86: =CONCATENATE(E86,Q86) -> 11GALV EXPA | D86: Sheet, Expanded | E86: 11 | F86: .120 | G86: .120 | H86: 0.12001 | I86: - | J86: YC | K86: 005 07109 011 | L86: Sheet,Exp_Mtl,Glv,11ga, .75 Flattened, #9 | M86: G90 | N86: R259 | O86: 48 x 120 | P86: SF | Q86: GALV EXPA | R86: GLVE120- | S86: 3/4" wide diamond | T86: Flattened
A87: =CONCATENATE(E87,Q87) -> 16ALM EXP | D87: Sheet, Expanded, AL | E87: 16 | F87: .060 | G87: .060 | H87: 0.06006 | I87: XT | J87: - | K87: 008 02335 000 | L87: Aluminum Sht (Expanded/Flattened) 1/2 No..081 5005-H34 | M87: AL | N87: - | O87: 48 X 120 | P87: SF | Q87: ALM EXP | R87: ALUE060A | S87: .28x.94 diamond | T87: Flattened
A88: =CONCATENATE(E88,Q88) -> 9SST304E | D88: Sheet, Expanded, SST | E88: 9 | F88: .146 | G88: .146 | H88: 0.14603 | I88: - | J88: YC | K88: 005 06588 100 | L88: Sheet,Exp_Mtl,Ss,304,9ga,1.5 Flattened | M88: 304 | N88: R52 | O88: 48 x 96 | P88: SF | Q88: SST304E | R88: SSTE146- | S88: 1-1/2" wide diamond | T88: Flattened
A89: =CONCATENATE(E89,Q89) -> 11SST304E | D89: Sheet, Expanded, SST | E89: 11 | F89: .120 | G89: .120 | H89: 0.12002 | I89: - | J89: YC | K89: 005 07120 011 | L89: Sheet,Exp_Mtl,304ss,11ga, .75 flattened #9 | M89: 304 | N89: R52 | O89: 60 X 144 | P89: SF | Q89: SST304E | R89: SSTE120- | S89: 3/4" wide diamond | T89: Flattened
A90: =CONCATENATE(E90,Q90) -> 20ALM EMB | D90: Sheet, AL, Emb | E90: 20 | F90: .040 | G90: .040 | H90: 0.04002 | I90: - | J90: YC | K90: 008 02168 000 | L90: Al,3105h14,.040, Stucco Emb Alum | M90: AL | N90: Stucco Finish | O90: 48 x 144 | P90: SF | Q90: ALM EMB | R90: ALUE040A | S90: Embossed AL | T90: N/A
A91: =CONCATENATE(E91,Q91) -> 14ALM EMB | D91: Sheet, AL, Emb | E91: 14 | F91: .080 | G91: .080 | H91: 0.08002 | I91: - | J91: YC | K91: 008 02571 080 | L91: Sheet,Al_Text,3003h134,.080_Stucco | M91: AL | N91: Stucco Finish | O91: 48 x 144 | P91: SF | Q91: ALM EMB | R91: ALUE080A | S91: Embossed AL | T91: N/A
A92: =CONCATENATE(E92,Q92) -> 1SST304G | D92: Grating | E92: 1 | F92: 1"High | G92: 1"High | H92: 1.00002 | I92: - | J92: YC | K92: 001 07514 000 | L92: Grating,19-S-4,1h_.13thk ,Stainless Steel Grating | M92: 304 | N92: R52 | O92: 36 X 96 | P92: SF | Q92: SST304G | R92: SSTG100A | S92: 1" 19-S-4 | T92: N/A
A93: =CONCATENATE(E93,Q93) -> 1ALM GRATE | D93: Grating | E93: 1 | F93: 1"High | G93: 1"High | H93: 1.00003 | I93: - | J93: YC | K93: 001 07515 000 | L93: Grating,19-Ap-4,1h_.13thk,Aluminum Grating | M93: AL | N93: - | O93: 36 X 96 | P93: SF | Q93: ALM GRATE | R93: ALUG100A | S93: 1" 19-Ap-4 | T93: N/A
A94: =CONCATENATE(E94,Q94) -> 1GALV GRATE | D94: Grating | E94: 1 | F94: 1"High | G94: 1"High | H94: 1.00001 | I94: - | J94: YC | K94: 001 07516 000 | L94: Grating,19-W-4,1h_.13thk ,Hot Dipped Glv Grating | M94: G90 | N94: Hot Dip | O94: 36 X 96 | P94: SF | Q94: GALV GRATE | R94: GLVG100A | S94: 1" 19-W-4 | T94: N/A
A95: =CONCATENATE(E95,Q95) -> 19GALV CLOTH | D95: Sheet, Cloth | E95: 19 | F95: .04 | G95: .04 | H95: 0.04003 | I95: - | J95: YC | K95: 005 07112 041 | L95: Cloth, Hdw, Glv, .5 x .5 x .04 | M95: G90 | N95: Galv | O95: 48 x 120 | P95: SF | Q95: GALV CLOTH | R95: GLVC040A | S95: N/A | T95: N/A
A96: =CONCATENATE(E96,Q96) | C96: Sheet Products, Diamond Tread Plate
A97: =CONCATENATE(E97,Q97)
A98: =CONCATENATE(E98,Q98) -> 12STL DIA HR | D98: Plate, Diamond, HR | E98: 12 | F98: .096 | G98: .097 | H98: 0.09703 | I98: - | J98: YC | K98: 005 07108 012 | L98: Plate,Dia,Hot-Rolled,12ga | M98: HR | N98: - | O98: 48 X 96 | P98: SF | Q98: STL DIA HR | R98: HRSD097- | S98: Raised Lug | T98: N/A
A99: =CONCATENATE(E99,Q99) -> 14STL DIA HR | D99: Plate, Diamond, HR | E99: 14 | F99: .069 | G99: .070 | H99: 0.07004 | I99: - | J99: YC | K99: 005 07108 014 | L99: Plate,Dia,Hot-Rolled,14ga | M99: HR | N99: - | O99: 48 X 120 | P99: SF | Q99: STL DIA HR | R99: HRSD070- | S99: Raised Lug | T99: N/A
A100: =CONCATENATE(E100,Q100) -> 10STL DIA HR | D100: Plate, Diamond, HR | E100: 10 | F100: .125 | G100: .126 | H100: 0.12603 | I100: - | J100: YC | K100: 005 07108 125 | L100: Plate,Dia,Hot-Rolled,.125 | M100: HR | N100: - | O100: 48 X 144 | P100: SF | Q100: STL DIA HR | R100: HRSD126- | S100: Raised Lug | T100: N/A
A101: =CONCATENATE(E101,Q101) -> 7STL DIA HR | D101: Plate, Diamond, HR | E101: 7 | F101: .188 | G101: .188 | H101: 0.18801 | I101: - | J101: YC | K101: 005 07108 188 | L101: Plate,Dia,Hot-Rolled,.188 | M101: HR | N101: - | O101: 48 X 120 | P101: SF | Q101: STL DIA HR | R101: HRSD188- | S101: Raised Lug | T101: N/A
...

Sheet Steel List
B2: Solution Project, Raw material codes and calculations, Sheet or Coil stock, Square Foot
D3: Mat'l Group | E3: LBS/FT | F3: Web/Wall Thickness | G3: Height | I3: Depth | J3: Flange Thickness/ Radius | K3: Active Product "XT" | L3: Active Product "YC" | M3: Mapics Part Number | N3: Material description | O3: Material Type | P3: York "R" Std | Q3: Max Cut Size | R3: Unit of Measure | S3: Inventor Material Designation | T3: "DXF" Mat'l Data
A4: STL_LOOKUP | D4: STL_GRP | E4: STL_LBFT | F4: STL_WT | G4: STL_H | I4: STL_D | J4: STL_FTR | K4: STL_XT | L4: STL_YC | M4: STL_PNUM | N4: STL_DESC | O4: STL_TYPE | P4: STL_RSTD | Q4: STL_CUT | R4: STL_UMSR | S4: STL_DESG | T4: STL_DXF
C5: Structural Steel, Shapes
A6: =CONCATENATE(RIGHT(D6,LEN(D6)-FIND(" ",D6)),G6,E6) -> Channel20.56 | D6: Steel, Channel | E6: 0.56 | F6: 0.188 | G6: 2 | I6: 1.000 | J6: 0.188 | K6: - | L6: YC | M6: 001-07500-000 | N6: Channel 2 X 1 X .19,R-18 Std | O6: A572 HRS | P6: R18 | Q6: 324 IN length | R6: IN | S6: - | T6: -
A7: =CONCATENATE(RIGHT(D7,LEN(D7)-FIND(" ",D7)),G7,E7) -> Channel34.1 | D7: Steel, Channel | E7: 4.1 | F7: 0.17 | G7: 3 | I7: 1.41 | J7: 0.273 | K7: - | L7: YC | M7: 001-07501-000 | N7: Channel 3 X 4.1 Lb/Ft,R-18 Std | O7: A572 HRS | P7: R18 | Q7: 324 IN length | R7: IN | S7: - | T7: -
A8: =CONCATENATE(RIGHT(D8,LEN(D8)-FIND(" ",D8)),G8,E8) -> Channel35 | D8: Steel, Channel | E8: 5 | F8: 0.258 | G8: 3 | I8: 1.498 | J8: 0.273 | K8: XT | L8: - | M8: 001 08405 003 | N8: 3" x 5.0# Structural Channel | O8: A572 HRS | P8: R18 | Q8: 324 IN length | R8: IN | S8: - | T8: -
A9: =CONCATENATE(RIGHT(D9,LEN(D9)-FIND(" ",D9)),G9,E9) -> Channel45.4 | D9: Steel, Channel | E9: 5.4 | F9: 0.184 | G9: 4 | I9: 1.584 | J9: 0.296 | K9: XT | L9: YC | M9: 001 08405 004 | N9: 4" x 5.4# Structural Channel | O9: A572 HRS | P9: R18 | Q9: 324 IN length | R9: IN | S9: - | T9: -
A10: =CONCATENATE(RIGHT(D10,LEN(D10)-FIND(" ",D10)),G10,E10) -> Channel47.25 | D10: Steel, Channel | E10: 7.25 | F10: 0.321 | G10: 4 | I10: 1.721 | J10: 0.296 | K10: XT | L10: - | M10: 001 08405 104 | N10: 4" x 7.25# Structural Channel | O10: A572 HRS | P10: R18 | Q10: 324 IN length | R10: IN | S10: - | T10: -
A11: =CONCATENATE(RIGHT(D11,LEN(D11)-FIND(" ",D11)),G11,E11) -> Channel56.7 | D11: Steel, Channel | E11: 6.7 | F11: 0.19 | G11: 5 | I11: 1.75 | J11: 0.32 | K11: - | L11: YC | M11: 001 08405 005 | N11: Channel 5 X 6.7 Lb/Ft,R-18 Std | O11: A572 HRS | P11: R18 | Q11: 324 IN length | R11: IN | S11: - | T11: -
A12: =CONCATENATE(RIGHT(D12,LEN(D12)-FIND(" ",D12)),G12,E12) -> Channel68.2 | D12: Steel, Channel | E12: 8.2 | F12: 0.2 | G12: 6 | I12: 1.92 | J12: 0.343 | K12: XT | L12: YC | M12: 001 08405 006 | N12: 6" x 8.2# Structural Channel | O12: A572 HRS | P12: R18 | Q12: 324 IN length | R12: IN | S12: - | T12: -
A13: =CONCATENATE(RIGHT(D13,LEN(D13)-FIND(" ",D13)),G13,E13) -> Channel811.5 | D13: Steel, Channel | E13: 11.5 | F13: 0.22 | G13: 8 | I13: 2.26 | J13: 0.39 | K13: XT | L13: YC | M13: 001 08405 008 | N13: 8" x 11.5# Structural Channel | O13: A572 HRS | P13: R18 | Q13: 324 IN length | R13: IN | S13: - | T13: -
A14: =CONCATENATE(RIGHT(D14,LEN(D14)-FIND(" ",D14)),G14,E14) -> Channel1015.3 | D14: Steel, Channel | E14: 15.3 | F14: 0.24 | G14: 10 | I14: 2.6 | J14: 0.438 | K14: XT | L14: YC | M14: 001 08405 010 | N14: 10" x 15.3# Structural Channel | O14: A572 HRS | P14: R18 | Q14: 324 IN length | R14: IN | S14: - | T14: -
A15: =CONCATENATE(RIGHT(D15,LEN(D15)-FIND(" ",D15)),G15,E15) -> Channel1220.7 | D15: Steel, Channel | E15: 20.7 | F15: 0.282 | G15: 12 | I15: 2.942 | J15: 0.501 | K15: XT | L15: YC | M15: 001 08405 012 | N15: 12" x 20.7# Structural Channel | O15: A572 HRS | P15: R18 | Q15: 324 IN length | R15: IN | S15: - | T15: -
A16: =CONCATENATE(RIGHT(D16,LEN(D16)-FIND(" ",D16)),G16,E16) -> I-Beam35.7 | D16: Steel, I-Beam | E16: 5.7 | F16: 0.17 | G16: 3 | I16: 2.33 | J16: 0.26 | K16: - | L16: YC | M16: 001-07638-000 | N16: I-Beam 3 X 5.7 Lb/Ft, R-18 Std | O16: A36 HRS | P16: R18 | Q16: 324 IN length | R16: IN | S16: - | T16: -
A17: =CONCATENATE(RIGHT(D17,LEN(D17)-FIND(" ",D17)),G17,E17) -> I-Beam47.7 | D17: Steel, I-Beam | E17: 7.7 | F17: 0.19 | G17: 4 | I17: 2.66 | J17: 0.293 | K17: XT | L17: YC | M17: 001-08409-004 | N17: I-Beam 4 X 7.7 Lb/Ft,R-18 Std | O17: A36 HRS | P17: R18 | Q17: 324 IN length | R17: IN | S17: - | T17: -
A18: =CONCATENATE(RIGHT(D18,LEN(D18)-FIND(" ",D18)),G18,E18) -> I-Beam612.5 | D18: Steel, I-Beam | E18: 12.5 | F18: 0.23 | G18: 6 | I18: 3.33 | J18: 0.359 | K18: - | L18: YC | M18: 001-07509-000 | N18: I-Beam 6 X 12.5 Lb/Ft,R-18 Std | O18: A36 HRS | P18: R18 | Q18: 324 IN length | R18: IN | S18: - | T18: -
A19: =CONCATENATE(RIGHT(D19,LEN(D19)-FIND(" ",D19)),G19,E19) -> I-Beam818.4 | D19: Steel, I-Beam | E19: 18.4 | F19: 0.27 | G19: 8 | I19: 4 | J19: 0.425 | K19: - | L19: YC | M19: 001-07510-000 | N19: I-Beam 8 X 18.4 Lb/Ft,R-18 Std | O19: A36 HRS | P19: R18 | Q19: 324 IN length | R19: IN | S19: - | T19: -
A20: =CONCATENATE(RIGHT(D20,LEN(D20)-FIND(" ",D20)),G20,I20,F20) -> Angle0.750.750.125 | D20: Steel, Angle | E20: 0.59 | F20: 0.125 | G20: 0.75 | I20: 0.75 | J20: 0.125 | K20: XT | L20: - | M20: 001 08406 075 | N20: 3/4" x 3/4" x 1/8" Structural Angle | O20: A36 HRS | P20: R18 | Q20: 324 IN length | R20: IN | S20: - | T20: -
A21: =CONCATENATE(RIGHT(D21,LEN(D21)-FIND(" ",D21)),G21,I21,F21) -> Angle110.25 | D21: Steel, Angle | E21: 1.49 | F21: 0.25 | G21: 1 | I21: 1 | J21: 0.125 | K21: XT | L21: - | M21: 001 08406 100 | N21: 1" x 1" x 1/4" Structural Angle | O21: A36 HRS | P21: R18 | Q21: 324 IN length | R21: IN | S21: - | T21: -
A22: =CONCATENATE(RIGHT(D22,LEN(D22)-FIND(" ",D22)),G22,I22,F22) -> Angle1.251.250.25 | D22: Steel, Angle | E22: 1.92 | F22: 0.25 | G22: 1.25 | I22: 1.25 | J22: 0.188 | K22: XT | L22: - | M22: 001 08406 125 | N22: 1-1/4" x 1-1/4" x 1/4" Structural Angle | O22: A36 HRS | P22: R18 | Q22: 324 IN length | R22: IN | S22: - | T22: -
A23: =CONCATENATE(RIGHT(D23,LEN(D23)-FIND(" ",D23)),G23,I23,F23) -> Angle1.51.50.25 | D23: Steel, Angle | E23: 2.34 | F23: 0.25 | G23: 1.5 | I23: 1.5 | J23: 0.188 | K23: XT | L23: - | M23: 001 08406 150 | N23: 1-1/2" x 1-1/2" x 1/4" Structural Angle | O23: A36 HRS | P23: R18 | Q23: 324 IN length | R23: IN | S23: - | T23: -
A24: =CONCATENATE(RIGHT(D24,LEN(D24)-FIND(" ",D24)),G24,I24,F24) -> Angle220.25 | D24: Steel, Angle | E24: 3.19 | F24: 0.25 | G24: 2 | I24: 2 | J24: 0.281 | K24: XT | L24: YC | M24: 001 08406 200 | N24: 2" x 2" x 1/4" Structural Angle | O24: A36 HRS | P24: R18 | Q24: 324 IN length | R24: IN | S24: - | T24: -
A25: =CONCATENATE(RIGHT(D25,LEN(D25)-FIND(" ",D25)),G25,I25,F25) -> AngleCoped220.25 | D25: Steel, AngleCoped | E25: 3.19 | F25: 0.25 | G25: 2 | I25: 2 | J25: 0.281 | K25: XT | L25: - | M25: 001 08407 200 | N25: 2" x 2" x 1/4" Structural Angle, Coped Both Ends | O25: A36 HRS | P25: R18 | Q25: 324 IN length | R25: IN | S25: - | T25: -
A26: =CONCATENATE(RIGHT(D26,LEN(D26)-FIND(" ",D26)),G26,I26,F26) -> Angle220.188 | D26: Steel, Angle | E26: 2.44 | F26: 0.188 | G26: 2 | I26: 2 | J26: 0.281 | K26: - | L26: YC | M26: 001-05057-000 | N26: Angle Blk 2 X 2 X .19 | O26: A36 HRS | P26: R18 | Q26: 325 IN length | R26: IN | S26: - | T26: -
A27: =CONCATENATE(RIGHT(D27,LEN(D27)-FIND(" ",D27)),G27,I27,F27) -> Angle640.375 | D27: Steel, Angle | E27: 12.3 | F27: 0.375 | G27: 6 | I27: 4 | J27: 0.5 | K27: - | L27: YC | M27: 001 07501 064 | N27: Angle Blk 6 x 4 x .38 thk | O27: A36 HRS | P27: R18 | Q27: 326 IN length | R27: IN | S27: - | T27: -
A28: =CONCATENATE(RIGHT(D28,LEN(D28)-FIND(" ",D28)),G28,I28,F28) -> Tubing110.065 | D28: Steel, Tubing | E28: 0.8265 | F28: 0.065 | G28: 1 | I28: 1 | J28: - | K28: - | L28: YC | M28: 001-07517-000 | N28: Tubing 1 X 1 X .065 | O28: A36 | P28: - | Q28: 324 IN length | R28: IN | S28: - | T28: -
A29: =CONCATENATE(RIGHT(D29,LEN(D29)-FIND(" ",D29)),G29,I29,F29) -> Tubing330.12 | D29: Steel, Tubing | E29: 4.58 | F29: 0.12 | G29: 3 | I29: 3 | J29: - | K29: XT | L29: YC | M29: 001-08408-003 | N29: Tubing 3 X 3 X .120 | O29: A36 | P29: - | Q29: 324 IN length | R29: IN | S29: - | T29: -
A30: =CONCATENATE(RIGHT(D30,LEN(D30)-FIND(" ",D30)),G30,I30,F30) -> Tubing440.12 | D30: Steel, Tubing | E30: 6.22 | F30: 0.12 | G30: 4 | I30: 4 | J30: - | K30: - | L30: YC | M30: 001-07519-000 | N30: Tubing 4 X 4 X .120 | O30: A36 | P30: - | Q30: 324 IN length | R30: IN | S30: - | T30: -
A31: =CONCATENATE(RIGHT(D31,LEN(D31)-FIND(" ",D31)),G31,I31,F31) -> Tubing220.12 | D31: Steel, Tubing | E31: 2.94 | F31: 0.12 | G31: 2 | I31: 2 | J31: - | K31: XT | L31: YC | M31: 001-08408-002 | N31: Tubing 2 X 2 X .120 | O31: A36 | P31: - | Q31: 324 IN length | R31: IN | S31: - | T31: -
A32: =CONCATENATE(RIGHT(D32,LEN(D32)-FIND(" ",D32)),G32,I32,F32) -> Tubing1.50.750.12 | D32: Steel, Tubing | E32: 1.64 | F32: 0.12 | G32: 1.5 | I32: 0.75 | J32: - | K32: - | L32: YC | M32: 001 08570 000 | N32: Tubing, Blk 3/4"x1 1/2"x.120 | O32: A36 | P32: - | Q32: 324 IN length | R32: IN | S32: - | T32: -
A33: =CONCATENATE(RIGHT(D33,LEN(D33)-FIND(" ",D33)),I33,F33) -> Flat Bar30.25 | D33: Steel, Flat Bar | E33: 2.975 | F33: 0.25 | G33: - | I33: 3 | J33: - | K33: - | L33: YC | M33: 001-07578-000 | N33: Flat Bar 3 x .25 THK | O33: A36 | P33: - | Q33: 324 IN length | R33: IN | S33: - | T33: -
A34: =CONCATENATE(E34,S34)
A35: =CONCATENATE(E35,S35)
A36: =CONCATENATE(E36,S36) | C36: Aluminum, Extruded, Shapes
A37: =T37 -> ALUT12TB | D37: Alum, Extrude, Track | E37: - | F37: - | G37: - | I37: - | J37: - | K37: XT | L37: - | M37: 008 02326 010 | N37: Track,Fltr,Top/Btm,W/2_Pre | O37: extru. Al. | P37: - | Q37: IN length | R37: IN | S37: ALM TRK 12TB | T37: ALUT12TB
A38: =T38 -> ALUT12M- | D38: Alum, Extrude, Track | E38: - | F38: - | G38: - | I38: - | J38: - | K38: XT | L38: - | M38: 008 02327 010 | N38: Track,Fltr,Mid,W/2_Pre | O38: extru. Al. | P38: - | Q38: IN length | R38: IN | S38: ALM TRK 12M | T38: ALUT12M-
A39: =T39 -> ALUT14TB | D39: Alum, Extrude, Track | E39: - | F39: - | G39: - | I39: - | J39: - | K39: XT | L39: - | M39: 008 02328 010 | N39: Track,Fltr,Top/Btm,W/4_Pre | O39: extru. Al. | P39: - | Q39: IN length | R39: IN | S39: ALM TRK 14TB | T39: ALUT14TB
A40: =T40 -> ALUT14M- | D40: Alum, Extrude, Track | E40: - | F40: - | G40: - | I40: - | J40: - | K40: XT | L40: - | M40: 008 02329 010 | N40: Track,Fltr,Mid,W/4_Pre | O40: extru. Al. | P40: - | Q40: IN length | R40: IN | S40: ALM TRK 14M | T40: ALUT14M-
A41: =T41 -> ALUT42TB | D41: Alum, Extrude, Track | E41: - | F41: - | G41: - | I41: - | J41: - | K41: XT | L41: - | M41: 008 02330 010 | N41: Track,Fltr,Top/Btm,W/2_Pre | O41: extru. Al. | P41: - | Q41: IN length | R41: IN | S41: ALM TRK 42TB | T41: ALUT42TB
A42: =T42 -> ALUT42M- | D42: Alum, Extrude, Track | E42: - | F42: - | G42: - | I42: - | J42: - | K42: XT | L42: - | M42: 008 02331 010 | N42: Track,Fltr,Mid,W/2_Pre | O42: extru. Al. | P42: - | Q42: IN length | R42: IN | S42: ALM TRK 42M | T42: ALUT42M-
A43: =T43 -> - | D43: Alum, Extrude, Track | E43: - | F43: - | G43: - | I43: - | J43: - | K43: - | L43: YC | M43: 008 02575 001 | N43: Track,Fltr,Hi-Eff,Top/Btm, 2" Pre, Rigid/Bag Final | O43: extru. Al. | P43: - | Q43: IN length | R43: IN | S43: - | T43: -
A44: =T44 -> - | D44: Alum, Extrude, Track | E44: - | F44: - | G44: - | I44: - | J44: - | K44: - | L44: YC | M44: 008 02576 001 | N44: Track,Fltr,Hi-Eff,Mid, 2" Pre, Rigid/Bag Final | O44: extru. Al. | P44: - | Q44: IN length | R44: IN | S44: - | T44: -
A45: =T45 -> - | D45: Alum, Extrude, Track | E45: - | F45: - | G45: - | I45: - | J45: - | K45: - | L45: YC | M45: 008 02577 001 | N45: Extrusion,Frame,Outswing,2", YC, 204" L | O45: extru. Al. | P45: - | Q45: IN length | R45: IN | S45: - | T45: -
A46: =T46 -> - | D46: Alum, Extrude, Track | E46: - | F46: - | G46: - | I46: - | J46: - | K46: - | L46: YC | M46: 008 02578 001 | N46: Extrusion,Frame,Inswing,2", YC, 204" L | O46: extru. Al. | P46: - | Q46: IN length | R46: IN | S46: - | T46: -
A47: =T47 -> - | D47: Alum, Extrude, Track | E47: - | F47: - | G47: - | I47: - | J47: - | K47: - | L47: YC | M47: 008 02579 001 | N47: Extrusion,Door,2", YC, 204" L | O47: extru. Al. | P47: - | Q47: IN length | R47: IN | S47: - | T47: -
A48: =T48 -> - | D48: Alum, Extrude, Track | E48: - | F48: - | G48: - | I48: - | J48: - | K48: - | L48: YC | M48: 008 02584 001 | N48: Extrusion,Frame,Tb,Outswing,2", YC, 204" L | O48: extru. Al. | P48: - | Q48: IN length | R48: IN | S48: - | T48: -
... A53: =T53 -> - | D53: Alum, Extrude, Track | E53: - | F53: - | G53: - | I53: - | J53: - | K53: - | L53: YC | M53: 008 02589 001 | N53: Extrusion,Tb,Door,3", YC, 204" L | O53: extru. Al. | P53: - | Q53: IN length | R53: IN | S53: - | T53: -
A55: =CONCATENATE(E55,S55)
A56: =CONCATENATE(E56,S56) | C56: Copper, Tube
A57: - | D57: Copper, Tube | E57: - | F57: - | G57: 0.25 | I57: 0.25 | J57: - | K57: - | L57: YC | M57: 007 09019 025 | N57: Tubing,Cu,.25dia | O57: Copper Type L | P57: R80 | Q57: IN length | R57: IN | S57: - | T57: -
A58: - | D58: Copper, Tube | E58: - | F58: 0.02 | G58: 0.625 | I58: 0.625 | J58: - | K58: - | L58: YC | M58: 007-05770-000 | N58: Tube,Cu,.63od_.020thk | O58: Copper Type L | P58: R80 | Q58: IN length | R58: IN | S58: - | T58: -
A59: =CONCATENATE(E59,S59)
A60: =CONCATENATE(E60,S60)
A61: =CONCATENATE(E61,S61) | C61: Aluminum, Shapes
A62: =CONCATENATE(RIGHT(D62,LEN(D62)-FIND(" ",D62)),LEFT(D62,4),G62,I62,F62) -> TubingAlum1.50.750.125 | D62: Alum, Tubing | E62: 0.588 | F62: 0.125 | G62: 1.5 | I62: 0.75 | J62: - | K62: - | L62: YC | M62: 008 02595 001 | N62: Tubing, Alum, 0.75x1.50x0.125 | O62: - | P62: - | Q62: IN Length | R62: IN | S62: - | T62: -
A63: =CONCATENATE(RIGHT(D63,LEN(D63)-FIND(" ",D63)),LEFT(D63,4),G63,E63) -> ChannelAlum108.36 | D63: Alum, Channel | E63: 8.36 | F63: 0.31 | G63: 10 | I63: 4.25 | J63: 0.5 | K63: - | L63: YC | M63: 008 02592 001 | N63: Channel Aluminum 10x8.36 Lb/Ft | O63: - | P63: - | Q63: IN Length | R63: IN | S63: - | T63: -
A64: =CONCATENATE(RIGHT(D64,LEN(D64)-FIND(" ",D64)),LEFT(D64,4),G64,E64) -> ChannelAlum1211.82 | D64: Alum, Channel | E64: 11.82 | F64: 0.35 | G64: 12 | I64: 5 | J64: 0.62 | K64: - | L64: YC | M64: 008 02593 001 | N64: Channel Aluminum 12x11.82lb/Ft | O64: - | P64: - | Q64: IN Length | R64: IN | S64: - | T64: -
A65: =CONCATENATE(RIGHT(D65,LEN(D65)-FIND(" ",D65)),LEFT(D65,4),G65,E65) -> ChannelAlum64.03 | D65: Alum, Channel | E65: 4.03 | F65: 0.21 | G65: 6 | I65: 3.25 | J65: 0.35 | K65: - | L65: YC | M65: 008 02590 001 | N65: Channel Aluminum 6x4.03 Lb/Ft | O65: - | P65: - | Q65: IN Length | R65: IN | S65: - | T65: -
A66: =CONCATENATE(RIGHT(D66,LEN(D66)-FIND(" ",D66)),LEFT(D66,4),G66,E66) -> ChannelAlum85.79 | D66: Alum, Channel | E66: 5.79 | F66: 0.25 | G66: 8 | I66: 3.75 | J66: 0.41 | K66: - | L66: YC | M66: 008 02591 001 | N66: Channel Aluminum 8x5.79 Lb/Ft | O66: - | P66: - | Q66: IN Length | R66: IN | S66: - | T66: -
A67: =CONCATENATE(E67,S67)
A68: =CONCATENATE(E68,S68)
A69: =CONCATENATE(E69,S69) | C69: Steel, Stainless, Shapes
A70: =CONCATENATE(RIGHT(D70,LEN(D70)-FIND(" ",D70)),LEFT(D70,3),G70,E70) -> ChannelSST68.27 | D70: SST, Channel | E70: 8.27 | F70: 0.19 | G70: 6 | I70: 1.92 | K70: - | L70: YC | M70: 001-07530-006 | N70: Channel,304ss,6_8.3#/Ft, Flange Width = 1.9" | O70: - | P70: - | Q70: IN length | R70: IN | S70: - | T70: -
A71: =CONCATENATE(RIGHT(D71,LEN(D71)-FIND(" ",D71)),LEFT(D71,3),G71,E71) -> ChannelSST818.8 | D71: SST, Channel | E71: 18.8 | F71: 0.487 | G71: 8 | I71: 2.527 | K71: - | L71: YC | M71: 001-07530-008 | N71: Channel,304ss,8_18.8#/Ft, Flange Width = 2.53" | O71: - | P71: - | Q71: IN length | R71: IN | S71: - | T71: -
A72: =CONCATENATE(RIGHT(D72,LEN(D72)-FIND(" ",D72)),LEFT(D72,3),G72,I72,F72) -> TubingSST110.065 | D72: SST, Tubing | E72: 0.827 | F72: 0.065 | G72: 1 | I72: 1 | K72: - | L72: YC | M72: 001-07520-000 | N72: Tubing 1 x 1 x .065 304 SST | O72: A36 | P72: - | Q72: 324 IN length | R72: IN | S72: - | T72: -
A73: =CONCATENATE(E73,S73)
D76: Notes:
D77: 1. All sheet or coil stock raw material will be calculated in Square Foot, (Width" X Length") / 144 = SQ. FT.
D78: 2. Conversions to Pounds or Sheets will be setup in Mapics as a (1 to X) product structure relationship
D79: 3. The max sheet size is 60 X 144 inches for sheet stock material
D80: 4. With the exception to standard R259 is that all Galvanized Steel will be Chemically Treated and oiled with a mineral based oil which is easily removable by vapor degreasing or mild alkaline cleaning with a hot water rinse.

Sheet Revision List
A1: Revision | B1: Date | C1: Description | D1: By | E1: ECN Number
A2: - | B2: 43523 | C2: NEW, YC, INITIAL RELEASE | D2: W. Oberholzer | E2: 18-9947
A3: A | B3: 43672 | C3: ADDED DATA TAB COLUMN D DROP DOWN VALUES | D3: PS | E3: 19-10292
A4: B | B4: 45502 | C4: UPDATED FLOOR MOUNTING CLEARANCE HOLES | D4: MJG | E4: 24-11527
