Workbook
Name Assembly_Description: Data!$B$29
Name CollarThkO: Data!$B$24
Name Construction: Data!$B$12
Name DamperSize: 'Fan Lookup2'!$AF$4
Name DoorPlacement: Data!$B$16
Name Error: Data!$B$27
Name FAN_A: 'Fan Lookup2'!$E$4
Name Fan_AA: 'Fan Lookup'!$AC$4
Name Fan_AB: 'Fan Lookup'!$AD$4
Name Fan_AC: 'Fan Lookup'!$AE$4
Name Fan_AD: 'Fan Lookup'!$AF$4
Name Fan_AE: 'Fan Lookup'!$AG$4
Name Fan_AF: 'Fan Lookup'!$AH$4
Name Fan_AG: 'Fan Lookup'!$AI$4
Name Fan_AH: 'Fan Lookup'!$AJ$4
Name Fan_AI: 'Fan Lookup'!$AK$4
Name Fan_AJ: 'Fan Lookup'!$AL$4
Name Fan_AU: 'Fan Lookup'!$AW$4
Name FAN_AW: 'Fan Lookup2'!$U$4
Name Fan_AZ: 'Fan Lookup'!$BB$4
Name FAN_B: 'Fan Lookup2'!$I$4
Name Fan_BA: 'Fan Lookup'!$BC$4
Name Fan_BB: 'Fan Lookup'!$BD$4
Name Fan_BC: 'Fan Lookup'!$BE$4
Name Fan_BD: 'Fan Lookup'!$BF$4
Name Fan_BE: 'Fan Lookup'!$BG$4
Name FAN_C: 'Fan Lookup2'!$J$4
Name FAN_CS: 'Fan Lookup2'!$Y$4
Name FAN_D: 'Fan Lookup2'!$O$4
Name FAN_E: 'Fan Lookup2'!$N$4
Name FAN_F: 'Fan Lookup2'!$L$4
Name FAN_FS: 'Fan Lookup2'!$X$4
Name FAN_G: 'Fan Lookup2'!$M$4
Name FAN_H: 'Fan Lookup2'!$Q$4
Name FAN_HD: 'Fan Lookup2'!$T$4
Name FAN_I: 'Fan Lookup2'!$S$4
Name FAN_J: 'Fan Lookup2'!$R$4
Name Fan_K: 'Fan Lookup'!$M$4
Name Fan_L: 'Fan Lookup'!$N$4
Name FAN_LG: 'Fan Lookup2'!$V$4
Name FAN_LG_orig: 'Fan Lookup2'!$Z$4
Name Fan_M: 'Fan Lookup'!$O$4
Name FAN_S: 'Fan Lookup2'!$H$4
Name FAN_SD: 'Fan Lookup2'!$P$4
Name FAN_T: 'Fan Lookup2'!$F$4
Name FAN_TL: 'Fan Lookup2'!$G$4
Name FAN_U: 'Fan Lookup2'!$K$4
Name Fan_V: 'Fan Lookup'!$X$4
Name Fan_W: 'Fan Lookup'!$Y$4
Name FAN_WD: 'Fan Lookup2'!$W$4
Name Fan_Y: 'Fan Lookup'!$AA$4
Name Fan_Z: 'Fan Lookup'!$AB$4
Name FanBlockOffQty: Data!$B$13
Name FanBlockOffThkO: Data!$B$25
Name FanDamperOptn: Data!$B$14
Name FANSARRAY: Data!$B$9
Name FANSIZE: Data!$B$5
Name FanSpacing: Data!$B$10
Name FanSpacingHorz_O: Data!$B$17
Name FanSpacingLeng_O: Data!$B$18

Sheet Sheet1
A1: Parameter | B1: Value | C1: UM | D1: Comments
A2: Seg_L | B2: ='Excel Calc'!B4 -> 80 | C2: in
A3: Seg_W | B3: ='Excel Calc'!B5 -> 160 | C3: in
A4: Seg_L_Mid | B4: ='Excel Calc'!B6 -> 40 | C4: in
A5: Seg_W_Mid | B5: ='Excel Calc'!B7 -> 80 | C5: in
A6: Clr_1 | B6: ='Excel Calc'!B8 -> 0.03125 | C6: in
A7: Clr_2 | B7: ='Excel Calc'!B9 -> 0.0625 | C7: in
A8: Raceway_W | B8: ='Excel Calc'!B11 -> 2.375 | C8: in
A9: FanArrayDoa | B9: ='Excel Calc'!B12 -> 2 | C9: ul
A10: FansWide | B10: ='Excel Calc'!B13 -> 5 | C10: ul
A11: FansArrayDist | B11: ='Excel Calc'!B14 -> 42 | C11: in
A12: FansWideDist | B12: ='Excel Calc'!B15 -> 30.5 | C12: in
A13: Damper_Sup | B13: ='Excel Calc'!B16 -> 10 | C13: in
A14: Fan_1_loc_Z | B14: ='Excel Calc'!B17 -> 19 | C14: in
A15: Fan_1_loc_X | B15: ='Excel Calc'!B18 -> 19 | C15: in
A16: FanArray2x1Sup | B16: ='Excel Calc'!B19 -> 1 | C16: ul
A17: FanArray2x2Sup | B17: ='Excel Calc'!B20 -> 1 | C17: ul
A18: FanArray2x3Sup | B18: ='Excel Calc'!B21 -> 1 | C18: ul
A19: BlockOff_Sup | B19: ='Excel Calc'!B22 -> 0.001 | C19: ul
A20: FAN_A | B20: ='Excel Calc'!R5 -> 24.803 | C20: in
A21: FAN_B | B21: ='Excel Calc'!R6 -> 0.591 | C21: in
A22: FAN_C | B22: ='Excel Calc'!R7 -> 0.12 | C22: in
A23: FAN_D | B23: ='Excel Calc'!R8 -> 0.43 | C23: in
A24: FAN_E | B24: ='Excel Calc'!R9 -> 11.417 | C24: in
A25: FAN_F | B25: ='Excel Calc'!R10 -> 3 | C25: ul
A26: FAN_G | B26: ='Excel Calc'!R11 -> 11.417 | C26: in
A27: FAN_H | B27: ='Excel Calc'!R12 -> 3.173 | C27: in
A28: FAN_I | B28: ='Excel Calc'!R13 -> 3 | C28: in
A29: FAN_J | B29: ='Excel Calc'!R14 -> 1.89 | C29: in
A30: FAN_K | B30: ='Excel Calc'!R15 -> 17.0082 | C30: in
A31: FAN_L | B31: ='Excel Calc'!R16 -> 60 | C31: deg
A32: FAN_M | B32: ='Excel Calc'!R17 -> 6 | C32: ul
A33: FAN_S | B33: ='Excel Calc'!R23 -> 13.807 | C33: in
A34: FAN_T | B34: ='Excel Calc'!R24 -> 19.685 | C34: in
A35: FAN_U | B35: ='Excel Calc'!R25 -> 1.181 | C35: in
A36: FAN_V | B36: ='Excel Calc'!R26 -> 14.91 | C36: in
A37: FAN_W | B37: ='Excel Calc'!R27 -> 18.898 | C37: in
A38: FAN_Y | B38: ='Excel Calc'!R29 -> 0.994 | C38: in
A39: FAN_Z | B39: ='Excel Calc'!R30 -> 11.928 | C39: in
A40: FAN_AB | B40: ='Excel Calc'!R32 -> 2.1868 | C40: in
A41: FAN_AC | B41: ='Excel Calc'!R33 -> 0.079 | C41: in
A42: FAN_AD | B42: ='Excel Calc'!R34 -> 4.3736 | C42: in
A43: FAN_AE | B43: ='Excel Calc'!R35 -> 4.97 | C43: in
A44: FAN_AF | B44: ='Excel Calc'!R36 -> 0.27832 | C44: in
A45: FAN_AH | B45: ='Excel Calc'!R38 -> 1.5904 | C45: in
A46: FAN_AJ | B46: ='Excel Calc'!R40 -> 12.3256 | C46: in
A47: FAN_AW | B47: ='Excel Calc'!R53 -> 9.2 | C47: in
A48: FAN_AX | B48: ='Excel Calc'!R54 -> 9.325 | C48: in
A49: FAN_AZ | B49: ='Excel Calc'!R56 -> 7.7532 | C49: in
A50: FAN_BA | B50: ='Excel Calc'!R57 -> 0.768 | C50: in
A51: FAN_BB | B51: ='Excel Calc'!R58 -> 27.832 | C51: deg
A52: FAN_BC | B52: ='Excel Calc'!R59 -> 10.934 | C52: in
A53: FAN_BD | B53: ='Excel Calc'!R60 -> 18.0908 | C53: in
A54: FAN_TL | B54: ='Excel Calc'!R62 -> 17.128 | C54: in
A55: FAN_SD | B55: ='Excel Calc'!R63 -> 0 | C55: in
A56: FAN_HD | B56: ='Excel Calc'!R64 -> 0.64 | C56: in
A57: FAN_HD2 | B57: ='Excel Calc'!R65 -> 0.48 | C57: in
A58: FAN_HD_H | B58: ='Excel Calc'!R66 -> 0.24 | C58: in
A59: FAN_HD_W_DIA | B59: ='Excel Calc'!R67 -> 0.64 | C59: in
A60: FAN_HD_W_THK | B60: ='Excel Calc'!R68 -> 0.002 | C60: in
A61: FAN_LG | B61: ='Excel Calc'!R69 -> 16.657 | C61: in
A62: FAN_FS | B62: ='Excel Calc'!R70 -> 1 | C62: in
A63: FAN_CS | B63: ='Excel Calc'!R71 -> 1 | C63: in
A64: FAN_CS1 | B64: ='Excel Calc'!R72 -> 1 | C64: in
A65: Fan_WD | B65: ='Excel Calc'!R4 -> 19.88 | C65: in
A66: FAN_3RD_HL | B66: ='Excel Calc'!R73 -> 9.417 | C66: in
A67: SINGLE_FAN_SW1 | B67: ='Excel Calc'!R74 -> 0 | C67: ul
A68: FanMntHole_to_FanEdge | B68: ='Excel Calc'!R75 -> 0.9845 | C68: in
A69: FAN_LENG | B69: ='Excel Calc'!R76 -> 0 | C69: in
A70: Collar_Thk | B70: ='Excel Calc'!V5 -> 0.13501 | C70: in
A71: Collar_Rivet_HL_Dia | B71: ='Excel Calc'!V6 -> 0.54 | C71: in
A72: Collar_H | B72: ='Excel Calc'!V7 -> 24.23048 | C72: in
A73: Collar_Btm_Flg | B73: ='Excel Calc'!V9 -> 1.48824 | C73: in
A74: Collar_Depth | B74: ='Excel Calc'!V10 -> 1 | C74: in
A75: Collar_Top_Flg | B75: ='Excel Calc'!V11 -> 1.38476 | C75: in
A76: Collar_Hole_Dia_1 | B76: ='Excel Calc'!V13 -> 0.43 | C76: in
A77: Collar_Hole_Dia_2 | B77: ='Excel Calc'!V14 -> 0.375 | C77: in
A78: Collar_Hole1_to_Edge | B78: ='Excel Calc'!V15 -> 0.562 | C78: in
A79: Collar_Hole1_Qty | B79: ='Excel Calc'!V17 -> 3 | C79: ul
A80: Collar_Hole1_Spac | B80: ='Excel Calc'!V18 -> 12.938 | C80: in
A81: Collar_Flg_Clr | B81: ='Excel Calc'!V19 -> 0.10376 | C81: in
A82: Collar_Hole2_X_loc | B82: ='Excel Calc'!V20 -> 3 | C82: in
A83: Collar_Hole2_Y_loc | B83: ='Excel Calc'!V21 -> 0.675 | C83: in
A84: Collar_Hole2_X_Spac | B84: ='Excel Calc'!V22 -> 10.5 | C84: in
A85: Collar_Hole2_X_Qty | B85: ='Excel Calc'!V23 -> 3 | C85: ul
A86: COLLAR_CHAMF_TO_HOLE | B86: ='Excel Calc'!V24 -> 0.79 | C86: in
A87: FAN_CLR_NOTCH | B87: ='Excel Calc'!V26 -> 0.89 | C87: in
A88: FAN_CLR_NOTCH_DEPTH | B88: ='Excel Calc'!V27 -> 0.25501 | C88: in
A89: Damper_Thk | B89: ='Excel Calc'!Z4 -> 0.125 | C89: in
A90: Damper_Length_No_Flg | B90: ='Excel Calc'!Z5 -> 24.25 | C90: in
A91: Damper_Width_No_Flg | B91: ='Excel Calc'!Z6 -> 24.25 | C91: in
A92: Damper_Length | B92: ='Excel Calc'!Z8 -> 27 | C92: in
A93: Damper_Width | B93: ='Excel Calc'!Z9 -> 27 | C93: in
A94: Damper_Depth | B94: ='Excel Calc'!Z11 -> 10 | C94: in
A95: Damper_Hole_Dia_1 | B95: ='Excel Calc'!Z12 -> 0.250 | C95: in
A96: Damper_Hole1_X_loc | B96: ='Excel Calc'!Z17 -> 3 | C96: in
A97: Damper_Hole1_Y_loc | B97: ='Excel Calc'!Z14 -> 0.675 | C97: in
A98: Damper_Hole1_X_Spac | B98: ='Excel Calc'!Z16 -> 10.5 | C98: in
A99: Damper_Hole1_X_Qty | B99: ='Excel Calc'!Z18 -> 3 | C99: ul
A100: Damper_Blade_Count | B100: ='Excel Calc'!Z19 -> 4 | C100: ul
...

Sheet Data
A1: Input
A2: Parameter | B2: Value | C2: Description | D2: Inputs for MOM | E2: Error Check
A3: IL | B3: 80 | C3: Segment Internal length | E3: ='Excel Calc'!B27 -> Correct Input
A4: IW | B4: 160 | C4: Segment Internal Width | E4: ='Excel Calc'!B28 -> Correct Input
A5: FANSIZE | B5: 450 | C5: EBM Fan Size; 250 to 900 | E5: ='Excel Calc'!B29 -> Correct Input
A6: MTRVOLT | B6: 460 | C6: Motor Voltage | D6: 208, 230, 460 | E6: ='Excel Calc'!B29 -> Correct Input
A7: KW | B7: 3 | C7: Motor KW | E7: ='Excel Calc'!B29 -> Correct Input
A8: FANSWIDE | B8: 5 | C8: Default=1, Fan Array Width- number of fans side-by-side | D8: 1, 2, 3, 4, 5, 6
A9: FANSARRAY | B9: 2 | C9: Default=1, Fan Array DOA | D9: 1, 2
A10: FanSpacing | B10: 2 | C10: Default=0, Options 0= .6 wheel dia. spacing, 1= 1 wheel dia. spacing, 2= evenly spaced | D10: 0, 1, 2
A11: MaterialStyle | B11: SST304 | C11: Default= STL GALV Any valid material style. Ie: STL GALV, SST304 | D11: STL GALV, SST304
A12: Construction | B12: Baseline | C12: Construction type - TBD
A13: FanBlockOffQty | B13: 0 | C13: Default=0, Qty of fan block off plates | E13: ='Excel Calc'!B30 -> Correct Input
A14: FanDamperOptn | B14: BD | C14: BD, NO (back-draft, none) | D14: NO, BD | E14: ='Excel Calc'!B31 -> Correct Input
A15: HT | B15: 2 | C15: Housing thickness, Default = 2. Options = 2, 3, 4 | D15: 2, 3, 4
A16: DoorPlacement | B16: None | C16: Default=None, Options = None, Side, End, Both (Both= Side and End) | D16: None, Side, End, Both
A17: FanSpacingHorz_O | B17: 0 | C17: Override spacing between fans - Horizontally, wheel to wheel (not center to center)
A18: FanSpacingLeng_O | B18: 0 | C18: Override spacing between fans - Along Seg Length, wheel to wheel (not center to center)
A19: FanToLinerHorz_O | B19: 0 | C19: Override spacing from side liner to fan wheel (not to fan center)
A20: FanToLinerLeng_O | B20: 0 | C20: Override spacing from Segment start to fan wheel (not to fan center)
A21: PanThkO | B21: 0 | C21: Override panel thickness (Typ. 16 ga.) - Horz Separation panels
A22: LenSepPanThkO | B22: 0 | C22: Override panel thickness (Typ. 16 ga.) - Along Seg Length Separation panels
A23: OpeningChannelThkO | B23: 0 | C23: Override channel thickness
A24: CollarThkO | B24: 0 | C24: Override collar thickness. Mounts fans to ladder
A25: FanBlockOffThkO | B25: 0 | C25: Override Fan blockoff thickness (Typ. 16 ga.)
A27: Error | B27: =Sheet1!B343+'Excel Calc'!B32 -> 0
A29: ASSEMBLY_DESCRIPTION | B29: =CONCATENATE("FAN ASSEMBLY, EBM VERTICAL SHAFTED, ",FANSIZE,", ",IL,"Lx",IW,"W") -> FAN ASSEMBLY, EBM VERTICAL SHAFTED, 450, 80Lx160W

Sheet Excel Calc
A2: Parameter | B2: Value | E2: Parameter | F2: Value | I2: Parameter | J2: Value | M2: Parameter | N2: Value | Q2: Parameter | R2: Value | U2: Parameter | V2: Value | Y2: Parameter | Z2: Value
A3: General | E3: Ladder Rail | I3: Ladder Support | M3: Separator Panel | Q3: Fan | U3: Fan Collar | Y3: Damper
A4: Segment_L | B4: =IL -> 80 | E4: Lad_Rail_Thk_Ga | F4: =IF(OpeningChannelThkO<>0,OpeningChannelThkO,12) -> 12 | I4: Lad_Sup_Thk_Ga | J4: =IF(OpeningChannelThkO<>0,OpeningChannelThkO,12) -> 12 | M4: Sep_Pnl1_Thk_Ga | N4: =IF(PanThkO<>0,PanThkO,16) -> 16 | Q4: Fan_WD | R4: =FAN_WD -> 19.88 | U4: Collar_Thk_Ga | V4: =IF(CollarThkO<>0,CollarThkO,10) -> 10 | Y4: Damper_Thk | Z4: 0.125
A5: Segment_W | B5: =IW -> 160 | E5: Lad_Rail_Thk | F5: =VLOOKUP(CONCATENATE(F4,MaterialStyle),Material_List_Table,MATCH(MAT_KEYT,Material_List_Column_Names,0),FALSE) -> 0.10501 | I5: Lad_Sup_Thk | J5: =VLOOKUP(CONCATENATE(J4,MaterialStyle),Material_List_Table,MATCH(MAT_KEYT,Material_List_Column_Names,0),FALSE) -> 0.10501 | M5: Sep_Pnl_Thk | N5: =VLOOKUP(CONCATENATE(N4,MaterialStyle),Material_List_Table,MATCH(MAT_KEYT,Material_List_Column_Names,0),FALSE) -> 0.06001 | Q5: FAN_A | R5: =FAN_A -> 24.803 | U5: Collar_Thk | V5: =VLOOKUP(CONCATENATE(V4,MaterialStyle),Material_List_Table,MATCH(MAT_KEYT,Material_List_Column_Names,0),FALSE) -> 0.13501 | Y5: Damper_Length_No_Flg | Z5: =DamperSize -> 24.25
A6: Seg_L_Mid | B6: =B4/2 -> 40 | E6: Lad_Rail_Start | F6: =B18-(J8/2)-J6 -> 2.5 | I6: Lad_End_Sup_Width | J6: 4.5 | M6: Sep_Pnl2_Thk_Ga | N6: =IF(LenSepPanThkO<>0,LenSepPanThkO,16) -> 16 | Q6: FAN_B | R6: =FAN_B -> 0.591 | U6: Collar_Rivet_HL_Dia | V6: 0.54 | Y6: Damper_Width_No_Flg | Z6: =DamperSize -> 24.25
A7: Seg_W_Mid | B7: =B5/2 -> 80 | E7: Lad_Rail_Width1 | F7: 4.5 | I7: Lad_Mid_Sup_Width | J7: =B15-Z9+2*Z7 -> 6.5 | M7: Sep_Pnl_Thk2 | N7: =VLOOKUP(CONCATENATE(N6,MaterialStyle),Material_List_Table,MATCH(MAT_KEYT,Material_List_Column_Names,0),FALSE) -> 0.06001 | Q7: FAN_C | R7: =FAN_C -> 0.12 | U7: Collar_H | V7: =FAN_A-2*(FAN_C+B8)-2*(V5) -> 24.23048 | Y7: Damper_Flg | Z7: 1.5
A8: Clearance_1 | B8: 0.03125 | E8: Lad_Rail_Width2 | F8: =B14/2-V12/2+Z7 -> 9 | I8: Lad_Sup_Length | J8: =V12-2*F11 -> 24 | M8: Sep_Pnl_Height | N8: =B16+V10+FAN_S+FAN_C -> 24.927 | Q8: FAN_D | R8: =FAN_D -> 0.43 | U8: Collar_H_Round | V8: =ROUND(V7,0) -> 24 | Y8: Damper_Length | Z8: =Z5-2*Z4+2*Z7 -> 27
A9: Clearance_2 | B9: =B8*2 -> 0.0625 | E9: Lad_Rail_Length | F9: =J11+2*J6 -> 155 | I9: Lad_Sup_Flg1 | J9: 2 | M9: Sep_Pnl1_Length | N9: =(J8+2*F7)+IF(FANSARRAY=2,J8+2*F8,0) -> 75 | Q9: FAN_E | R9: =FAN_E -> 11.417 | U9: Collar_Btm_Flg | V9: =IF(OR(KW=4.5,KW=8),V7/2-(FAN_E-V6),V7/2-(IF(FAN_CS<>4,FAN_E,R73)-V6)-IF(FANSIZE+0=630,0.1,-0.25)-IF(FANSIZE+0=355,0.1,0)) -> 1.48824 | Y9: Damper_Width | Z9: =Z6-2*Z4+2*Z7 -> 27
A10: BendRadius | B10: 0.00028 | E10: Lad_Rail_Flg1 | F10: 2 | I10: Lad_Sup_Flg2 | J10: 0.625 | M10: Sep_Pnl2_Length | N10: =IF(FANSWIDE=1,J8+2*J6,(B15/2)+(N13/2)-N5+(J8/2)+J6-N13+N5) -> 31.25 | Q10: FAN_F | R10: =FAN_F -> 3 | U10: Collar_Depth | V10: 1 | Y10: Damper_Mtg_Hole_Edge | Z10: 0.75
A11: Raceway_W | B11: 2.375 | E11: Lad_Rail_Flg2 | F11: 1.5 | I11: Lad_End_Sup_Spac | J11: =IF(FANSWIDE=1,V12-3,FANSWIDE*(V12-3)+J7*(FANSWIDE-1)) -> 146 | M11: Sep_Pnl3_Length | N11: =B15-N5 -> 30.43999 | Q11: FAN_G | R11: =FAN_G -> 11.417 | U11: Collar_Top_Flg | V11: =1.5+(V8-V7)/2 -> 1.38476 | Y11: Damper_Depth | Z11: =10 -> 10
A12: FanArrayDoa | B12: =FANSARRAY -> 2 | E12: Lad_Rail_Flg3 | F12: 0.625 | I12: Lad_Sup_Hole_Dia_1 | J12: ='Hole Sizes'!E18 -> 0.188 | M12: Sep_Pnl4_Length | N12: =(B15/2)+(N13/2)-N5+(J8/2)+J6 -> 32.18999 | Q12: FAN_H | R12: =FAN_H -> 3.173 | U12: Collar_W | V12: =V7+2*V11 -> 27 | Y12: Damper_Hole_Dia_1 | Z12: ='Hole Sizes'!E28 -> 0.250
A13: FansWide | B13: =FANSWIDE -> 5 | E13: Lad_Rail_Hole_Dia_1 | F13: 0.313 | I13: Lad_Sup_Hole_Cut_Out | J13: 0.562 | M13: Sep_Pnl1_Flg | N13: 1 | Q13: FAN_I | R13: =FAN_I -> 3 | U13: Collar_Hole_Dia_1 | V13: =FAN_D -> 0.43 | Y13: Damper_Hole1_X_loc_Max | Z13: 3
A14: FansArrayDist | B14: =K90 -> 42 | E14: Lad_Rail_Hole_Cut_Out | F14: 0.562 | I14: Lad_Sup_Hole_Max_Spc | J14: 4 | M14: Sep_Pnl2_Flg | N14: =2*F12+B10+N5 -> 1.31029 | Q14: FAN_J | R14: =FAN_J -> 1.89 | U14: Collar_Hole_Dia_2 | V14: ='Hole Sizes'!B9 -> 0.375 | Y14: Damper_Hole1_Y_loc | Z14: 0.675
A15: FansWideDist | B15: =K89 -> 30.5 | C15: =J54+K66 -> 30.75 | E15: Lad_Rail_Hole_Dia_2 | F15: 0.312 | I15: Lad_End_Hole1_X_loc | J15: 1 | M15: Sep_Pnl_Hole_Dia_1 | N15: 0.312 | Q15: FAN_K | R15: =Fan_K -> 17.0082 | U15: Collar_Hole1_to_Edge | V15: 0.562 | Y15: Damper_Hole1_X_Spac_Calc | Z15: =(Z8-2*Z13)/2 -> 10.5
A16: Damper_Sup | B16: =IF(FanDamperOptn="BD",Z11,0) -> 10 | E16: Lad_Rail_Hole_Dia_3 | F16: 0.75 | I16: Lad_Sup_Hole1_Y_loc | J16: 1 | M16: Sep_Pnl_Hole_Dia_2 | N16: ='Hole Sizes'!E18 -> 0.188 | Q16: FAN_L | R16: =Fan_L -> 60 | U16: Collar_Hole_Max_Spac | V16: 18 | Y16: Damper_Hole1_X_Spac | Z16: =Z15 -> 10.5
A17: Fan_1_loc_Z | B17: =ROUNDUP(M82,0) -> 19 | E17: Lad_Rail_Hole_Dia_4 | F17: ='Hole Sizes'!E18 -> 0.188 | I17: Lad_Sup_Hole1_X1_Spac | J17: 2.5 | M17: Sep_Pnl1_Hole1_X_loc | N17: 0.5 | Q17: FAN_M | R17: =Fan_M -> 6 | U17: Collar_Hole1_Qty | V17: =ROUNDUP((V12-2*V15)/V16,0)+1 -> 3 | Y17: Damper_Hole1_X_loc | Z17: =(Z8-((Z18-1)*Z16))/2 -> 3
A18: Fan_1_loc_X | B18: =B7-IF(FANSWIDE=1,0.0000001,(B15*(FANSWIDE-1))/2) -> 19 | E18: Lad_Rail_Chf_Dist | F18: 1.25 | I18: Lad_Sup_Hole1_X1_Qty | J18: 2 | M18: Sep_Pnl1_Hole1_Z_loc | N18: 0.375 | Q18: FAN_N | R18: 0 | U18: Collar_Hole1_Spac | V18: =(V12-2*V15)/(V17-1) -> 12.938 | Y18: Damper_Hole1_X_Qty | Z18: =((Z8-2*Z13)/Z15)+1 -> 3
A19: FanArray2x1Sup | B19: =IF(FANSARRAY>=2,1,0) -> 1 | E19: Lad_Rail_Hole1_X_loc | F19: =0.4375+F11 -> 1.9375 | I19: Lad_Sup_Hole1_X2_Spac | J19: =IF(((J7-2*J15)/(J20-1))<1,1,(J7-2*J15)/(J20-1)) -> 4.5 | M19: Sep_Pnl1_Hole1_Z1_Spac | N19: 3.375 | Q19: FAN_O | R19: 0 | U19: Collar_Flg_Clr | V19: =V5-B8 -> 0.10376 | Y19: Damper_Blade_Count | Z19: =IF(FANSIZE+0=310,3,ROUND((Z9-1.9*2)/4.38,0)-1) -> 4
A20: FanArray2x2Sup | B20: =IF(AND(FANSWIDE>1,FANSARRAY>1),1,0) -> 1 | E20: Lad_Rail_Hole1_Z_loc | F20: 1.5 | I20: Lad_Sup_Hole1_X2_Qty | J20: =IF(ROUNDUP((J7-2*J15)/J14,0)<2,2,ROUNDUP((J7-2*J15)/J14,0)) -> 2 | M20: Sep_Pnl1_Hole1_X1_Spac | N20: 3.25 | Q20: FAN_P | R20: 0 | U20: Collar_Hole2_X_loc | V20: 3
A21: FanArray2x3Sup | B21: =IF(AND(FANSWIDE>2,FANSARRAY>1),1,0) -> 1 | E21: Lad_Rail_Hole1_Z_Spac | F21: =(F9-(2*F20))/(F23-1) -> 16.888889 | I21: Lad_Sup_Hole2_X_loc | J21: =Z7-Z14 -> 0.825 | M21: Sep_Pnl1_Hole1_Z2_Spac | N21: =F8-F11/2 -> 8.25 | Q21: FAN_Q | R21: 0 | U21: Collar_Hole2_Y_loc | V21: 0.675
A22: BlockOff_Sup | B22: =IF(FanBlockOffQty=0,0.001,FanBlockOffQty) -> 0.001 | E22: Lad_Rail_Hole1_Z1_Spac | F22: =0.4375+F12 -> 1.0625 | I22: Lad_Sup_Hole2_Z_loc | J22: =Z17-Z7 -> 1.5 | M22: Sep_Pnl1_Hole2_Z_loc | N22: 1.5 | Q22: FAN_R | R22: 0 | U22: Collar_Hole2_X_Spac | V22: =Z16 -> 10.5
E23: Lad_Rail_Hole1_Z_Qty | F23: =ROUNDUP((F9-(2*F20))/F24,0)+1 -> 10 | I23: Lad_Sup_Hole2_Z_Spac | J23: =Z16 -> 10.5 | M23: Sep_Pnl1_Hole2_Y_loc | N23: =N8-4 -> 20.927 | Q23: FAN_S | R23: =FAN_S -> 13.807 | U23: Collar_Hole2_X_Qty | V23: =Z18 -> 3
E24: Lad_Rail_Hole1_Max_Spac | F24: 18 | I24: Lad_Sup_Hole2_Z_Qty | J24: =Z18 -> 3 | M24: Sep_Pnl1_Hole2_Y_Spac | N24: 1.5 | Q24: FAN_T | R24: =FAN_T -> 19.685 | U24: COLLAR_CHAMF_TO_HOLE | V24: =V6+0.25 -> 0.79
A25: Parameter | B25: Value | E25: Lad_Rail_Hole2_X_loc | F25: =B18-Z16 -> 8.5 | I25: Lad_Sup_Hole3_X_loc | J25: 1.5 | M25: Sep_Pnl1_Hole4_Z_loc | N25: 0.0001 | Q25: FAN_U | R25: =FAN_U -> 1.181 | U25: FAN_HD_W_DIA | V25: =IF(R64<0.7,R64,1.181) -> 0.64
A26: Error Check | E26: Lad_Rail_Hole2_Z_loc | F26: =Z14 -> 0.675 | I26: Lad_Sup_Hole3_Z1_loc | J26: =IF((((N23-0.5)/TAN(RADIANS(50)))-F12-F8+0.5)<0.5,0.5,(((N23-0.5)/TAN(RADIANS(50)))-F12-F8+0.5)) -> 8.0152882 | M26: Sep_Pnl1_Hole4_Y_loc | N26: 1.5 | Q26: FAN_V | R26: =Fan_V -> 14.91 | U26: FAN_CLR_NOTCH | V26: =V25+0.25 -> 0.89
A27: Segment Length | B27: =IF(C27=1,"Check Input",IF(B4>=(ROUNDUP(L82,0)+B120)*2+(ROUNDUP(L84,0)+B121)*(FANSARRAY-1),"Correct Input","Invalid Input")) -> Correct Input | C27: =IFERROR(F43,1) -> 66 | E27: Lad_Rail_Hole2_X1_Spac | F27: =Z16 -> 10.5 | I27: Lad_Sup_Hole3_Z2_loc | J27: =J26+N14 -> 9.3255782 | M27: Sep_Pnl1_Hole4_Y_Spac | N27: =(N8-2*N26)/(N28-1) -> 10.9635 | Q27: FAN_W | R27: =Fan_W -> 18.898 | U27: Notch_Depth | V27: =V5+0.12 -> 0.25501
A28: Segment Width | B28: =IF(B15=1,"Check Input",IF(B5>=(ROUNDUP(L81,0)+B122)*2+(ROUNDUP(L83,0)+B123)*(FANSWIDE-1),"Correct Input","Invalid Input")) -> Correct Input | C28: =IFERROR(J11,1) -> 146 | E28: Lad_Rail_Hole2_X1_Qty | F28: =Z18 -> 3 | I28: Lad_Sup_Hole3_Z_Spac | J28: 1.5 | M28: Sep_Pnl1_Hole4_Y_Qty | N28: 3 | Q28: FAN_X | R28: 0
A29: Motor Volt KW | B29: =IF(AND(CONCATENATE(FANSIZE+0,"_",MTRVOLT,"_",KW)='001-013'!A15,C29<>1),"Correct Input","Invalid Input") -> Correct Input | C29: =IFERROR('001-013'!S15,1) -> EG1R-480-450-48 | E29: Lad_Rail_Hole2_X2_Spac | F29: =B15 -> 30.5 | M29: Sep_Pnl1_Cutout_Width | N29: =IF(AND(FANSWIDE>1,FANSARRAY>1),N14+0.5,0.001) -> 1.81029 | Q29: FAN_Y | R29: =Fan_Y -> 0.994
A30: Block Off Qty | B30: =IF(OR(AND(FANSWIDE*FANSARRAY>=FanBlockOffQty,FanDamperOptn="NO"),(AND(FanBlockOffQty=0,FanDamperOptn="BD"))),"Correct Input","Invalid Input") -> Correct Input | E30: Lad_Rail_Hole2_X2_Qty | F30: =FANSWIDE -> 5 | M30: Sep_Pnl2_Start_Dist | N30: =IF(FANSWIDE=1,0.001,0.001) -> 0.001 | Q30: FAN_Z | R30: =Fan_Z -> 11.928
A31: DamperOption | B31: =IF(OR(AND(FanDamperOptn="BD",FanBlockOffQty=0),(AND(FanDamperOptn="NO",FanBlockOffQty>=0))),"Correct Input","Invalid Input") -> Correct Input | E31: Lad_Rail_Hole3_X_loc | F31: =B18-(V12/2)+Z7-J15 -> 6 | M31: Sep_Pnl3_Start_Dist | N31: =N5 -> 0.06001 | Q31: FAN_AA | R31: 0
B32: =COUNTIF(B27:B31,"Invalid Input") -> 0 | E32: Lad_Rail_Hole3_Y_loc | F32: 1 | I32: Parameter | J32: Value | M32: Sep_Pnl2_Hole1_X1_loc | N32: =1.5 -> 1.5 | Q32: FAN_AB | R32: =Fan_AB -> 2.1868
A33: Parameter | B33: Value | E33: Lad_Rail_Hole3_X1_Spc | F33: =J17 -> 2.5 | I33: BlankOff | M33: Sep_Pnl2_Hole1_X2_loc | N33: =N32+N30 -> 1.501 | Q33: FAN_AC | R33: =Fan_AC -> 0.079
A34: Separator Support Bkt | E34: Lad_Rail_Hole3_X2_Spc | F34: =J11+J6 -> 150.5 | I34: BlankOff_Thk_Ga | J34: =IF(FanBlockOffThkO<>0,FanBlockOffThkO,16) -> 16 | M34: Sep_Pnl2_Hole3_X_loc | N34: =N17-N7 -> 0.43999 | Q34: FAN_AD | R34: =Fan_AD -> 4.3736
A35: Sep_Sup_Bkt_Thk_Ga | B35: 12 | E35: Lad_Rail_Hole4_X_loc | F35: =IF(FANSWIDE=1,0.001,B18+(Z9/2)-Z7+J15) -> 32 | I35: BlankOff_Thk | J35: =VLOOKUP(CONCATENATE(J34,MaterialStyle),Material_List_Table,MATCH(MAT_KEYT,Material_List_Column_Names,0),FALSE) -> 0.06001 | M35: Sep_Pnl2_Hole3_Z1_loc | N35: =F12+F42 -> 1 | Q35: FAN_AE | R35: =Fan_AE -> 4.97
A36: Sep_Sup_Bkt_Thk | B36: =VLOOKUP(CONCATENATE(B35,MaterialStyle),Material_List_Table,MATCH(MAT_KEYT,Material_List_Column_Names,0),FALSE) -> 0.10501 | E36: Lad_Rail_Hole4_Y_loc | F36: 1 | I36: BlankOff_Width | J36: =J8-2*B8 -> 23.9375 | M36: Sep_Pnl2_Hole3_Z2_loc | N36: =F12-F42 -> 0.25 | Q36: FAN_AF | R36: =Fan_AF -> 0.27832
A37: Sep_Sup_Bkt_Width1 | B37: 2.5 | E37: Lad_Rail_Hole4_X_Spc | F37: =J19 -> 4.5 | I37: BlankOff_Length | J37: =J8-2*B8 -> 23.9375 | M37: Sep_Pnl2_Hole3_X_Spac | N37: =N10-N34-N34-N19 -> 26.99502 | Q37: FAN_AG | R37: 0
A38: Sep_Sup_Bkt_Width | B38: =2-2*(B36+B10) -> 1.78942 | E38: Lad_Rail_Hole4_X_Qty | F38: =J20 -> 2 | I38: BlankOff_Flg1 | J38: =F14*2+J35+J5 -> 1.28902 | M38: Sep_Pnl3_Hole3_X_Spac | N38: =N11-N34-N34-N19 -> 26.18501 | Q38: FAN_AH | R38: =Fan_AH -> 1.5904
A39: Sep_Sup_Bkt_Length | B39: =(N23-0.5)/SIN(RADIANS(B52)) -> 26.665555 | E39: Lad_Rail_Hole4_X2_Qty | F39: =IF(FANSWIDE=1,1,FANSWIDE-1) -> 4 | I39: BlankOff_Qty | J39: =IF(FanBlockOffQty=0,1,FanBlockOffQty) -> 1 | M39: Sep_Pnl4_Hole3_X_Spac | N39: =N12-N34-N34-N19 -> 27.93501 | Q39: FAN_AI | R39: 0
A40: Sep_Sup_Bkt_Flg1 | B40: 1 | E40: Lad_Rail_Hole5_X_loc | F40: =B18+(B15/2) -> 34.25 | I40: BlankOff_Hole1_Z_loc | J40: =J22-B8 -> 1.46875 | M40: Sep_Pnl1_Support_Height | N40: =ROUNDDOWN(IF(N23-2<8,N23-2,8),0) -> 8 | Q40: FAN_AJ | R40: =Fan_AJ -> 12.3256
A41: Sep_Sup_Bkt_Flg2 | B41: 2.5 | E41: Lad_Rail_Hole5_Z1_loc | F41: 0.75 | I41: BlackOff_Hole1_Y_loc | J41: =F14+J5 -> 0.66701 | Q41: FAN_AK | R41: 0
A42: Sep_Sup_Bkt_Flg3 | B42: 3 | E42: Lad_Rail_Hole5_Z2_loc | F42: 0.375 | I42: BlankOff_Sup | J42: =IF(FanBlockOffQty=0,0.001,FanBlockOffQty) -> 0.001 | Q42: FAN_AL | R42: 0
A43: Sep_Sup_Bkt_Flg4 | B43: =2+B36 -> 2.10501 | E43: Lad_Rail_Spac | F43: =IF(FANSARRAY=2,2*(J8+F8),J8) -> 66 | I43: BlankOffArray2Sup | J43: =IF(OR(B12=1,FanBlockOffQty=0),0.001,IF(FanBlockOffQty<=FANSWIDE,0.001,1)) -> 0.001 | Q43: FAN_AM | R43: 0
A44: Sep_Sup_Bkt_Hole_Dia_1 | B44: 0.312 | E44: Lad_Rail_Hole6_X_loc | F44: =(N23-0.5)/TAN(RADIANS(B50))+0.5+0.5+N5-0.5 -> 17.700298 | I44: BlankOffArray1Qty | J44: =IF(FanBlockOffQty=0,1,IF(FANSWIDE>FanBlockOffQty,FanBlockOffQty,FANSWIDE)) -> 1 | Q44: FAN_AN | R44: 0
A45: Sep_Sup_Bkt_Hole_Dia_2 | B45: 0.188 | E45: Lad_Rail_Hole7_X_loc | F45: =(N23-0.5)/TAN(RADIANS(B50))+0.5+0.5+0.5 -> 18.640288 | I45: BlankOffArray2Qty | J45: =IF(J43>0.001,FanBlockOffQty-J44,1) -> 1 | Q45: FAN_AO | R45: 0
A46: Sep_Sup_Bkt_Hole1_X_loc | B46: 0.5 | E46: Lad_Rail_Hole8_X1_loc | F46: =B18-J8/2-J6-N30 -> 2.499 | Q46: FAN_AP | R46: 0
A47: Sep_Sup_Bkt_Hole1_Z_loc | B47: 1 | E47: Lad_Rail_Hole8_X1_Spac | F47: =N37 -> 26.99502 | Q47: FAN_AQ | R47: 0
A48: Sep_Sup_Bkt_Hole1_X_Spac | B48: 1.5 | E48: Lad_Rail_Hole8_X2_Spac | F48: =IF(FANSWIDE=2,N37,N38) -> 26.18501 | Q48: FAN_AR | R48: 0
A49: Sep_Sup_Bkt_Hole1_X1_Spac | B49: 2 | E49: Lad_Rail_Hole8_X3_Spac | F49: =N37 -> 26.99502 | Q49: FAN_AS | R49: 0
A50: Sep_Sup_Bkt1_Angle | B50: =IF(AND(FANSIZE=250,FanDamperOptn="NO"),30,IF(AND(FANSIZE=280,FanDamperOptn="NO"),45,50)) -> 50 | E50: Lad_Rail_Hole9_X1_Spac | F50: =N19+N34 -> 3.81499 | Q50: FAN_AT | R50: 0
A51: Sep_Sup_Bkt2_Angle1 | B51: =DEGREES(ATAN((J26-0.5+F8+F12)/(N23-0.5))) -> 40 | E51: Lad_Rail_Hole9_X2_Spac | F51: =F40-N34 -> 33.81001 | Q51: FAN_AU | R51: 0
A52: Sep_Sup_Bkt2_Angle2 | B52: =90-B51 -> 50 | E52: Lad_Rail_RH_L | F52: =(F9/2)+0.5 -> 78 | I52: Parameter | J52: Value | K52: Value | L52: Value | M52: Parameter | N52: Value | Q52: FAN_AV | R52: 0
E53: Lad_Rail_RH_Hole1_Z_Qty | F53: =ROUNDUP((F52-(2*F20))/F24,0)+1 -> 6 | I53: Fan Spacing Calculations 1 | Q53: FAN_AW | R53: =FAN_AW -> 9.2
E54: Lad_Rail_RH_Hole1_Z_Spac | F54: =(F52-(2*F20))/(F53-1) -> 15 | I54: Nom_WD | J54: =FANSIZE/25.4 -> 17.716535 | M54: Support_Clearance | N54: 3 | Q54: FAN_AX | R54: =R53+0.125 -> 9.325
A55: Parameter | B55: Value | E55: Lad_Rail_LH_L | F55: =(F9/2)-0.5 -> 77 | I55: Fan Weel to Frame | J55: =(FAN_A-J54)/2 -> 3.5432323 | M55: Support_to_End | N55: 2 | Q55: FAN_AY | R55: 0
A56: Separator Mounting Bkt | E56: Lad_Rail_LH_Hole1_Z_Qty | F56: =ROUNDUP((F55-(2*F20))/F24,0)+1 -> 6 | J56: Min Phy | K56: Min Per WD | L56: Min | M56: FAN_FRAME_CLR | N56: 0.125 | Q56: FAN_AZ | R56: =Fan_AZ -> 7.7532 | S56: 0
A57: Sep_Mtg_Bkt_Thk_Ga | B57: 12 | E57: Lad_Rail_LH_Hole1_Z_Spac | F57: =(F55-(2*F20))/(F56-1) -> 14.8 | M57: Fan_Min_Space_L | N57: 6 | Q57: FAN_BA | R57: =Fan_BA -> 0.768 | S57: 0
A58: Sep_Mtg_Bkt_Thk | B58: =VLOOKUP(CONCATENATE(B57,MaterialStyle),Material_List_Table,MATCH(MAT_KEYT,Material_List_Column_Names,0),FALSE) -> 0.10501 | E58: Lad_Rail_LH_Start | F58: =F6+F52 -> 80.5 | I58: Wall to Wheel | J58: =N54+N55+(V11-V5-B8-FAN_C)+J55 -> 9.6417323 | K58: =J54*0.5 -> 8.8582677 | L58: =IF(J58>K58,J58,K58) -> 9.6417323 | M58: =IF(J58>K58,J58,K58) -> 9.6417323 | Q58: FAN_BB | R58: =Fan_BB -> 27.832 | S58: 0
A59: Sep_Mtg_Bkt_Height | B59: =8-B58-B10 -> 7.89471 | E59: Lad_Rail_Hole_Dia_5 | F59: ='Hole Sizes'!E28 -> 0.250 | I59: Front to Wheel | J59: =(V11-V5-B8-FAN_C)+J55+N54+N55 -> 9.6417323 | K59: =J54*0.5 -> 8.8582677 | L59: =IF(J59>K59,J59,K59) -> 9.6417323 | Q59: FAN_BC | R59: =Fan_BC -> 10.934 | S59: 0
A60: Sep_Mtg_Bkt_Length | B60: =4-B58-B10 -> 3.89471 | I60: Horz Wheel to Wheel | J60: =N13+(N56+(V11-V5-B8-FAN_C)+J55)*2 -> 10.533465 | K60: =J54*0.6 -> 10.629921 | L60: =IF(J60>K60,J60,K60) -> 10.629921 | Q60: FAN_BD | R60: =Fan_BD -> 18.0908 | S60: 0
A61: Sep_mtg_Bkt_Flg1 | B61: =2*F12+B58 -> 1.35501 | I61: Leng Wheel to Wheel | J61: =N57+((V11-V5-B8-FAN_C)+J55)*2 -> 15.283465 | K61: =J54*0.6 -> 10.629921 | L61: =IF(J61>K61,J61,K61) -> 15.283465 | Q61: FAN_BE | R61: 0
A62: Sep_mtg_Bkt_Hole1_Dia | B62: 0.312 | Q62: FAN_TL | R62: =FAN_TL -> 17.128
A63: Sep_mtg_Bkt_Hole1_X_loc | B63: =F12 -> 0.625 | I63: Parameter | J63: Value | K63: Value | Q63: FAN_SD | R63: =FAN_SD -> 0
A64: Sep_mtg_Bkt_Hole1_Z_loc | B64: 1 | I64: Fan Spacing Final Values | Q64: FAN_HD | R64: =FAN_HD -> 0.64
A65: Sep_mtg_Bkt_Hole1_Z_Spac | B65: 6 | J65: Initial | K65: Final | M65: =(L59+B120)*2+L61*(FANSARRAY-1)+J54*FANSARRAY+B121 -> 70 | Q65: FAN_HD2 | R65: =IF(FAN_HD<0.6, FAN_HD-((0.015+0.025+0.005)*2), IF(FAN_HD<0.7, 0.48, 0.63)) -> 0.48
A66: Sep_mtg_Bkt_Hole2_X_loc | B66: 3.5 | I66: FanHorzSp2 | J66: =(IW-2*IF(L58=K58,ROUNDUP(L58,0),L58)-FANSWIDE*J54)/(FANSWIDE-IF(FANSWIDE=1,0,1)) -> 13.033465 | K66: =IF(FANSWIDE=1,0,IF(FanSpacingHorz_O<>0,FanSpacingHorz_O,IF(FanToLinerHorz_O<>0,J76,IF(FanSpacing=0,J71+J74,IF(FanSpacing=1,J72-J75,J73))))) -> 13.033465 | M66: =(L58+B122)*2+(L60+B123)*(FANSWIDE-1)+J54*FANSWIDE -> 150.38583 | Q66: FAN_HD_H | R66: =IF(FAN_HD<0.7,0.24, 0.32) -> 0.24
A67: Sep_mtg_Bkt_Hole_Supp | B67: =IF(AND(FANSARRAY=2,FANSWIDE=1),1,0) -> 0 | I67: FanLegnSP2 | J67: =(IL-2*L59-FANSARRAY*J54)/(FANSARRAY-IF(FANSARRAY=1,0,1)) -> 25.283465 | K67: =IF(FANSARRAY=1,0,IF(FanSpacingLeng_O<>0,FanSpacingLeng_O,IF(FanToLinerLeng_O<>0,K76,IF(FanSpacing=0,K71+K74,IF(FanSpacing=1,K72-K75,K73))))) -> 24.283465 | Q67: FAN_HD_W_DIA | R67: =IF(FAN_HD<0.7,FAN_HD, 1.181) -> 0.64
Q68: FAN_HD_W_THK | R68: =IF(FAN_HD<0.7,0.002, 0.1) -> 0.002
B69: Fan_1 | C69: Fan_2 | D69: Fan_3 | E69: Fan_4 | F69: Fan_5 | G69: Fan_6 | I69: Parameter | J69: H SP | K69: L SP | Q69: FAN_LG | R69: =FAN_LG -> 16.657
A70: Fan_CollarHole1_RH | B70: =F25 -> 8.5 | C70: =IF(OR(FANSWIDE<2,B70+B15>F6+F52),0.001,B70+B15) -> 39 | D70: =IF(OR(FANSWIDE<3,B70+(B15*2)>F6+F52),0.001,B70+(B15*2)) -> 69.5 | E70: =IF(OR(FANSWIDE<4,B70+(B15*3)>F6+F52),0.001,B70+(B15*3)) -> 0.001 | F70: =IF(OR(FANSWIDE<5,B70+(B15*4)>F6+F52),0.001,B70+(B15*4)) -> 0.001 | G70: =IF(OR(FANSWIDE<6,B70+(B15*5)>F6+F52),0.001,B70+(B15*5)) -> 0.001 | I70: Fan Spacing Final Values | Q70: FAN_FS | R70: =FAN_FS -> 1
A71: Fan_CollarHole1_RH_Qty | B71: =IF(F52+F6>B70+2*V22+F14,3,IF(F52+F6>B70+V22+F14,2,1)) -> 3 | C71: =IF(F52+F6>C70+2*V22+F14,3,IF(F52+F6>C70+V22+F14,2,1)) -> 3 | D71: =IF(F52+F6>D70+2*V22+F14,3,IF(F52+F6>D70+V22+F14,2,1)) -> 1 | E71: =IF(F52+F6>E70+2*V22+F14,3,IF(F52+F6>E70+V22+F14,2,1)) -> 3 | F71: =IF(F52+F6>F70+2*V22+F14,3,IF(F52+F6>F70+V22+F14,2,1)) -> 3 | G71: =IF(F52+F6>G70+2*V22+F14,3,IF(F52+F6>G70+V22+F14,2,1)) -> 3 | I71: If Fan Spacing = 0 | J71: =IF(J66>L60,L60,J66) -> 10.629921 | K71: =IF(J67>L61,L61,J67) -> 15.283465 | Q71: FAN_CS | R71: =IF(FAN_CS=3.5,1,FAN_CS) -> 1
A72: Fan_CollarHole1_LH | B72: 0.001 | C72: =IF(OR(FANSWIDE<2,B18+B15+Z16<F58),0.001,B18+B15+Z16) -> 0.001 | D72: =IF(OR(FANSWIDE<3,B18+B15*2+Z16<F58),0.001,B18+B15*2+Z16) -> 90.5 | E72: =IF(OR(FANSWIDE<4,B18+B15*3+Z16<F58),0.001,B18+B15*3+Z16) -> 121 | F72: =IF(OR(FANSWIDE<5,B18+B15*4+Z16<F58),0.001,B18+B15*4+Z16) -> 151.5 | G72: =IF(OR(FANSWIDE<6,B18+B15*5+Z16<F58),0.001,B18+B15*5+Z16) -> 0.001 | I72: If Fan Spacing = 1 | J72: =IF(L60>J54,L60,J54) -> 17.716535 | K72: =IF(L61>J54,L61,J54) -> 17.716535 | Q72: FAN_CS1 | R72: =IF(OR(FAN_FS=4,FAN_FS=1.5),1,FAN_CS) -> 1
A73: Fan_CollarHole1_LH_Qty | B73: 0.001 | C73: =IF(C72-F58>2*Z16+F14,3,IF(C72-F58>Z16+F14,2,1)) -> 1 | D73: =IF(D72-F58>2*Z16+F14,3,IF(D72-F58>Z16+F14,2,1)) -> 1 | E73: =IF(E72-F58>2*Z16+F14,3,IF(E72-F58>Z16+F14,2,1)) -> 3 | F73: =IF(F72-F58>2*Z16+F14,3,IF(F72-F58>Z16+F14,2,1)) -> 3 | G73: =IF(G72-F58>2*Z16+F14,3,IF(G72-F58>Z16+F14,2,1)) -> 1 | I73: If Fan Spacing = 2 | J73: =IF(J66/2>L58,(IF(L58=K58,ROUNDUP(L58,0),L58)*2+J66*(FANSWIDE-1))/FANSWIDE,J66) -> 13.033465 | K73: =(IL-2*(B17-(J54/2))-FANSARRAY*J54)/(FANSARRAY-IF(FANSARRAY=1,0,1)) -> 24.283465 | Q73: FAN_3RD_HL | R73: =IF(FAN_CS=4,FAN_A/2-1.575,FAN_E-2) -> 9.417
B74: Loc_1 | C74: Loc_2 | D74: Loc_3 | E74: Loc_4 | F74: Loc_5 | I74: Spacing Checker for 0 | J74: =IF(AND(FanSpacing=0,J71<L60),L60-J71,0) -> 0 | K74: =IF(AND(FanSpacing=0,K71<L61),L61-K71,0) -> 0 | Q74: SINGLE_FAN_SW1 | R74: 0
A75: Mid_Support_RH | B75: =IF(FANSWIDE<2,0.001,F35) -> 32 | C75: =IF(OR(FANSWIDE<3,B75+(B15*1)>F6+F52),0.001,B75+(B15*1)) -> 62.5 | D75: =IF(OR(FANSWIDE<4,B75+(B15*2)>F6+F52),0.001,B75+(B15*2)) -> 0.001 | E75: =IF(OR(FANSWIDE<5,B75+(B15*3)>F6+F52),0.001,B75+(B15*3)) -> 0.001 | F75: =IF(OR(FANSWIDE<6,B75+(B15*4)>F6+F52),0.001,B75+(B15*4)) -> 0.001 | I75: Spacing Checker for 1 | J75: =IF(AND(FanSpacing=1,((IW-2*B11)-(J54*FANSWIDE+J72*(FANSWIDE-1)))/2<L58),J72-J66,0) -> 0 | K75: =IF(AND(FanSpacing=1,((IL-2*B11)-(J54*FANSARRAY+K72*(FANSARRAY-1)))/2<L58),K72-J67,0) -> 0 | Q75: FanMntHole_to_FanEdge | R75: =(FAN_A-FAN_E*2)/2 -> 0.9845
A76: Mid_Support_RH_Qty | B76: =IF(F52+F6>B75,MIN(ROUNDDOWN((F52+F6-B75)/J19,0)+1,J20),1) -> 2 | C76: =IF(F52+F6>C75,MIN(ROUNDDOWN((F52+F6-C75)/J19,0)+1,J20),1) -> 2 | D76: =IF(F52+F6>D75,MIN(ROUNDDOWN((F52+F6-D75)/J19,0)+1,J20),1) -> 2 | E76: =IF(F52+F6>E75,MIN(ROUNDDOWN((F52+F6-E75)/J19,0)+1,J20),1) -> 2 | F76: =IF(F52+F6>F75,MIN(ROUNDDOWN((F52+F6-F75)/J19,0)+1,J20),1) -> 2 | I76: If Fan Spacing Override | J76: =IF(OR(FANSWIDE=1,FanToLinerHorz_O=0),0,((IW-2*B11)-(2*FanToLinerHorz_O)-(FANSWIDE*J54))/(FANSWIDE-1)) -> 0 | K76: =IF(OR(FANSARRAY=1,FanToLinerLeng_O=0),0,((IL-2*2)-(2*FanToLinerLeng_O)-(FANSARRAY*J54))/(FANSARRAY-1)) -> 0 | Q76: FAN_LENG | R76: 0
A77: Mid_Support_LH | B77: =IF(OR(FANSWIDE<2,B18+(B15*1)-(Z9/2)+Z7-J15<F58),0.001,B18+(B15*1)-(Z9/2)+Z7-J15) -> 0.001 | C77: =IF(OR(FANSWIDE<3,B18+(B15*2)-(Z9/2)+Z7-J15<F58),0.001,B18+(B15*2)-(Z9/2)+Z7-J15) -> 0.001 | D77: =IF(OR(FANSWIDE<4,B18+(B15*3)-(Z9/2)+Z7-J15<F58),0.001,B18+(B15*3)-(Z9/2)+Z7-J15) -> 97.5 | E77: =IF(OR(FANSWIDE<5,B18+(B15*4)-(Z9/2)+Z7-J15<F58),0.001,B18+(B15*4)-(Z9/2)+Z7-J15) -> 128 | F77: =IF(OR(FANSWIDE<6,B18+(B15*5)-(Z9/2)+Z7-J15<F58),0.001,B18+(B15*5)-(Z9/2)+Z7-J15) -> 0.001
A78: Mid_Support_LH_Qty | B78: =IF(B77-F58>J19+J12,MIN(ROUNDDOWN((B77-F58)/J19,0)+1,J20),1) -> 1 | C78: =IF(C77-F58>J19+J12,MIN(ROUNDDOWN((C77-F58)/J19,0)+1,J20),1) -> 1 | D78: =IF(D77-F58>J19+J12,MIN(ROUNDDOWN((D77-F58)/J19,0)+1,J20),1) -> 2 | E78: =IF(E77-F58>J19+J12,MIN(ROUNDDOWN((E77-F58)/J19,0)+1,J20),1) -> 2 | F78: =IF(F77-F58>J19+J12,MIN(ROUNDDOWN((F77-F58)/J19,0)+1,J20),1) -> 1
A79: Separator_Panel1_H1_RH | B79: =IF(FANSWIDE<2,0.001,F40) -> 34.25 | C79: =IF(OR(FANSWIDE<3,B79+(B15*1)>F6+F52),0.001,B79+(B15*1)) -> 64.75 | D79: =IF(OR(FANSWIDE<4,B79+(B15*2)>F6+F52),0.001,B79+(B15*2)) -> 0.001 | E79: =IF(OR(FANSWIDE<5,B79+(B15*3)>F6+F52),0.001,B79+(B15*3)) -> 0.001 | F79: =IF(OR(FANSWIDE<6,B79+(B15*4)>F6+F52),0.001,B79+(B15*4)) -> 0.001 | J79: Min Phy | K79: Min Per WD | L79: Min
A80: Separator_Panel1_H2_RH | B80: =IF(FANSWIDE<2,0.001,B79+3.25) -> 37.5 | C80: =IF(OR(FANSWIDE<3,B80+(B15*1)>F6+F52),0.001,B80+(B15*1)) -> 68 | D80: =IF(OR(FANSWIDE<4,B80+(B15*2)>F6+F52),0.001,B80+(B15*2)) -> 0.001 | E80: =IF(OR(FANSWIDE<5,B80+(B15*3)>F6+F52),0.001,B80+(B15*3)) -> 0.001 | F80: =IF(OR(FANSWIDE<6,B80+(B15*4)>F6+F52),0.001,B80+(B15*4)) -> 0.001 | M80: SpacingC/SpacingA
A81: Separator_Panel1_H1_LH | B81: 0.001 | C81: =IF(OR(FANSWIDE<3,B79+(B15*1)<F58),0.001,B79+(B15*1)) -> 0.001 | D81: =IF(OR(FANSWIDE<4,B79+(B15*2)<F58),0.001,B79+(B15*2)) -> 95.25 | E81: =IF(OR(FANSWIDE<5,B79+(B15*3)<F58),0.001,B79+(B15*3)) -> 125.75 | F81: =IF(OR(FANSWIDE<6,B79+(B15*4)<F58),0.001,B79+(B15*4)) -> 0.001 | I81: Wall to Wheel | J81: =J58+J54/2 -> 18.5 | K81: =K58+J54/2 -> 17.716535 | L81: =MAX(J81,K81) -> 18.5 | M81: =ROUNDUP(L81,0)+B122 -> 19 | N81: Spacing C
A82: Separator_Panel1_H2_LH | B82: 0.001 | C82: =IF(OR(FANSWIDE<3,B80+(B15*1)<F58),0.001,B80+(B15*1)) -> 0.001 | D82: =IF(OR(FANSWIDE<4,B80+(B15*2)<F58),0.001,B80+(B15*2)) -> 98.5 | E82: =IF(OR(FANSWIDE<5,B80+(B15*3)<F58),0.001,B80+(B15*3)) -> 129 | F82: =IF(OR(FANSWIDE<6,B80+(B15*4)<F58),0.001,B80+(B15*4)) -> 0.001 | I82: Front to Wheel | J82: =J59+J54/2 -> 18.5 | K82: =K59+J54/2 -> 17.716535 | L82: =MAX(J82,K82) -> 18.5 | M82: =ROUNDUP(L82,0)+B120 -> 19 | N82: Spacing A
A83: Separator_Panel3_H1_RH | C83: =IF(OR(FANSWIDE<3,B79+N38>F6+F52),0.001,B79+N38) -> 60.43501 | D83: =IF(OR(FANSWIDE<4,C83+(B15*1)>F6+F52),0.001,C83+(B15*1)) -> 0.001 | E83: =IF(OR(FANSWIDE<5,C83+(B15*2)>F6+F52),0.001,C83+(B15*2)) -> 0.001 | F83: =IF(OR(FANSWIDE<6,C83+(B15*4)>F6+F52),0.001,C83+(B15*4)) -> 0.001 | G83: 0.001 | I83: Horz Wheel to Wheel | J83: =J60+J54 -> 28.25 | K83: =K60+J54 -> 28.346457 | L83: =MAX(J83,K83) -> 28.346457
A84: Separator_Panel3_H1_LH | B84: 0.001 | C84: =IF(OR(FANSWIDE<3,B79+N38<F58),0.001,B79+N38) -> 0.001 | D84: =IF(OR(FANSWIDE<4,B79+N38+(B15*1)<F58),0.001,B79+N38+(B15*1)) -> 90.93501 | E84: =IF(OR(FANSWIDE<5,B79+N38+(B15*2)<F58),0.001,B79+N38+(B15*2)) -> 121.43501 | F84: =IF(OR(FANSWIDE<6,B79+N38+(B15*3)<F58),0.001,B79+N38+(B15*3)) -> 0.001 | G84: 0.001 | I84: Leng Wheel to Wheel | J84: =J61+J54 -> 33 | K84: =K61+J54 -> 28.346457 | L84: =MAX(J84,K84) -> 33
A85: Separator_Panel3_H2_RH | B85: =IF(OR(FANSWIDE<3,B79+3.375+(B15*0)>F6+F52),0.001,B79+3.375+(B15*0)) -> 37.625 | C85: =IF(OR(FANSWIDE<4,B79+3.375+(B15*1)>F6+F52),0.001,B79+3.375+(B15*1)) -> 68.125 | D85: =IF(OR(FANSWIDE<5,B85+(B15*2)>F6+F52),0.001,B85+(B15*2)) -> 0.001 | E85: =IF(OR(FANSWIDE<6,B85+(B15*3)>F6+F52),0.001,B85+(B15*3)) -> 0.001 | G85: 0.001
A86: Separator_Panel3_H2_LH | B86: 0.001 | C86: =IF(OR(FANSWIDE<3,B85+(B15*0)<F58),0.001,B85+(B15*0)) -> 0.001 | D86: =IF(OR(FANSWIDE<4,B85+(B15*1)<F58),0.001,B85+(B15*1)) -> 0.001 | E86: =IF(OR(FANSWIDE<5,B85+(B15*2)<F58),0.001,B85+(B15*2)) -> 98.625 | F86: =IF(OR(FANSWIDE<6,B85+(B15*3)<F58),0.001,B85+(B15*3)) -> 0.001 | G86: 0.001 | I86: Parameter | J86: Value | K86: Value
A87: Separator_Panel3_H3_RH | B87: =IF(OR(FANSWIDE<3,B79+3.375+N38+(B15*0)>F6+F52),0.001,B79+3.375+N38+(B15*0)) -> 63.81001 | C87: =IF(OR(FANSWIDE<4,B79+3.375+N38+(B15*1)>F6+F52),0.001,B79+3.375+N38+(B15*1)) -> 0.001 | D87: =IF(OR(FANSWIDE<5,B79+3.375+N38+(B15*2)>F6+F52),0.001,B79+3.375+N38+(B15*2)) -> 0.001 | E87: =IF(OR(FANSWIDE<6,B79+3.375+N38+(B15*3)>F6+F52),0.001,B79+3.375+N38+(B15*3)) -> 0.001 | G87: 0.001 | I87: Fan Spacing Final Values
A88: Separator_Panel3_H3_LH | B88: 0.001 | C88: =IF(OR(FANSWIDE<3,B79+3.375+N38+(B15*0)<F58),0.001,B79+3.375+N38+(B15*0)) -> 0.001 | D88: =IF(OR(FANSWIDE<4,B79+3.375+N38+(B15*1)<F58),0.001,B79+3.375+N38+(B15*1)) -> 94.31001 | E88: =IF(OR(FANSWIDE<5,B79+3.375+N38+(B15*2)<F58),0.001,B79+3.375+N38+(B15*2)) -> 124.81001 | F88: =IF(OR(FANSWIDE<6,B79+3.375+N38+(B15*3)<F58),0.001,B79+3.375+N38+(B15*3)) -> 0.001 | G88: 0.001 | J88: Initial | K88: Final
A89: Sep_Sup_Front_RH1 | B89: =IF(FANSWIDE<2,0.001,B79+F44) -> 51.950298 | C89: =IF(OR(FANSWIDE<3,B89+(B15*1)>F6+F52),0.001,B89+(B15*1)) -> 0.001 | I89: FanHorzSp2 | J89: =(IW-2*M81)/(FANSWIDE-IF(FANSWIDE=1,0,1)) -> 30.5 | K89: =IF(FANSWIDE=1,0,IF(FanSpacingHorz_O<>0,FanSpacingHorz_O,IF(FanToLinerHorz_O<>0,J99,IF(FanSpacing=0,J94+J97,IF(FanSpacing=1,J95-J98,J96))))) -> 30.5
A90: Sep_Sup_Front_RH2 | B90: =IF(FANSWIDE<2,0.001,B79+F44+1.5) -> 53.450298 | C90: =IF(OR(FANSWIDE<3,B90+(B15*1)>F6+F52),0.001,B90+(B15*1)) -> 0.001 | I90: FanLegnSP2 | J90: =(IL-2*M82)/(FANSARRAY-IF(FANSARRAY=1,0,1)) -> 42 | K90: =IF(FANSARRAY=1,0,IF(FanSpacingLeng_O<>0,FanSpacingLeng_O,IF(FanToLinerLeng_O<>0,K99,IF(FanSpacing=0,K94+K97,IF(FanSpacing=1,K95-K98,K96))))) -> 42
A91: Sep_Sup_Front_LH1 | C91: =IF(OR(FANSWIDE<3,B89+(B15*1)<F58),0.001,B89+(B15*1)) -> 82.450298 | D91: =IF(OR(FANSWIDE<4,B89+(B15*2)<F58),0.001,B89+(B15*2)) -> 112.9503 | E91: =IF(OR(FANSWIDE<5,B89+(B15*3)<F58),0.001,B89+(B15*3)) -> 143.4503 | F91: =IF(OR(FANSWIDE<6,B89+(B15*4)<F58),0.001,B89+(B15*4)) -> 0.001
A92: Sep_Sup_Front_LH2 | C92: =IF(OR(FANSWIDE<3,B90+(B15*1)<F58),0.001,B90+(B15*1)) -> 83.950298 | D92: =IF(OR(FANSWIDE<4,B90+(B15*2)<F58),0.001,B90+(B15*2)) -> 114.4503 | E92: =IF(OR(FANSWIDE<5,B90+(B15*3)<F58),0.001,B90+(B15*3)) -> 144.9503 | F92: =IF(OR(FANSWIDE<6,B90+(B15*4)<F58),0.001,B90+(B15*4)) -> 0.001 | I92: Parameter | J92: H SP | K92: L SP
A93: Sep_Sup_Rear_RH1 | B93: =IF(FANSWIDE<2,0.001,B79-F45) -> 15.609712 | C93: =IF(OR(FANSWIDE<3,B93+(B15*1)>F6+F52),0.001,B93+(B15*1)) -> 46.109712 | D93: =IF(OR(FANSWIDE<4,B93+(B15*2)>F6+F52),0.001,B93+(B15*2)) -> 76.609712 | I93: Fan Spacing Final Values
A94: Sep_Sup_Rear_RH2 | B94: =IF(FANSWIDE<2,0.001,B79-F45-1.5) -> 14.109712 | C94: =IF(OR(FANSWIDE<3,B94+(B15*1)>F6+F52),0.001,B94+(B15*1)) -> 44.609712 | D94: =IF(OR(FANSWIDE<4,B94+(B15*2)>F6+F52),0.001,B94+(B15*2)) -> 75.109712 | I94: If Fan Spacing = 0 | J94: =MIN(L83,J89) -> 28.346457 | K94: =MIN(L84,J90) -> 33
A95: Sep_Sup_Rear_LH1 | C95: =IF(OR(FANSWIDE<3,B93+(B15*1)<F58),0.001,B93+(B15*1)) -> 0.001 | D95: =IF(OR(FANSWIDE<4,B93+(B15*2)<F58),0.001,B93+(B15*2)) -> 0.001 | E95: =IF(OR(FANSWIDE<5,B93+(B15*3)<F58),0.001,B93+(B15*3)) -> 107.10971 | F95: =IF(OR(FANSWIDE<6,B93+(B15*4)<F58),0.001,B93+(B15*4)) -> 0.001 | I95: If Fan Spacing = 1 | J95: =MAX(L83,J54*2) -> 35.433071 | K95: =MAX(L84,J54*2) -> 35.433071
A96: Sep_Sup_Rear_LH2 | C96: =IF(OR(FANSWIDE<3,B94+(B15*1)<F58),0.001,B94+(B15*1)) -> 0.001 | D96: =IF(OR(FANSWIDE<4,B94+(B15*2)<F58),0.001,B94+(B15*2)) -> 0.001 | E96: =IF(OR(FANSWIDE<5,B94+(B15*3)<F58),0.001,B94+(B15*3)) -> 105.60971 | F96: =IF(OR(FANSWIDE<6,B94+(B15*4)<F58),0.001,B94+(B15*4)) -> 0.001 | I96: If Fan Spacing = 2 | J96: =IF(J89/2>M81,IW/FANSWIDE,J89) -> 30.5 | K96: =(IL-2*B17)/(FANSARRAY-IF(FANSARRAY=1,0,1)) -> 42
I97: Spacing Checker for 0 | J97: =IF(AND(FanSpacing=0,J94<L83),L83-J94,0) -> 0 | K97: =IF(AND(FanSpacing=0,K94<L84),L84-K94,0) -> 0
I98: Spacing Checker for 1 | J98: =IF(AND(FanSpacing=1,(IW-(J95*(FANSWIDE-1)))/2<L81),J95-J89,0) -> 0 | K98: =IF(AND(FanSpacing=1,(IL-(K95*(FANSARRAY-1)))/2<L82),K95-K89,0) -> 0
I99: If Fan Spacing Override | J99: =IF(OR(FANSWIDE=1,FanToLinerHorz_O=0),0,(IW-(2*FanToLinerHorz_O)-(J54))/(FANSWIDE-1)) -> 0 | K99: =IF(OR(FANSARRAY=1,FanToLinerLeng_O=0),0,(IL-(2*FanToLinerLeng_O)-(J54))/(FANSARRAY-1)) -> 0
B101: Spacing
A102: Door Spacing Adjustment Table
...

Sheet Fan Lookup
A1: 1 | B1: 2 | C1: 3 | D1: 4 | E1: 5 | F1: 6 | G1: 7 | H1: 8 | I1: 9 | J1: 10 | K1: 11 | L1: 12 | M1: 13 | N1: 14 | O1: 15 | P1: 16 | Q1: 17 | R1: 18 | S1: 19 | T1: 20 | U1: 21 | V1: 22 | W1: 23 | X1: 24 | Y1: 25 | Z1: 26 | AA1: 27 | AB1: 28 | AC1: 29 | AD1: 30 | AE1: 31 | AF1: 32 | AG1: 33 | AH1: 34 | AI1: 35 | AJ1: 36 | AK1: 37 | AL1: 38 | AM1: 39 | AN1: 40 | AO1: 41 | AP1: 42 | AQ1: 43 | AR1: 44 | AS1: 45 | AT1: 46 | AU1: 47 | AV1: 48 | AW1: 49 | AX1: 50 | AY1: 51 | AZ1: 52 | BA1: 53 | BB1: 54 | BC1: 55 | BD1: 56 | BE1: 57 | BF1: 58 | BG1: 59 | BH1: 60 | BI1: 61 | BJ1: 62 | BK1: 63 | BL1: 64 | BM1: 65 | BN1: 66 | BO1: 67 | BP1: 68 | BQ1: 69 | BR1: 70
A2: Fan | B2: wheel dia | C2: inlet H/W | D2: inlet Flange | E2: inlet Thk | F2: inlet Mnt Hole | G2: Hole to Edge | H2: Hole Qty | I2: Hole Spacing | J2: Frame Hrdwr to Side | K2: Frame Hrdwr to Top | L2: Frame Hrdwr Spacing | M2: Wheel Hrdwr Bolt Circ | N2: Wheel Hrdwr Angle | O2: Wheel Hrdwr Qty | P2: NOT USED | Q2: Oval Frame W | R2: Oval Frame H | S2: Oval Frame Cntr-Side1 | T2: Oval Frame Cntr-Side2 | U2: Oval Frame Length | V2: Mtr Pnl H/W | W2: Mtr Pnl Flange | X2: inlet pnl opening | Y2: Funnel Mnt Face dia. | Z2: Funnel Angle | AA2: Funnel Radius 1 | AB2: Funnel Radius2 dia. | AC2: Funnel Radius 2 | AD2: Funnel W | AE2: Funnel Thk | AF2: Wheel Start | AG2: Wheel W | AH2: Wheel Rim W | AI2: Wheel Rim R1 | AJ2: Wheel Funnel R2 | AK2: Wheel Funnel Angle | AL2: Wheel Funnel dia. | AM2: Wheel Rim dia. | AN2: Mtr Hub to Panel | AO2: Mtr Hub dia. | AP2: NOT USED | AQ2: Mtr Hub Chamfer | AR2: Mtr Hub R1 | AS2: Mtr Step to Pnl | AT2: Mtr Step R1 | AU2: Mtr Step dia. 1 | AV2: Mtr Step dia. 2 | AW2: Mtr Rear to Panel | AX2: Mtr Rear Dia. 1 | AY2: Mtr Rear Dia. 2 | AZ2: Mtr Rear Dia. 3 | BA2: Mtr Rear R1 | BB2: Wh. Blade L | BC2: Wh. Blade Arc H | BD2: Wh. Blade Angle | BE2: Wh. Blade Ref. Dia. 1 | BF2: Wh. Blade Ref. Dia. 2 | BG2: MIN btm of unit to fan inlet panel | BI2: collar Depth | BJ2: inlet panel to dwnstrm end of fan/mtr | BK2: XT Total Asy L | BL2: YC Total Asy L | BM2: Final XT L | BN2: Final YC L | BO2: Final L without isolated wall | BP2: Final L without isolated wall + screen | BQ2: XT Vert L | BR2: YC Vert L
A3: Size | B3: WD | C3: A | D3: B | E3: C | F3: D | G3: E | H3: F | I3: G | J3: H | K3: I | L3: J | M3: K | N3: L | O3: M | P3: N | Q3: O | R3: P | S3: Q | T3: R | U3: S | V3: T | W3: U | X3: V | Y3: W | Z3: X | AA3: Y | AB3: Z | AC3: AA | AD3: AB | AE3: AC | AF3: AD | AG3: AE | AH3: AF | AI3: AG | AJ3: AH | AK3: AI | AL3: AJ | AM3: AK | AN3: AL | AO3: AM | AP3: AN | AQ3: AO | AR3: AP | AS3: AQ | AT3: AR | AU3: AS | AV3: AT | AW3: AU | AX3: AV | AY3: AW | AZ3: AX | BA3: AY | BB3: AZ | BC3: BA | BD3: BB | BE3: BC | BF3: BD | BG3: BE
A4: =FANSIZE -> 450 | M4: =VLOOKUP($A$4,$A$5:$BR$24,M1,FALSE) -> 17.0082 | N4: =VLOOKUP($A$4,$A$5:$BR$24,N1,FALSE) -> 60 | O4: =VLOOKUP($A$4,$A$5:$BR$24,O1,FALSE) -> 6 | P4: =VLOOKUP($A$4,$A$5:$BR$24,P1,FALSE) -> 0 | Q4: =VLOOKUP($A$4,$A$5:$BR$24,Q1,FALSE) -> 2.48 | R4: =VLOOKUP($A$4,$A$5:$BR$24,R1,FALSE) -> 1.414 | S4: =VLOOKUP($A$4,$A$5:$BR$24,S1,FALSE) -> 3.14 | T4: =VLOOKUP($A$4,$A$5:$BR$24,T1,FALSE) -> 4.912 | ... BG4: =VLOOKUP($A$4,$A$5:$BR$24,BG1,FALSE) -> 7.6950354
A5: 250 | B5: 11.18 | C5: 17.717 | D5: 0 | E5: 0.1 | F5: 0.281 | G5: 0.984 | M5: =Y5*0.9 -> 10.557 | N5: 90 | O5: 4 | U5: 8.122 | X5: =B5*0.75 -> 8.385 | Y5: 11.73 | AA5: =B5*0.05 -> 0.559 | AB5: =B5*0.6 -> 6.708 | AC5: =B5*0.11 -> 1.2298 | AD5: =B5*0.11 -> 1.2298 | AE5: 0.059 | AF5: =$B5*0.22 -> 2.4596 | AG5: =$B5*0.25 -> 2.795 | AH5: =$B5*0.014 -> 0.15652 | AI5: =$B5*0.006 -> 0.06708 | AJ5: =B5*0.08 -> 0.8944 | AK5: 65 | AL5: =B5*0.62 -> 6.9316 | AW5: 2.224 | BB5: =$B5*0.39 -> 4.3602 | BC5: =BC7-0.03 -> 0.618 | BD5: =$B5*1.4 -> 15.652 | BE5: =$B5*0.55 -> 6.149 | BF5: =$B5*0.91 -> 10.1738 | BG5: 5.59 | BI5: 1.403 | BJ5: =BI5+E5+U5+AW5 -> 11.849 | BK5: =10+BJ5+2.5+2.34+0.5 -> 27.189 | BL5: =10+BJ5+2+1.528 -> 25.377 | BM5: =ROUNDUP(BK5,0) -> 28 | BN5: =ROUNDUP(BL5,0) -> 26 | BO5: =ROUNDUP(10+BJ5+1,0) -> 23 | BP5: =BO5+2 -> 25 | BQ5: =ROUNDUP(10.476*2+C5+1.5*2,0) -> 42 | BR5: =ROUNDUP((4.049+1)*2+C5,0) -> 28
A6: 25 | B6: =5.709*2 -> 11.418 | C6: 18.701 | D6: 0 | E6: 0.1 | M6: =5.059*2 -> 10.118 | N6: 60 | O6: 6 | U6: 9.402 | X6: =4.528*2 -> 9.056 | Y6: =5.453*2 -> 10.906 | AA6: =B6*0.05 -> 0.5709 | AB6: =B6*0.6 -> 6.8508 | AC6: =B6*0.11 -> 1.25598 | AD6: =B6*0.11 -> 1.25598 | AE6: 0.059 | AF6: =$B6*0.22 -> 2.51196 | AG6: =$B6*0.25 -> 2.8545 | AH6: =$B6*0.014 -> 0.159852 | AI6: =B6*0.006 -> 0.068508 | AJ6: =B6*0.08 -> 0.91344 | AK6: 65 | AL6: =B6*0.62 -> 7.07916 | AW6: 1.181 | BB6: =$B6*0.39 -> 4.45302 | BC6: =BC7-0.03 -> 0.618 | BD6: =$B6*1.4 -> 15.9852 | BE6: =$B6*0.55 -> 6.2799 | BF6: =$B6*0.91 -> 10.39038 | BG6: 5.59 | BI6: 1.403 | BJ6: =BI6+E6+U6+AW6 -> 12.086 | BK6: =10+BJ6+2.5+2.34+0.5 -> 27.426 | BL6: =10+BJ6+2+1.528 -> 25.614 | BM6: =ROUNDUP(BK6,0) -> 28 | BN6: =ROUNDUP(BL6,0) -> 26 | BO6: =ROUNDUP(10+BJ6+1,0) -> 24 | BP6: =BO6+2 -> 26 | BQ6: =ROUNDUP(10.476*2+C6+1.5*2,0) -> 43 | BR6: =ROUNDUP((4.049+1)*2+C6,0) -> 29
A7: 280 | B7: 12.56 | C7: 18.701 | D7: 0 | E7: 0.1 | M7: =Y7*0.9 -> 11.5155 | N7: 90 | O7: 4 | U7: 9.402 | X7: =B7*0.75 -> 9.42 | Y7: 12.795 | AA7: =B7*0.05 -> 0.628 | AB7: =B7*0.6 -> 7.536 | AC7: =B7*0.11 -> 1.3816 | AD7: =B7*0.11 -> 1.3816 | AE7: 0.059 | AF7: =$B7*0.22 -> 2.7632 | AG7: =$B7*0.25 -> 3.14 | AH7: =$B7*0.014 -> 0.17584 | AI7: =B7*0.006 -> 0.07536 | AJ7: =B7*0.08 -> 1.0048 | AK7: 65 | AL7: =B7*0.62 -> 7.7872 | AW7: 1.181 | BB7: =$B7*0.39 -> 4.8984 | BC7: =BC8-0.03 -> 0.648 | BD7: =$B7*1.4 -> 17.584 | BE7: =$B7*0.55 -> 6.908 | BF7: =$B7*0.91 -> 11.4296 | BG7: 5.59 | BI7: 1.403 | BJ7: =BI7+E7+U7+AW7 -> 12.086 | BK7: =10+BJ7+2.5+2.34+0.5 -> 27.426 | BL7: =10+BJ7+2+1.528 -> 25.614 | BM7: =ROUNDUP(BK7,0) -> 28 | BN7: =ROUNDUP(BL7,0) -> 26 | BO7: =ROUNDUP(10+BJ7+1,0) -> 24 | BP7: =BO7+2 -> 26 | BQ7: =ROUNDUP(10.476*2+C7+1.5*2,0) -> 43 | BR7: =ROUNDUP((4.049+1)*2+C7,0) -> 29
A8: 310 | B8: 14.17 | C8: 19.685 | D8: 0.591 | E8: 0.118 | F8: 0.433 | G8: 0.984 | H8: 2 | I8: 17.717 | J8: 2.215 | K8: 3.551 | L8: 1.89 | M8: =Y8*0.9 -> 12.402 | N8: 90 | O8: 4 | Q8: 2.48 | R8: 1.414 | U8: 10.177 | V8: 16.535 | W8: 1.181 | X8: =B8*0.75 -> 10.6275 | Y8: 13.78 | AA8: =B8*0.05 -> 0.7085 | AB8: =B8*0.6 -> 8.502 | AC8: =B8*0.11 -> 1.5587 | AD8: =B8*0.11 -> 1.5587 | AE8: 0.059 | AF8: =$B8*0.22 -> 3.1174 | AG8: =$B8*0.25 -> 3.5425 | AH8: =$B8*0.014 -> 0.19838 | AI8: =B8*0.006 -> 0.08502 | AJ8: =B8*0.08 -> 1.1336 | AK8: 65 | AL8: =B8*0.62 -> 8.7854 | AM8: 14.173 | AN8: 5.669 | AO8: 5.435 | AQ8: 0.887 | AR8: 0.354 | AS8: 0.969 | AT8: 0.039 | AU8: 5.956 | AV8: =4.721*2 -> 9.442 | AW8: 2.736 | AX8: =4.429*2 -> 8.858 | AY8: 9.128 | AZ8: 9.173 | BA8: 0.45 | BB8: =$B8*0.39 -> 5.5263 | BC8: =BC10-0.03 -> 0.678 | BD8: =$B8*1.4 -> 19.838 | BE8: =$B8*0.55 -> 7.7935 | BF8: =$B8*0.91 -> 12.8947 | BG8: 5.59 | BI8: 1.403 | BJ8: =BI8+E8+U8+AW8 -> 14.434 | BK8: =10+BJ8+2.5+2.34+0.5 -> 29.774 | BL8: =10+BJ8+2+1.528 -> 27.962 | BM8: =ROUNDUP(BK8,0) -> 30 | BN8: =ROUNDUP(BL8,0) -> 28 | BO8: =ROUNDUP(10+BJ8+1,0) -> 26 | BP8: =BO8+2 -> 28 | BQ8: =ROUNDUP(10.476*2+C8+1.5*2,0) -> 44 | BR8: =ROUNDUP((4.049+1)*2+C8,0) -> 30
A9: 31 | B9: =7.087*2 -> 14.174 | C9: 19.685 | D9: 0.591 | E9: 0.118 | F9: 0.433 | G9: 0.984 | H9: 2 | I9: 17.717 | J9: 2.215 | K9: 3.551 | L9: 1.89 | M9: =6.24*2 -> 12.48 | N9: 90 | O9: 8 | Q9: 2.48 | R9: 1.414 | U9: 10.177 | V9: 16.535 | W9: 1.181 | X9: =5.709*2 -> 11.418 | Y9: =6.752*2 -> 13.504 | AA9: =B9*0.05 -> 0.7087 | AB9: =B9*0.6 -> 8.5044 | AC9: =B9*0.11 -> 1.55914 | AD9: =B9*0.11 -> 1.55914 | AE9: 0.059 | AF9: =$B9*0.22 -> 3.11828 | AG9: =$B9*0.25 -> 3.5435 | AH9: =$B9*0.014 -> 0.198436 | AI9: =B9*0.006 -> 0.085044 | AJ9: =B9*0.08 -> 1.13392 | AK9: 65 | AL9: =B9*0.62 -> 8.78788 | AM9: 14.173 | AN9: 5.669 | AO9: 5.435 | AQ9: 0.887 | AR9: 0.354 | AS9: 0.969 | AT9: 0.039 | AU9: 5.956 | AV9: =4.721*2 -> 9.442 | AX9: =4.429*2 -> 8.858 | AY9: 9.128 | AZ9: 9.173 | BA9: 0.45 | BB9: =$B9*0.39 -> 5.52786 | BC9: =BC8 -> 0.678 | BD9: =$B9*1.4 -> 19.8436 | BE9: =$B9*0.55 -> 7.7957 | BF9: =$B9*0.91 -> 12.89834 | BG9: 5.59 | BI9: 1.403 | BJ9: =BI9+E9+U9+AW9 -> 11.698 | BK9: =10+BJ9+2.5+2.34+0.5 -> 27.038 | BL9: =10+BJ9+2+1.528 -> 25.226 | BM9: =ROUNDUP(BK9,0) -> 28 | BN9: =ROUNDUP(BL9,0) -> 26 | BO9: =ROUNDUP(10+BJ9+1,0) -> 23 | BP9: =BO9+2 -> 25 | BQ9: =ROUNDUP(10.476*2+C9+1.5*2,0) -> 44 | BR9: =ROUNDUP((4.049+1)*2+C9,0) -> 30
A10: 355 | B10: 15.91 | C10: 19.685 | D10: 0.591 | E10: 0.108 | M10: =Y10*0.9 -> 13.1103 | N10: 90 | O10: 4 | U10: 11.196 | X10: =B10*0.75 -> 11.9325 | Y10: 14.567 | AA10: =B10*0.05 -> 0.7955 | AB10: =B10*0.6 -> 9.546 | AC10: =B10*0.11 -> 1.7501 | AD10: =B10*0.11 -> 1.7501 | AE10: 0.059 | AF10: =$B10*0.22 -> 3.5002 | AG10: =$B10*0.25 -> 3.9775 | AH10: =$B10*0.014 -> 0.22274 | AI10: =B10*0.006 -> 0.09546 | AJ10: =B10*0.08 -> 1.2728 | AK10: 65 | AL10: =B10*0.62 -> 9.8642 | AW10: 2.832 | BB10: =$B10*0.39 -> 6.2049 | BC10: =BC12-0.03 -> 0.708 | BD10: =$B10*1.4 -> 22.274 | BE10: =$B10*0.55 -> 8.7505 | BF10: =$B10*0.91 -> 14.4781 | BG10: 6.513878 | BI10: 1.403 | BJ10: =BI10+E10+U10+AW10 -> 15.539 | BK10: =10+BJ10+2.5+2.34+0.5 -> 30.879 | BL10: =10+BJ10+2+1.528 -> 29.067 | BM10: =ROUNDUP(BK10,0) -> 31 | BN10: =ROUNDUP(BL10,0) -> 30 | BO10: =ROUNDUP(10+BJ10+1,0) -> 27 | BP10: =BO10+2 -> 29 | BQ10: =ROUNDUP(10.476*2+C10+1.5*2,0) -> 44 | BR10: =ROUNDUP((4.049+1)*2+C10,0) -> 30
A11: 35 | B11: =7.992*2 -> 15.984 | C11: 19.685 | D11: 0.591 | E11: 0.108 | M11: =6.929*2 -> 13.858 | N11: 90 | O11: 8 | U11: 11.196 | X11: =6.496*2 -> 12.992 | Y11: =7.441*2 -> 14.882 | AA11: =B11*0.05 -> 0.7992 | AB11: =B11*0.6 -> 9.5904 | AC11: =B11*0.11 -> 1.75824 | AD11: =B11*0.11 -> 1.75824 | AE11: 0.059 | AF11: =$B11*0.22 -> 3.51648 | AG11: =$B11*0.25 -> 3.996 | AH11: =$B11*0.014 -> 0.223776 | AI11: =B11*0.006 -> 0.095904 | AJ11: =B11*0.08 -> 1.27872 | AK11: 65 | AL11: =B11*0.62 -> 9.91008 | AW11: 2.832 | BB11: =$B11*0.39 -> 6.23376 | BC11: =BC14-0.03 -> 0.738 | BD11: =$B11*1.4 -> 22.3776 | BE11: =$B11*0.55 -> 8.7912 | BF11: =$B11*0.91 -> 14.54544 | BG11: 6.513878 | BI11: 1.403 | BJ11: =BI11+E11+U11+AW11 -> 15.539 | BK11: =10+BJ11+2.5+2.34+0.5 -> 30.879 | BL11: =10+BJ11+2+1.528 -> 29.067 | BM11: =ROUNDUP(BK11,0) -> 31 | BN11: =ROUNDUP(BL11,0) -> 30 | BO11: =ROUNDUP(10+BJ11+1,0) -> 27 | BP11: =BO11+2 -> 29 | BQ11: =ROUNDUP(10.476*2+C11+1.5*2,0) -> 44 | BR11: =ROUNDUP((4.049+1)*2+C11,0) -> 30
A12: 400 | B12: 17.91 | C12: 21.685 | D12: 0.591 | E12: 0.108 | M12: =Y12*0.9 -> 14.634 | N12: 60 | O12: 6 | U12: 12.64 | X12: =B12*0.75 -> 13.4325 | Y12: 16.26 | AA12: =B12*0.05 -> 0.8955 | AB12: =B12*0.6 -> 10.746 | AC12: =B12*0.11 -> 1.9701 | AD12: =B12*0.11 -> 1.9701 | AE12: 0.059 | AF12: =$B12*0.22 -> 3.9402 | AG12: =$B12*0.25 -> 4.4775 | AH12: =$B12*0.014 -> 0.25074 | AI12: =B12*0.006 -> 0.10746 | AJ12: =B12*0.08 -> 1.4328 | AK12: 65 | AL12: =B12*0.62 -> 11.1042 | AW12: 2.667 | BB12: =$B12*0.39 -> 6.9849 | BC12: =BC14-0.03 -> 0.738 | BD12: =$B12*1.4 -> 25.074 | BE12: =$B12*0.55 -> 9.8505 | BF12: =$B12*0.91 -> 16.2981 | BG12: 7.2855315 | BI12: 1.403 | BJ12: =BI12+E12+U12+AW12 -> 16.818 | BK12: =10+BJ12+2.5+2.34+0.5 -> 32.158 | BL12: =10+BJ12+2+1.528 -> 30.346 | BM12: =ROUNDUP(BK12,0) -> 33 | BN12: =ROUNDUP(BL12,0) -> 31 | BO12: =ROUNDUP(10+BJ12+1,0) -> 28 | BP12: =BO12+2 -> 30 | BQ12: =ROUNDUP(10.476*2+C12+1.5*2,0) -> 46 | BR12: =ROUNDUP((4.049+1)*2+C12,0) -> 32
A13: 40 | B13: =8.985*2 -> 17.97 | C13: 21.685 | D13: 0.591 | E13: 0.108 | M13: =7.717*2 -> 15.434 | N13: 90 | O13: 8 | U13: 12.64 | X13: =7.283*2 -> 14.566 | Y13: =8.228*2 -> 16.456 | AA13: =B13*0.05 -> 0.8985 | AB13: =B13*0.6 -> 10.782 | AC13: =B13*0.11 -> 1.9767 | AD13: =B13*0.11 -> 1.9767 | AE13: 0.059 | AF13: =$B13*0.22 -> 3.9534 | AG13: =$B13*0.25 -> 4.4925 | AH13: =$B13*0.014 -> 0.25158 | AI13: =B13*0.006 -> 0.10782 | AJ13: =B13*0.08 -> 1.4376 | AK13: 65 | AL13: =B13*0.62 -> 11.1414 | AW13: 2.667 | BB13: =$B13*0.39 -> 7.0083 | BC13: =BC16-0.03 -> 0.768 | BD13: =$B13*1.4 -> 25.158 | BE13: =$B13*0.55 -> 9.8835 | BF13: =$B13*0.91 -> 16.3527 | BG13: 7.2855315 | BI13: 1.403 | BJ13: =BI13+E13+U13+AW13 -> 16.818 | BK13: =10+BJ13+2.5+2.34+0.5 -> 32.158 | BL13: =10+BJ13+2+1.528 -> 30.346 | BM13: =ROUNDUP(BK13,0) -> 33 | BN13: =ROUNDUP(BL13,0) -> 31 | BO13: =ROUNDUP(10+BJ13+1,0) -> 28 | BP13: =BO13+2 -> 30 | BQ13: =ROUNDUP(10.476*2+C13+1.5*2,0) -> 46 | BR13: =ROUNDUP((4.049+1)*2+C13,0) -> 32
A14: 450 | B14: 19.88 | C14: 24.803 | D14: 0.591 | E14: 0.12 | F14: 0.433 | G14: 0.984 | H14: 3 | I14: 11.417 | J14: 3.967 | K14: 3.14 | L14: 1.89 | M14: =Y14*0.9 -> 17.0082 | N14: 60 | O14: 6 | Q14: 2.48 | R14: 1.414 | S14: 3.14 | T14: 4.912 | U14: 14.083 | V14: 20.524 | W14: 1.181 | X14: =B14*0.75 -> 14.91 | Y14: 18.898 | Z14: 6.63 | AA14: =B14*0.05 -> 0.994 | AB14: =B14*0.6 -> 11.928 | AC14: =B14*0.11 -> 2.1868 | AD14: =B14*0.11 -> 2.1868 | AE14: 0.079 | AF14: =$B14*0.22 -> 4.3736 | AG14: =$B14*0.25 -> 4.97 | AH14: =$B14*0.014 -> 0.27832 | AI14: =B14*0.006 -> 0.11928 | AJ14: =B14*0.08 -> 1.5904 | AK14: 65 | AL14: =B14*0.62 -> 12.3256 | AM14: 19.882 | AN14: 7.303 | AO14: 7.394 | AQ14: 1.135 | AR14: 0.472 | AS14: 2.132 | AT14: 0.393 | AU14: 9.211 | AV14: 12 | AW14: 4.376 | AX14: 10.341 | AY14: 10.706 | AZ14: 11.08 | BA14: 0.301 | BB14: =$B14*0.39 -> 7.7532 | BC14: 0.768 | BD14: =$B14*1.4 -> 27.832 | BE14: =$B14*0.55 -> 10.934 | BF14: =$B14*0.91 -> 18.0908 | BG14: 7.6950354 | BI14: 1.403 | BJ14: =BI14+E14+U14+AW14 -> 19.982 | BK14: =10+BJ14+2.5+2.34+0.5 -> 35.322 | BL14: =10+BJ14+2+1.528 -> 33.51 | BM14: =ROUNDUP(BK14,0) -> 36 | BN14: =ROUNDUP(BL14,0) -> 34 | BO14: =ROUNDUP(10+BJ14+1,0) -> 31 | BP14: =BO14+2 -> 33 | BQ14: =ROUNDUP(10.476*2+C14+1.5*2,0) -> 49 | BR14: =ROUNDUP((4.049+1)*2+C14,0) -> 35
A15: 45 | B15: =10.127*2 -> 20.254 | C15: 24.803 | D15: 0.591 | E15: 0.12 | F15: 0.433 | G15: 0.984 | H15: 3 | I15: 11.417 | J15: 3.967 | K15: 3.14 | L15: 1.89 | M15: =8.622*2 -> 17.244 | N15: 90 | O15: 8 | Q15: 2.48 | R15: 1.414 | S15: 3.14 | T15: 4.912 | U15: 14.083 | V15: 20.524 | W15: 1.181 | X15: =7.972*2 -> 15.944 | Y15: =9.134*2 -> 18.268 | Z15: 6.63 | AA15: =B15*0.05 -> 1.0127 | AB15: =B15*0.6 -> 12.1524 | AC15: =B15*0.11 -> 2.22794 | AD15: =B15*0.11 -> 2.22794 | AE15: 0.079 | AF15: =$B15*0.22 -> 4.45588 | AG15: =$B15*0.25 -> 5.0635 | AH15: =$B15*0.014 -> 0.283556 | AI15: =B15*0.006 -> 0.121524 | AJ15: =B15*0.08 -> 1.62032 | AK15: 65 | AL15: =B15*0.62 -> 12.55748 | AM15: 19.882 | AN15: 7.303 | AO15: 7.394 | AQ15: 1.135 | AR15: 0.472 | AS15: 2.132 | AT15: 0.393 | AU15: 9.211 | AV15: 12 | AW15: 4.376 | AX15: 10.341 | AY15: 10.706 | AZ15: 11.08 | BA15: 0.301 | BB15: =$B15*0.39 -> 7.89906 | BC15: 0.768 | BD15: =$B15*1.4 -> 28.3556 | BE15: =$B15*0.55 -> 11.1397 | BF15: =$B15*0.91 -> 18.43114 | BG15: 7.6950354 | BI15: 1.403 | BJ15: =BI15+E15+U15+AW15 -> 19.982 | BK15: =10+BJ15+2.5+2.34+0.5 -> 35.322 | BL15: =10+BJ15+2+1.528 -> 33.51 | BM15: =ROUNDUP(BK15,0) -> 36 | BN15: =ROUNDUP(BL15,0) -> 34 | BO15: =ROUNDUP(10+BJ15+1,0) -> 31 | BP15: =BO15+2 -> 33 | BQ15: =ROUNDUP(10.476*2+C15+1.5*2,0) -> 49 | BR15: =ROUNDUP((4.049+1)*2+C15,0) -> 35
A16: 500 | B16: 22.28 | C16: 26.76 | D16: 0.625 | E16: 0.118 | M16: =Y16*0.9 -> 16.6536 | N16: 60 | O16: 6 | U16: 15.571 | X16: =B16*0.7 -> 15.596 | Y16: 18.504 | AA16: =B16*0.05 -> 1.114 | AB16: =B16*0.6 -> 13.368 | AC16: =B16*0.11 -> 2.4508 | AD16: =B16*0.11 -> 2.4508 | AE16: 0.079 | AF16: =$B16*0.22 -> 4.9016 | AG16: =$B16*0.25 -> 5.57 | AH16: =$B16*0.014 -> 0.31192 | AI16: =B16*0.006 -> 0.13368 | AJ16: =B16*0.08 -> 1.7824 | AK16: 65 | AL16: =B16*0.62 -> 13.8136 | AW16: 4.374 | BB16: =$B16*0.39 -> 8.6892 | BC16: =BC14+0.03 -> 0.798 | BD16: =$B16*1.4 -> 31.192 | BE16: =$B16*0.55 -> 12.254 | BF16: =$B16*0.91 -> 20.2748 | BG16: 8.6850394 | BI16: 1.403 | BJ16: =BI16+E16+U16+AW16 -> 21.466 | BK16: =10+BJ16+2.5+2.34+0.5 -> 36.806 | BL16: =10+BJ16+2+1.528 -> 34.994 | BM16: =ROUNDUP(BK16,0) -> 37 | BN16: =ROUNDUP(BL16,0) -> 35 | BO16: =ROUNDUP(10+BJ16+1,0) -> 33 | BP16: =BO16+2 -> 35 | BQ16: =ROUNDUP(10.476*2+C16+1.5*2,0) -> 51 | BR16: =ROUNDUP((4.049+1)*2+C16,0) -> 37
A17: 50 | B17: =11.382*2 -> 22.764 | C17: 26.76 | D17: 0.625 | E17: 0.118 | M17: =9.606*2 -> 19.212 | N17: 90 | O17: 4 | U17: 15.571 | X17: =9.055*2 -> 18.11 | Y17: =10.118*2 -> 20.236 | AA17: =B17*0.05 -> 1.1382 | AB17: =B17*0.6 -> 13.6584 | AC17: =B17*0.11 -> 2.50404 | AD17: =B17*0.11 -> 2.50404 | AE17: 0.079 | AF17: =$B17*0.22 -> 5.00808 | AG17: =$B17*0.25 -> 5.691 | AH17: =$B17*0.014 -> 0.318696 | AI17: =B17*0.006 -> 0.136584 | AJ17: =B17*0.08 -> 1.82112 | AK17: 65 | AL17: =B17*0.62 -> 14.11368 | AW17: 4.374 | BB17: =$B17*0.39 -> 8.87796 | BC17: =BC15+0.03 -> 0.798 | BD17: =$B17*1.4 -> 31.8696 | BE17: =$B17*0.55 -> 12.5202 | BF17: =$B17*0.91 -> 20.71524 | BG17: 8.6850394 | BI17: 1.403 | BJ17: =BI17+E17+U17+AW17 -> 21.466 | BK17: =10+BJ17+2.5+2.34+0.5 -> 36.806 | BL17: =10+BJ17+2+1.528 -> 34.994 | BM17: =ROUNDUP(BK17,0) -> 37 | BN17: =ROUNDUP(BL17,0) -> 35 | BO17: =ROUNDUP(10+BJ17+1,0) -> 33 | BP17: =BO17+2 -> 35 | BQ17: =ROUNDUP(10.476*2+C17+1.5*2,0) -> 51 | BR17: =ROUNDUP((4.049+1)*2+C17,0) -> 37
A18: 560 | B18: 25.04 | C18: 31.496 | D18: 0.591 | E18: 0.108 | F18: 0.433 | G18: 0.984 | H18: 3 | I18: 14.764 | J18: 5.157 | K18: 4.33 | L18: 1.89 | M18: =Y18*0.9 -> 18.252 | N18: 60 | O18: 6 | Q18: 2.48 | R18: 1.414 | S18: 3.14 | T18: 4.912 | U18: 17.911 | V18: 24.803 | W18: 1.181 | X18: =B18*0.7 -> 17.528 | Y18: 20.28 | Z18: 6.63 | AA18: =B18*0.05 -> 1.252 | AB18: =B18*0.6 -> 15.024 | AC18: =B18*0.11 -> 2.7544 | AD18: =B18*0.11 -> 2.7544 | AE18: 0.079 | AF18: =$B18*0.22 -> 5.5088 | AG18: =$B18*0.25 -> 6.26 | AH18: =$B18*0.014 -> 0.35056 | AI18: =B18*0.006 -> 0.15024 | AJ18: =B18*0.08 -> 2.0032 | AK18: 65 | AL18: =B18*0.62 -> 15.5248 | AM18: 25.039 | AN18: 8.681 | AO18: 7.394 | AQ18: 1.135 | AR18: 0.472 | AS18: 2.006 | AT18: 0.197 | AU18: 9.225 | AV18: =6.353*2 -> 12.706 | AW18: 4.383 | AX18: 10.341 | AY18: 10.706 | AZ18: 11.08 | BA18: 0.301 | BB18: =$B18*0.39 -> 9.7656 | BC18: =BC16+0.03 -> 0.828 | BD18: =$B18*1.4 -> 35.056 | BE18: =$B18*0.55 -> 13.772 | BF18: =$B18*0.91 -> 22.7864 | BG18: 8.6792441 | BI18: 1.403 | BJ18: =BI18+E18+U18+AW18 -> 23.805 | BK18: =10+BJ18+2.5+2.34+0.5 -> 39.145 | BL18: =10+BJ18+2+1.528 -> 37.333 | BM18: =ROUNDUP(BK18,0) -> 40 | BN18: =ROUNDUP(BL18,0) -> 38 | BO18: =ROUNDUP(10+BJ18+1,0) -> 35 | BP18: =BO18+2 -> 37 | BQ18: =ROUNDUP(10.476*2+C18+1.5*2,0) -> 56 | BR18: =ROUNDUP((4.049+1)*2+C18,0) -> 42
A19: 56 | B19: =12.653*2 -> 25.306 | C19: 31.496 | D19: 0.591 | E19: 0.108 | F19: 0.433 | G19: 0.984 | H19: 3 | I19: 14.764 | J19: 5.157 | K19: 4.33 | L19: 1.89 | M19: =10.591*2 -> 21.182 | N19: 90 | O19: 8 | Q19: 2.48 | R19: 1.414 | S19: 3.14 | T19: 4.912 | U19: 17.911 | V19: 24.803 | W19: 1.181 | X19: =10.138*2 -> 20.276 | Y19: =11.102*2 -> 22.204 | Z19: 6.63 | AA19: =B19*0.05 -> 1.2653 | AB19: =B19*0.6 -> 15.1836 | AC19: =B19*0.11 -> 2.78366 | AD19: =B19*0.11 -> 2.78366 | AE19: 0.079 | AF19: =$B19*0.22 -> 5.56732 | AG19: =$B19*0.25 -> 6.3265 | AH19: =$B19*0.014 -> 0.354284 | AI19: =B19*0.006 -> 0.151836 | AJ19: =B19*0.08 -> 2.02448 | AK19: 65 | AL19: =B19*0.62 -> 15.68972 | AM19: 25.039 | AN19: 8.681 | AO19: 7.394 | AQ19: 1.135 | AR19: 0.472 | AS19: 2.006 | AT19: 0.197 | AU19: 9.225 | AV19: =6.353*2 -> 12.706 | AW19: 4.383 | AX19: 10.341 | AY19: 10.706 | AZ19: 11.08 | BA19: 0.301 | BB19: =$B19*0.39 -> 9.86934 | BC19: =BC17+0.03 -> 0.828 | BD19: =$B19*1.4 -> 35.4284 | BE19: =$B19*0.55 -> 13.9183 | BF19: =$B19*0.91 -> 23.02846 | BG19: 8.6792441 | BI19: 1.403 | BJ19: =BI19+E19+U19+AW19 -> 23.805 | BK19: =10+BJ19+2.5+2.34+0.5 -> 39.145 | BL19: =10+BJ19+2+1.528 -> 37.333 | BM19: =ROUNDUP(BK19,0) -> 40 | BN19: =ROUNDUP(BL19,0) -> 38 | BO19: =ROUNDUP(10+BJ19+1,0) -> 35 | BP19: =BO19+2 -> 37 | BQ19: =ROUNDUP(10.476*2+C19+1.5*2,0) -> 56 | BR19: =ROUNDUP((4.049+1)*2+C19,0) -> 42
A20: 630 | B20: 28.19 | C20: 31.496 | D20: 0.787 | E20: 0.118 | F20: 0.433 | G20: 1.969 | M20: =Y20*0.9 -> 22.4649 | N20: 60 | O20: 6 | U20: 22.323 | X20: =B20*0.75 -> 21.1425 | Y20: 24.961 | AA20: =B20*0.05 -> 1.4095 | AB20: =B20*0.6 -> 16.914 | AC20: =B20*0.11 -> 3.1009 | AD20: =B20*0.11 -> 3.1009 | AE20: 0.079 | AF20: =$B20*0.22 -> 6.2018 | AG20: =$B20*0.25 -> 7.0475 | AH20: =$B20*0.014 -> 0.39466 | AI20: =B20*0.006 -> 0.16914 | AJ20: =B20*0.08 -> 2.2552 | AK20: 65 | AL20: =B20*0.62 -> 17.4778 | AW20: 5.236 | BB20: =$B20*0.39 -> 10.9941 | BC20: =BC18+0.03 -> 0.858 | BD20: =$B20*1.4 -> 39.466 | BE20: =$B20*0.55 -> 15.5045 | BF20: =$B20*0.91 -> 25.6529 | BG20: 12.22265 | BI20: 1.403 | BJ20: =BI20+E20+U20+AW20 -> 29.08 | BK20: =10+BJ20+2.5+2.34+0.5 -> 44.42 | BL20: =10+BJ20+2+1.528 -> 42.608 | BM20: =ROUNDUP(BK20,0) -> 45 | BN20: =ROUNDUP(BL20,0) -> 43 | BO20: =ROUNDUP(10+BJ20+1,0) -> 41 | BP20: =BO20+2 -> 43 | BQ20: =ROUNDUP(10.476*2+C20+1.5*2,0) -> 56 | BR20: =ROUNDUP((4.049+1)*2+C20,0) -> 42
A21: 63 | B21: =14.162*2 -> 28.324 | C21: 31.496 | D21: 0.787 | E21: 0.118 | F21: 0.433 | G21: 1.969 | M21: =11.811*2 -> 23.622 | N21: 90 | O21: 12 | U21: 22.323 | X21: =11.417*2 -> 22.834 | Y21: =12.48*2 -> 24.96 | AA21: =B21*0.05 -> 1.4162 | AB21: =B21*0.6 -> 16.9944 | AC21: =B21*0.11 -> 3.11564 | AD21: =B21*0.11 -> 3.11564 | AE21: 0.079 | AF21: =$B21*0.22 -> 6.23128 | AG21: =$B21*0.25 -> 7.081 | AH21: =$B21*0.014 -> 0.396536 | AI21: =B21*0.006 -> 0.169944 | AJ21: =B21*0.08 -> 2.26592 | AK21: 65 | AL21: =B21*0.62 -> 17.56088 | AW21: 5.236 | BB21: =$B21*0.39 -> 11.04636 | BC21: =BC19+0.03 -> 0.858 | BD21: =$B21*1.4 -> 39.6536 | BE21: =$B21*0.55 -> 15.5782 | BF21: =$B21*0.91 -> 25.77484 | BG21: 12.22265 | BI21: 1.403 | BJ21: =BI21+E21+U21+AW21 -> 29.08 | BK21: =10+BJ21+2.5+2.34+0.5 -> 44.42 | BL21: =10+BJ21+2+1.528 -> 42.608 | BM21: =ROUNDUP(BK21,0) -> 45 | BN21: =ROUNDUP(BL21,0) -> 43 | BO21: =ROUNDUP(10+BJ21+1,0) -> 41 | BP21: =BO21+2 -> 43 | BQ21: =ROUNDUP(10.476*2+C21+1.5*2,0) -> 56 | BR21: =ROUNDUP((4.049+1)*2+C21,0) -> 42
A22: 710 | B22: 31.73 | C22: 37.795 | D22: 2 | E22: 0.118 | M22: =Y22*0.9 -> 25.5114 | N22: 60 | O22: 6 | U22: 24.272 | X22: =B22*0.75 -> 23.7975 | Y22: 28.346 | AA22: =B22*0.05 -> 1.5865 | AB22: =B22*0.6 -> 19.038 | AC22: =B22*0.11 -> 3.4903 | AD22: =B22*0.11 -> 3.4903 | AE22: 0.079 | AF22: =$B22*0.22 -> 6.9806 | AG22: =$B22*0.25 -> 7.9325 | AH22: =$B22*0.014 -> 0.44422 | AI22: =B22*0.006 -> 0.19038 | AJ22: =B22*0.08 -> 2.5384 | AK22: 65 | AL22: =B22*0.62 -> 19.6726 | AW22: 5.177 | BB22: =$B22*0.39 -> 12.3747 | BC22: =BC20+0.03 -> 0.888 | BD22: =$B22*1.4 -> 44.422 | BE22: =$B22*0.55 -> 17.4515 | BF22: =$B22*0.91 -> 28.8743 | BG22: 11.435256 | BI22: 2 | BJ22: =BI22+E22+U22+AW22 -> 31.567 | BK22: =10+BJ22+2.5+2.34+0.5 -> 46.907 | BL22: =10+BJ22+2+1.528 -> 45.095 | BM22: =ROUNDUP(BK22,0) -> 47 | BN22: =ROUNDUP(BL22,0) -> 46 | BO22: =ROUNDUP(10+BJ22+1,0) -> 43 | BP22: =BO22+2 -> 45 | BQ22: =ROUNDUP(10.476*2+C22+1.5*2,0) -> 62 | BR22: =ROUNDUP((4.049+1)*2+C22,0) -> 48
A23: 800 | B23: 35.79 | C23: 37.795 | D23: 1.083 | E23: 0.118 | F23: 0.433 | G23: 1.575 | M23: =Y23*0.9 -> 25.5114 | N23: 60 | O23: 6 | U23: 25.709 | X23: =B23*0.7 -> 25.053 | Y23: 28.346 | AA23: =B23*0.05 -> 1.7895 | AB23: =B23*0.6 -> 21.474 | AC23: =B23*0.11 -> 3.9369 | AD23: =B23*0.11 -> 3.9369 | AE23: 0.079 | AF23: =$B23*0.22 -> 7.8738 | AG23: =$B23*0.25 -> 8.9475 | AH23: =$B23*0.014 -> 0.50106 | AI23: =B23*0.006 -> 0.21474 | AJ23: =B23*0.08 -> 2.8632 | AK23: 65 | AL23: =B23*0.62 -> 22.1898 | AW23: 4.685 | BB23: =$B23*0.39 -> 13.9581 | BC23: =BC22+0.03 -> 0.918 | BD23: =$B23*1.4 -> 50.106 | BE23: =$B23*0.55 -> 19.6845 | BF23: =$B23*0.91 -> 32.5689 | BG23: 14.978563 | BI23: 1.403 | BJ23: =BI23+E23+U23+AW23 -> 31.915 | BK23: =10+BJ23+2.5+2.34+0.5 -> 47.255 | BL23: =10+BJ23+2+1.528 -> 45.443 | BM23: =ROUNDUP(BK23,0) -> 48 | BN23: =ROUNDUP(BL23,0) -> 46 | BO23: =ROUNDUP(10+BJ23+1,0) -> 43 | BP23: =BO23+2 -> 45 | BQ23: =ROUNDUP(10.476*2+C23+1.5*2,0) -> 62 | BR23: =ROUNDUP((4.049+1)*2+C23,0) -> 48
A24: 900 | B24: 39.61 | C24: 46.457 | D24: 1.299 | E24: 0.118 | M24: =Y24*0.9 -> 31.8897 | N24: 60 | O24: 6 | U24: 24.016 | X24: =B24*0.75 -> 29.7075 | Y24: 35.433 | AA24: =B24*0.05 -> 1.9805 | AB24: =B24*0.6 -> 23.766 | AC24: =B24*0.11 -> 4.3571 | AD24: =B24*0.11 -> 4.3571 | AE24: 0.079 | AF24: =$B24*0.22 -> 8.7142 | AG24: =$B24*0.25 -> 9.9025 | AH24: =$B24*0.014 -> 0.55454 | AI24: =B24*0.006 -> 0.23766 | AJ24: =B24*0.08 -> 3.1688 | AK24: 65 | AL24: =B24*0.62 -> 24.5582 | AW24: 4.882 | BB24: =$B24*0.39 -> 15.4479 | BC24: =BC23+0.03 -> 0.948 | BD24: =$B24*1.4 -> 55.454 | BE24: =$B24*0.55 -> 21.7855 | BF24: =$B24*0.91 -> 36.0451 | BG24: 14.584571 | BI24: 1.403 | BJ24: =BI24+E24+U24+AW24 -> 30.419 | BK24: =10+BJ24+2.5+2.34+0.5 -> 45.759 | BL24: =10+BJ24+2+1.528 -> 43.947 | BM24: =ROUNDUP(BK24,0) -> 46 | BN24: =ROUNDUP(BL24,0) -> 44 | BO24: =ROUNDUP(10+BJ24+1,0) -> 42 | BP24: =BO24+2 -> 44 | BQ24: =ROUNDUP(10.476*2+C24+1.5*2,0) -> 71 | BR24: =ROUNDUP((4.049+1)*2+C24,0) -> 57
M26: estimated values | P26: Darkened areas not used anymore
B39: 25,250,280,31,310,35,355,40,400,45,450,50,500,56,560,63,630,710,800,900

Sheet Fan Lookup2
D1: 1 | E1: 2 | F1: 3 | G1: 4 | H1: 5 | I1: 6 | J1: 7 | K1: 8 | L1: 9 | M1: 10 | N1: 11 | O1: 12 | P1: 13 | Q1: 14 | R1: 15 | S1: 16 | T1: 17 | U1: 18 | V1: 19 | W1: 20 | X1: 21 | Y1: 22 | Z1: 23 | AA1: 24 | AB1: 25 | AC1: 26 | AD1: 27 | AE1: 28 | AF1: 29 | AG1: 30 | AH1: 31 | AI1: 32 | AJ1: 33 | AK1: 34 | AL1: 35 | AM1: 36 | AN1: 37 | AO1: 38 | AP1: 39
B2: Fan Size | C2: Voltage | D2: Fan Model | E2: Inlet Plate H&W | F2: Mtr Plate H&W | G2: Total Length Inlet to back | H2: Btwn Plates | I2: Inlet Plate Flng | J2: Plate Thk | K2: Mtr Plate Flng | L2: Inlet Mnt Hole Qty | M2: Inlet Mnt Hole Spacing | N2: Inlet Mnt Hole Start | O2: Inlet Mnt Hole Size | P2: side hrdwr ext. | Q2: Frame hrdwr to side | R2: Frame hrdwr 1 spacing | S2: Frame hrdwr 2 spacing | T2: Frame hrdwr dia. | U2: Mtr dia. | V2: back of mtr to inlet face | W2: WD | X2: Frame style oval/angle | Y2: Collar style | Z2: non "W" back of mtr to inlet face | AA2: Locate WAGO Connector | AE2: Damper
E3: FAN_A | F3: FAN_T | G3: FAN_TL | H3: FAN_S | I3: FAN_B | J3: FAN_C | K3: FAN_U | L3: FAN_F | M3: FAN_G | N3: FAN_E | O3: FAN_D | P3: FAN_SD | Q3: FAN_H | R3: FAN_J | S3: FAN_I | T3: FAN_HD | U3: FAN_AW | V3: FAN_LG | W3: FAN_WD | X3: FAN_FS | Y3: FAN_CS | Z3: FAN_LG_orig | AA3: WAGO_Dist1 | AB3: WAGO_Dist2 | AC3: WAGO_Dist3 | AD3: WAGO_Dist4 | AE3: OpeningOS | AF3: DamperSize
D4: =IF(OR(KW=4.5,KW=8),LEFT('001-013'!S15,14),'001-013'!S15) -> EG1R-480-450-48 | E4: =VLOOKUP($D$4,$D5:$AP$127,E1,FALSE) -> 24.803 | F4: =VLOOKUP($D$4,$D5:$AP$127,F1,FALSE) -> 19.685 | G4: =VLOOKUP($D$4,$D5:$AP$127,G1,FALSE) -> 17.128 | H4: =VLOOKUP($D$4,$D5:$AP$127,H1,FALSE) -> 13.807 | I4: =VLOOKUP($D$4,$D5:$AP$127,I1,FALSE) -> 0.591 | J4: =VLOOKUP($D$4,$D5:$AP$127,J1,FALSE) -> 0.12 | K4: =VLOOKUP($D$4,$D5:$AP$127,K1,FALSE) -> 1.181 | L4: =VLOOKUP($D$4,$D5:$AP$127,L1,FALSE) -> 3 | ... AD4: =VLOOKUP($D$4,$D5:$AP$127,AD1,FALSE) -> 0 | AE4: =(('Excel Calc'!V8)-DamperSize)/2 -> -0.125 | AF4: =VLOOKUP(D4,D5:AF111,29,FALSE) -> 24.25
B5: 250 | C5: 380-480 | D5: EG1R-480-250-12 | E5: 15.75 | F5: 12.6 | G5: 10.45 | H5: 8.122 | I5: =J5+0.03 -> 0.13 | J5: 0.1 | K5: 1.181 | L5: 2 | M5: 13.78 | N5: =IF(L5=2,M5/2,M5) -> 6.89 | O5: 0.43 | P5: 0 | Q5: 2.195 | R5: 1.063 | S5: 3 | T5: 0.41 | U5: 6.5 | V5: =G5-I5+J5 -> 10.42 | W5: 11.18 | X5: 1 | Y5: 1 | Z5: 10.454 | AF5: 15.25
B6: 250 | C6: 200-240 | D6: EG1R-240-250-12 | E6: 15.75 | F6: 12.6 | G6: 10.45 | H6: 8.122 | I6: =J6+0.03 -> 0.13 | J6: 0.1 | K6: 1.181 | L6: 2 | M6: 13.78 | N6: =IF(L6=2,M6/2,M6) -> 6.89 | O6: 0.43 | P6: 0 | Q6: 2.195 | R6: 1.063 | S6: 3 | T6: 0.41 | U6: 6.5 | V6: =G6-I6+J6 -> 10.42 | W6: 11.18 | X6: 1 | Y6: 1 | Z6: 10.454 | AF6: 15.25
B7: 25 | D7: GR25C | E7: 15.748 | F7: 12.283 | G7: 10.233 | H7: 8.307 | I7: 0.394 | J7: 0.079 | K7: 0.63 | L7: 2 | M7: 14.449 | N7: =IF(L7=2,M7/2,M7) -> 7.2245 | O7: 0.43 | P7: 0 | Q7: 1.591 | R7: 3.008 | S7: 1.45 | T7: 0.41 | U7: 5.621 | V7: =G7 -> 10.233 | W7: =5.709*2 -> 11.418 | X7: 4 | Y7: 3 | AF7: 14
B8: 280 | C8: 380-480 | D8: EG1R-480-280-12 | E8: 15.75 | F8: 12.6 | G8: 11.805 | H8: 9.48 | I8: =J8+0.03 -> 0.13 | J8: 0.1 | K8: 1.181 | L8: 2 | M8: 13.78 | N8: =IF(L8=2,M8/2,M8) -> 6.89 | O8: 0.43 | P8: 0 | Q8: 2.1949 | R8: 1.063 | S8: 3 | T8: 0.41 | U8: 6.5 | V8: =G8-I8+J8 -> 11.775 | W8: 12.56 | X8: 1 | Y8: 1 | Z8: 11.813 | AF8: 15.25
B9: 280 | C9: 200-240 | D9: EG1R-240-280-12 | E9: 15.75 | F9: 12.6 | G9: 11.805 | H9: 9.48 | I9: =J9+0.03 -> 0.13 | J9: 0.1 | K9: 1.181 | L9: 2 | M9: 13.78 | N9: =IF(L9=2,M9/2,M9) -> 6.89 | O9: 0.43 | P9: 0 | Q9: 2.1949 | R9: 1.063 | S9: 3 | T9: 0.41 | U9: 6.5 | V9: =G9-I9+J9 -> 11.775 | W9: 12.56 | X9: 1 | Y9: 1 | Z9: 11.813 | AF9: 15.25
B10: 310 | C10: 380-480 | D10: EG1R-480-310-35 | E10: 19.69 | F10: 16.54 | G10: 13.5 | H10: 10.18 | I10: 0.591 | J10: 0.118 | K10: 1.181 | L10: 2 | M10: 17.72 | N10: =IF(L10=2,M10/2,M10) -> 8.86 | O10: 0.43 | P10: 0 | Q10: 2.215 | R10: 1.89 | S10: 3 | T10: 0.64 | U10: 8.3 | V10: =G10-I10+J10 -> 13.027 | W10: 14.17 | X10: 1 | Y10: 1 | Z10: 13.027 | AF10: 19.25
B11: 310 | C11: 200-240 | D11: EG1R-240-310-35 | E11: 19.69 | F11: 16.54 | G11: 13.5 | H11: 10.18 | I11: 0.591 | J11: 0.118 | K11: 1.181 | L11: 2 | M11: 17.72 | N11: =IF(L11=2,M11/2,M11) -> 8.86 | O11: 0.43 | P11: 0 | Q11: 2.215 | R11: 1.89 | S11: 3 | T11: 0.64 | U11: 8.3 | V11: =G11-I11+J11 -> 13.027 | W11: 14.17 | X11: 1 | Y11: 1 | Z11: 13.027 | AF11: 19.25
B12: 310G3_4.5 | C12: 200-240 | D12: EG1R-240-310-A | E12: 19.69 | F12: 18.14 | G12: 13.45 | H12: 10.58 | I12: -1 | J12: 0.12 | K12: 2.75 | L12: 3 | M12: 8.86 | N12: 8.86 | O12: 0.43 | P12: 0 | Q12: 2.215 | R12: 1.89 | S12: 3 | T12: 0.64 | U12: 8.3 | V12: =G12-I12+J12 -> 14.57 | W12: 14.17 | X12: 4 | Y12: 3.5 | AF12: =16.25+3 -> 19.25
B13: 310G3_4.5 | C13: 380-480 | D13: EG1R-480-310-A | E13: 19.69 | F13: 18.14 | G13: 13.45 | H13: 10.58 | I13: -1 | J13: 0.12 | K13: 2.75 | L13: 3 | M13: 8.86 | N13: 8.86 | O13: 0.43 | P13: 0 | Q13: 2.215 | R13: 1.89 | S13: 3 | T13: 0.64 | U13: 8.3 | V13: =G13-I13+J13 -> 14.57 | W13: 14.17 | X13: 4 | Y13: 3.5 | AF13: =16.25+3 -> 19.25
B14: 31 | D14: GR31C | E14: 18.504 | F14: 14.764 | G14: 11.614 | H14: 9.311 | I14: 0.591 | J14: 0.098 | K14: 0.787 | L14: 2 | M14: 17.087 | N14: =IF(L14=2,M14/2,M14) -> 8.5435 | O14: 0.43 | P14: 0 | Q14: 1.634 | R14: 2.867 | S14: 1.754 | T14: 0.64 | U14: 6.654 | V14: =G14 -> 11.614 | W14: =7.087*2 -> 14.174 | X14: 4 | Y14: 3 | AF14: 16.25
B15: 355 | C15: 380-480 | D15: EG1R-480-355-32 | E15: 19.69 | F15: 16.54 | G15: 14.4 | H15: 11.2 | I15: 0.591 | J15: 0.108 | K15: 1.181 | L15: 2 | M15: 17.72 | N15: =IF(L15=2,M15/2,M15) -> 8.86 | O15: 0.43 | P15: 0 | Q15: 2.103 | R15: 1.89 | S15: 3 | T15: 0.64 | U15: 9.2 | V15: =G15-I15+J15 -> 13.917 | W15: 15.91 | X15: 1 | Y15: 1 | Z15: 13.917 | AF15: 19.25
B16: 355 | C16: 200-240 | D16: EG1R-240-355-32 | E16: 19.69 | F16: 16.54 | G16: 14.4 | H16: 11.2 | I16: 0.591 | J16: 0.108 | K16: 1.181 | L16: 2 | M16: 17.72 | N16: =IF(L16=2,M16/2,M16) -> 8.86 | O16: 0.43 | P16: 0 | Q16: 2.103 | R16: 1.89 | S16: 3 | T16: 0.64 | U16: 9.2 | V16: =G16-I16+J16 -> 13.917 | W16: 15.91 | X16: 1 | Y16: 1 | Z16: 13.917 | AF16: 19.25
B17: 355G3_4.5 | C17: 200-240 | D17: EG1R-240-355-A | E17: 19.69 | F17: 18.14 | G17: 14.66 | H17: 11.79 | I17: -1 | J17: 0.12 | K17: 2.75 | L17: 3 | M17: 8.86 | N17: 8.86 | O17: 0.43 | P17: 0 | Q17: 2.27 | R17: 1.85 | S17: 3 | T17: 0.64 | U17: 9.2 | V17: =G17-I17+J17 -> 15.78 | W17: 15.91 | X17: 4 | Y17: 3.5 | AF17: =16.25+3 -> 19.25
B18: 355G3_4.5 | C18: 380-480 | D18: EG1R-480-355-A | E18: 19.69 | F18: 18.14 | G18: 14.66 | H18: 11.79 | I18: -1 | J18: 0.12 | K18: 2.75 | L18: 3 | M18: 8.86 | N18: 8.86 | O18: 0.43 | P18: 0 | Q18: 2.27 | R18: 1.85 | S18: 3 | T18: 0.64 | U18: 9.2 | V18: =G18-I18+J18 -> 15.78 | W18: 15.91 | X18: 4 | Y18: 3.5 | AF18: =16.25+3 -> 19.25
B19: 35 | D19: GR35C | E19: 19.685 | F19: 16.339 | G19: 12.441 | H19: 10.138 | I19: 0.591 | J19: 0.098 | K19: 0.984 | L19: 2 | M19: 18.504 | N19: =IF(L19=2,M19/2,M19) -> 9.252 | O19: 0.43 | P19: 0 | Q19: 1.516 | R19: 4.204 | S19: 1.754 | T19: 0.64 | U19: 6.654 | V19: =G19 -> 12.441 | W19: =7.992*2 -> 15.984 | X19: 4 | Y19: 3 | AF19: 16.25
B20: 400 | C20: 380-480 | D20: EG1R-480-400-48 | E20: 21.69 | F20: 16.54 | G20: 15.934 | H20: 12.59 | I20: 0.591 | J20: 0.108 | K20: 1.181 | L20: 2 | M20: 19.72 | N20: =IF(L20=2,M20/2,M20) -> 9.86 | O20: 0.43 | P20: 0 | Q20: 3.103 | R20: 1.89 | S20: 3 | T20: 0.64 | U20: 9.3 | V20: =G20-I20+J20 -> 15.451 | W20: 17.91 | X20: 1 | Y20: 1 | Z20: 15.451 | AF20: 21.25
B21: 400 | C21: 200-240 | D21: EG1R-240-400-48 | E21: 21.69 | F21: 16.54 | G21: 15.934 | H21: 12.59 | I21: 0.591 | J21: 0.108 | K21: 1.181 | L21: 2 | M21: 19.72 | N21: =IF(L21=2,M21/2,M21) -> 9.86 | O21: 0.43 | P21: 0 | Q21: 3.103 | R21: 1.89 | S21: 3 | T21: 0.64 | U21: 9.3 | V21: =G21-I21+J21 -> 15.451 | W21: 17.91 | X21: 1 | Y21: 1 | Z21: 15.451 | AF21: 21.25
B22: 400G3_4.5 | C22: 200-240 | D22: EG1R-240-400-A | E22: 19.69 | F22: 18.14 | G22: 15.81 | H22: 12.94 | I22: -1 | J22: 0.12 | K22: 2.75 | L22: 3 | M22: 8.86 | N22: 8.86 | O22: 0.43 | P22: 0 | Q22: 1.77 | R22: 1.85 | S22: 3 | T22: 0.64 | U22: 9.3 | V22: =G22-I22+J22 -> 16.93 | W22: 17.91 | X22: 4 | Y22: 3.5 | AF22: =16.25+3 -> 19.25
B23: 400G3_4.5 | C23: 380-480 | D23: EG1R-480-400-A | E23: 19.69 | F23: 18.14 | G23: 15.81 | H23: 12.94 | I23: -1 | J23: 0.12 | K23: 2.75 | L23: 3 | M23: 8.86 | N23: 8.86 | O23: 0.43 | P23: 0 | Q23: 1.77 | R23: 1.85 | S23: 3 | T23: 0.64 | U23: 9.3 | V23: =G23-I23+J23 -> 16.93 | W23: 17.91 | X23: 4 | Y23: 3.5 | AF23: =16.25+3 -> 19.25
B24: 40 | D24: GR40C | E24: 21.654 | F24: 18.11 | G24: 14.488 | H24: 11.614 | I24: 0.591 | J24: 0.118 | K24: 0.984 | L24: 2 | M24: 20.433 | N24: =IF(L24=2,M24/2,M24) -> 10.2165 | O24: 0.43 | P24: 0 | Q24: 1.555 | R24: 4.538 | S24: 1.977 | T24: 0.64 | U24: 8.953 | V24: =G24 -> 14.488 | W24: =8.985*2 -> 17.97 | X24: 4 | Y24: 3 | AF24: 18
B25: 450 | C25: 380-480 | D25: EG1R-480-450-48 | E25: 24.803 | F25: 19.685 | G25: 17.128 | H25: 13.807 | I25: 0.591 | J25: 0.12 | K25: 1.181 | L25: 3 | M25: 11.417 | N25: =IF(L25=2,M25/2,M25) -> 11.417 | O25: 0.43 | P25: 0 | Q25: 3.173 | R25: 1.89 | S25: 3 | T25: 0.64 | U25: 9.2 | V25: =G25-I25+J25 -> 16.657 | W25: 19.88 | X25: 1 | Y25: 1 | Z25: 16.657 | AF25: 24.25
B26: 450 | C26: 380-480 | D26: EG1R-480-450-68 | E26: 24.803 | F26: 20.5 | G26: 19.11 | H26: 14.083 | I26: 0.591 | J26: 0.12 | K26: 1.181 | L26: 3 | M26: 11.417 | N26: =IF(L26=2,M26/2,M26) -> 11.417 | O26: 0.43 | P26: 0 | Q26: 3.14 | R26: 1.17 | S26: 3.842 | T26: 0.64 | U26: 10.9 | V26: =G26-I26+J26 -> 18.639 | W26: 19.88 | X26: 2 | Y26: 1 | Z26: 18.639 | AF26: 24.25
B27: 450 | C27: 200-240 | D27: EG1R-240-450-48 | E27: 24.803 | F27: 19.685 | G27: 17.128 | H27: 13.807 | I27: 0.591 | J27: 0.12 | K27: 1.181 | L27: 3 | M27: 11.417 | N27: =IF(L27=2,M27/2,M27) -> 11.417 | O27: 0.43 | P27: 0 | Q27: 3.173 | R27: 1.89 | S27: 3 | T27: 0.64 | U27: 9.2 | V27: =G27-I27+J27 -> 16.657 | W27: 19.88 | X27: 1 | Y27: 1 | Z27: 16.657 | AF27: 24.25
B28: 450 | C28: 200-240 | D28: EG1R-240-450-68 | E28: 24.803 | F28: 20.5 | G28: 19.11 | H28: 14.083 | I28: 0.591 | J28: 0.12 | K28: 1.181 | L28: 3 | M28: 11.417 | N28: =IF(L28=2,M28/2,M28) -> 11.417 | O28: 0.43 | P28: 0 | Q28: 3.14 | R28: 1.17 | S28: 3.842 | T28: 0.64 | U28: 10.9 | V28: =G28-I28+J28 -> 18.639 | W28: 19.88 | X28: 2 | Y28: 1 | Z28: 18.639 | AF28: 24.25
B29: 450G3_4.5 | C29: 200-240 | D29: EG1R-240-450-A | E29: 24.8 | F29: 23.24 | G29: 17.34 | H29: 14.47 | I29: -1 | J29: 0.12 | K29: 2.75 | L29: 3 | M29: 11.415 | N29: 11.415 | O29: 0.43 | P29: 0 | Q29: 1.98 | R29: 1.85 | S29: 3 | T29: 0.64 | U29: 10.9 | V29: =G29-I29+J29 -> 18.46 | W29: 19.88 | X29: 4 | Y29: 3.5 | AF29: 24.25
B30: 450G3_4.5 | C30: 380-480 | D30: EG1R-480-450-A | E30: 24.8 | F30: 23.24 | G30: 17.34 | H30: 14.47 | I30: -1 | J30: 0.12 | K30: 2.75 | L30: 3 | M30: 11.415 | N30: 11.415 | O30: 0.43 | P30: 0 | Q30: 1.98 | R30: 1.85 | S30: 3 | T30: 0.64 | U30: 10.9 | V30: =G30-I30+J30 -> 18.46 | W30: 19.88 | X30: 4 | Y30: 3.5 | AF30: 24.25
B31: 450G3_8 | C31: 200-240 | D31: EG1R-240-450-B | E31: 24.8 | F31: 19.38 | G31: 21.1835 | H31: 17.348 | I31: -1 | J31: 0.135 | K31: 2.231 | L31: 3 | M31: 11.415 | N31: 11.415 | O31: 0.43 | P31: 0 | Q31: 2.455 | R31: 1.9 | S31: 3 | T31: 0.7756 | U31: 10.92 | V31: 21.1835 | W31: 20.86 | X31: 1.5 | Y31: 3.5 | AF31: 24.25
B32: 450G3_8 | C32: 380-480 | D32: EG1R-480-450-B | E32: 24.8 | F32: 19.38 | G32: 21.1835 | H32: 17.348 | I32: -1 | J32: 0.135 | K32: 2.231 | L32: 3 | M32: 11.415 | N32: 11.415 | O32: 0.43 | P32: 0 | Q32: 2.455 | R32: 1.9 | S32: 3 | T32: 0.7756 | U32: 10.92 | V32: 21.1835 | W32: 20.86 | X32: 1.5 | Y32: 3.5 | AF32: 24.25
B33: 45 | D33: GR45C | E33: 24.803 | F33: 20.315 | G33: 15.61 | H33: 12.736 | I33: 0.591 | J33: 0.118 | K33: 0.984 | L33: 2 | M33: 22.835 | N33: =IF(L33=2,M33/2,M33) -> 11.4175 | O33: 0.43 | P33: 0 | Q33: 1.909 | R33: 5.039 | S33: 1.977 | T33: 0.64 | U33: 8.953 | V33: =G33 -> 15.61 | W33: =10.127*2 -> 20.254 | X33: 4 | Y33: 3 | AF33: 21
B34: 500 | C34: 380-480 | D34: EG1R-480-500-48 | E34: 26.76 | F34: 20.87 | G34: 17.6151 | H34: 14.26 | I34: 0.625 | J34: 0.108 | K34: 1 | L34: 3 | M34: 12.396 | N34: =IF(L34=2,M34/2,M34) -> 12.396 | O34: 0.43 | P34: 0 | Q34: 3.475 | R34: 1.89 | S34: 3 | T34: 0.64 | U34: 9.2 | V34: =G34-I34+J34 -> 17.0981 | W34: 22.28 | X34: 1 | Y34: 1 | Z34: 17.0981 | AF34: 26.25
B35: 500 | C35: 380-480 | D35: EG1R-480-500-58 | E35: 26.76 | F35: 22.047 | G35: 20.904 | H35: 15.857 | I35: 0.591 | J35: 0.12 | K35: 1.181 | L35: 3 | M35: 12.412 | N35: =IF(L35=2,M35/2,M35) -> 12.412 | O35: 0.43 | P35: 0 | Q35: 3.341 | R35: 1.168 | S35: 3.841 | T35: 0.64 | U35: 10.7 | V35: =G35-I35+J35 -> 20.433 | W35: 22.28 | X35: 2 | Y35: 1 | Z35: 20.433 | AF35: 26.25
B36: 500 | C36: 200-240 | D36: EG1R-240-500-48 | E36: 26.76 | F36: 20.87 | G36: 17.6171 | H36: 14.26 | I36: 0.625 | J36: 0.108 | K36: 1 | L36: 3 | M36: 12.396 | N36: =IF(L36=2,M36/2,M36) -> 12.396 | O36: 0.43 | P36: 0 | Q36: 3.475 | R36: 1.89 | S36: 3 | T36: 0.64 | U36: 9.2 | V36: =G36-I36+J36 -> 17.1001 | W36: 22.28 | X36: 1 | Y36: 1 | Z36: 17.1001 | AF36: 26.25
B37: 500 | C37: 200-240 | D37: EG1R-240-500-58 | E37: 26.76 | F37: 22.047 | G37: 20.904 | H37: 15.857 | I37: 0.591 | J37: 0.12 | K37: 1.181 | L37: 3 | M37: 12.412 | N37: =IF(L37=2,M37/2,M37) -> 12.412 | O37: 0.43 | P37: 0 | Q37: 3.341 | R37: 1.168 | S37: 3.841 | T37: 0.64 | U37: 10.7 | V37: =G37-I37+J37 -> 20.433 | W37: 22.28 | X37: 2 | Y37: 1 | Z37: 20.433 | AF37: 26.25
B38: 500G3_4.5 | C38: 200-240 | D38: EG1R-240-500-A | E38: 24.8 | F38: 23.24 | G38: 18.58 | H38: 15.71 | I38: -1 | J38: 0.12 | K38: 2.75 | L38: 3 | M38: 11.415 | N38: 11.415 | O38: 0.43 | P38: 0 | Q38: 1.98 | R38: 1.85 | S38: 3 | T38: 0.64 | U38: 10.7 | V38: =G38-I38+J38 -> 19.7 | W38: 22.28 | X38: 4 | Y38: 3.5 | AF38: 24.25
B39: 500G3_4.5 | C39: 380-480 | D39: EG1R-480-500-A | E39: 24.8 | F39: 23.24 | G39: 18.58 | H39: 15.71 | I39: -1 | J39: 0.12 | K39: 2.75 | L39: 3 | M39: 11.415 | N39: 11.415 | O39: 0.43 | P39: 0 | Q39: 1.98 | R39: 1.85 | S39: 3 | T39: 0.64 | U39: 10.7 | V39: =G39-I39+J39 -> 19.7 | W39: 22.28 | X39: 4 | Y39: 3.5 | AF39: 24.25
B40: 500G3_8 | C40: 200-240 | D40: EG1R-240-500-B | E40: 24.8 | F40: 19.25 | G40: 23.7544 | H40: 19.957 | I40: -1 | J40: 0.135 | K40: 2.231 | L40: 3 | M40: 11.415 | N40: 11.415 | O40: 0.43 | P40: 0 | Q40: 2.308 | R40: 1.9 | S40: 3 | T40: 0.7756 | U40: 10.92 | V40: 23.7544 | W40: 23.03 | X40: 1.5 | Y40: 3.5 | AF40: 24.25
B41: 500G3_8 | C41: 380-480 | D41: EG1R-480-500-B | E41: 24.8 | F41: 19.25 | G41: 23.7544 | H41: 19.957 | I41: -1 | J41: 0.135 | K41: 2.231 | L41: 3 | M41: 11.415 | N41: 11.415 | O41: 0.43 | P41: 0 | Q41: 2.308 | R41: 1.9 | S41: 3 | T41: 0.7756 | U41: 10.92 | V41: 23.7544 | W41: 23.03 | X41: 1.5 | Y41: 3.5 | AF41: 24.25
B42: 50 | D42: GR50C | E42: 26.378 | F42: 22.835 | G42: 16.949 | H42: 14.075 | I42: 0.984 | J42: 0.118 | K42: 1.181 | L42: 2 | M42: 25 | N42: =IF(L42=2,M42/2,M42) -> 12.5 | O42: 0.43 | P42: 0 | Q42: 1.535 | R42: 5.512 | S42: 2.171 | T42: 0.64 | U42: 8.97 | V42: =G42 -> 16.949 | W42: =11.382*2 -> 22.764 | X42: 4 | Y42: 3 | AF42: 23
B43: 560 | C43: 380-480 | D43: EG1R-480-560-48 | E43: 30.66 | F43: 24.8 | G43: 20.24 | H43: 16.52 | I43: 1 | J43: 0.12 | K43: 0.591 | L43: 3 | M43: 13.83 | N43: =IF(L43=2,M43/2,M43) -> 13.83 | O43: 0.43 | P43: 0 | Q43: 3.437 | R43: 1.89 | S43: 3 | T43: 0.64 | U43: 9.2 | V43: =G43-I43+J43 -> 19.36 | W43: 25.04 | X43: 1 | Y43: 1 | Z43: 19.36 | AF43: 30.25
B44: 560 | C44: 380-480 | D44: EG1R-480-560-68 | E44: 31.5 | F44: 24.8 | G44: 22.95 | H44: 17.911 | I44: 0.591 | J44: 0.12 | K44: 1.181 | L44: 3 | M44: 14.764 | N44: =IF(L44=2,M44/2,M44) -> 14.764 | O44: 0.43 | P44: 0 | Q44: 4.33 | R44: 1.17 | S44: 3.842 | T44: 0.64 | U44: 10.7 | V44: =G44-I44+J44 -> 22.479 | W44: 25.04 | X44: 2 | Y44: 1 | Z44: 22.479 | AF44: 31.25
B45: 560 | C45: 200-240 | D45: EG1R-240-560-48 | E45: 30.66 | F45: 24.8 | G45: 20.24 | H45: 16.52 | I45: 1 | J45: 0.12 | K45: 0.591 | L45: 3 | M45: 13.83 | N45: =IF(L45=2,M45/2,M45) -> 13.83 | O45: 0.43 | P45: 0 | Q45: 3.437 | R45: 1.89 | S45: 3 | T45: 0.64 | U45: 9.2 | V45: =G45-I45+J45 -> 19.36 | W45: 25.04 | X45: 1 | Y45: 1 | Z45: 19.36 | AF45: 30.25
B46: 560 | C46: 200-240 | D46: EG1R-240-560-68 | E46: 31.5 | F46: 24.8 | G46: 22.95 | H46: 17.911 | I46: 0.591 | J46: 0.12 | K46: 1.181 | L46: 3 | M46: 14.764 | N46: =IF(L46=2,M46/2,M46) -> 14.764 | O46: 0.43 | P46: 0 | Q46: 4.33 | R46: 1.17 | S46: 3.842 | T46: 0.64 | U46: 10.7 | V46: =G46-I46+J46 -> 22.479 | W46: 25.04 | X46: 2 | Y46: 1 | Z46: 22.479 | AF46: 31.25
B47: 560G3_4.5 | C47: 200-240 | D47: EG1R-240-560-A | E47: 31.5 | F47: 27.5 | G47: 20 | H47: 17.12 | I47: -1 | J47: 0.135 | K47: 2.75 | L47: 3 | M47: 14.765 | N47: 14.765 | O47: 0.43 | P47: 0 | Q47: 2.78 | R47: 1.85 | S47: 3 | T47: 0.64 | U47: 10.7 | V47: =G47-I47+J47 -> 21.135 | W47: 25.04 | X47: 4 | Y47: 3.5 | AF47: 31.25
B48: 560G3_4.5 | C48: 380-480 | D48: EG1R-480-560-A | E48: 31.5 | F48: 27.5 | G48: 20 | H48: 17.12 | I48: -1 | J48: 0.135 | K48: 2.75 | L48: 3 | M48: 14.765 | N48: 14.765 | O48: 0.43 | P48: 0 | Q48: 2.78 | R48: 1.85 | S48: 3 | T48: 0.64 | U48: 10.7 | V48: =G48-I48+J48 -> 21.135 | W48: 25.04 | X48: 4 | Y48: 3.5 | AF48: 31.25
B49: 560G3_8 | C49: 200-240 | D49: EG1R-240-560-B | E49: 31.5 | F49: 20.02 | G49: 25.1756 | H49: 21.379 | I49: -1 | J49: 0.135 | K49: 1.7695 | L49: 3 | M49: 14.765 | N49: 14.765 | O49: 0.43 | P49: 0 | Q49: 3.34 | R49: 1.9 | S49: 3 | T49: 0.7756 | U49: 10.92 | V49: 25.1756 | W49: 25.79 | X49: 1.5 | Y49: 3.5 | AF49: 31.25
B50: 560G3_8 | C50: 380-480 | D50: EG1R-480-560-B | E50: 31.5 | F50: 20.02 | G50: 25.1756 | H50: 21.379 | I50: -1 | J50: 0.135 | K50: 1.7695 | L50: 3 | M50: 14.765 | N50: 14.765 | O50: 0.43 | P50: 0 | Q50: 3.34 | R50: 1.9 | S50: 3 | T50: 0.7756 | U50: 10.92 | V50: 25.1756 | W50: 25.79 | X50: 1.5 | Y50: 3.5 | AF50: 31.25
B51: 56 | D51: GR56C | E51: 28.74 | F51: 25.394 | G51: 18.996 | H51: 15.295 | I51: 0.984 | J51: 0.157 | K51: 1.181 | L51: 2 | M51: 27.126 | N51: =IF(L51=2,M51/2,M51) -> 13.563 | O51: 0.43 | P51: 0 | Q51: 1.732 | R51: 5.735 | S51: 2.394 | T51: 0.64 | U51: 8.953 | V51: =G51 -> 18.996 | W51: =12.653*2 -> 25.306 | X51: 4 | Y51: 3 | AF51: 27.75
B52: 630 | C52: 380-480 | D52: EG1R-480-630-33 | E52: 31.496 | F52: 26.391 | G52: 20.9 | H52: 17.594 | I52: 0.59 | J52: 0.12 | K52: 0.591 | L52: 3 | M52: 14.764 | N52: =IF(L52=2,M52/2,M52) -> 14.764 | O52: 0.43 | P52: 0 | Q52: 3.059 | R52: 1.89 | S52: 3 | T52: 0.64 | U52: 9.2 | V52: =G52-I52+J52 -> 20.43 | W52: 28.19 | X52: 1 | Y52: 1 | Z52: 20.43 | AF52: 31.25
B53: 630 | C53: 380-480 | D53: K3G630-AQ01-05 | E53: 29.921 | F53: 29.291 | G53: 26.043 | H53: 19.843 | I53: 0.787 | J53: 0.197 | K53: 5.413 | L53: 3 | M53: 12.992 | N53: =IF(L53=2,M53/2,M53) -> 12.992 | O53: 0.43 | P53: 0.098 | Q53: 1.102 | R53: 2.784 | S53: 3 | T53: 0.8 | U53: 10.75 | V53: =G53-I53+J53 -> 25.453 | W53: 28.19 | X53: 3 | Y53: 2 | Z53: 25.453 | AF53: 29.25
B54: 630 | C54: 380-480 | D54: K3G630-AR02-01 | E54: 29.921 | F54: 29.291 | G54: 25.374 | H54: =G54-J54-K54 -> 19.843 | I54: 0.787 | J54: 0.118 | K54: 5.413 | L54: 3 | M54: 12.992 | N54: =IF(L54=2,M54/2,M54) -> 12.992 | O54: 0.43 | P54: 0.098 | Q54: 1.102 | R54: 2.784 | S54: 3 | T54: 0.8 | U54: 10.72 | V54: 24.39 | W54: 28.19 | X54: 3 | Y54: 3 | Z54: 24.39 | AF54: 29.25
B55: 630 | C55: 380-480 | D55: K3G630-AS05-01 | E55: 29.921 | F55: 29.291 | G55: 27.677 | H55: =G55-J55-K55 -> 22.323 | I55: 0.787 | J55: 0.118 | K55: 5.236 | L55: 3 | M55: 12.992 | N55: =IF(L55=2,M55/2,M55) -> 12.992 | O55: 0.43 | P55: 0.098 | Q55: 1.102 | R55: 2.784 | S55: 3 | T55: 0.8 | U55: 15.43 | V55: 27.185 | W55: 28.19 | X55: 3 | Y55: 3 | Z55: 27.185 | AF55: 29.25
B56: 630 | C56: 380-480 | D56: K3G630-AT09-01 | E56: 29.921 | F56: 29.291 | G56: 25.315 | H56: =G56-J56-K56 -> 19.961 | I56: 0.787 | J56: 0.118 | K56: 5.236 | L56: 3 | M56: 12.992 | N56: =IF(L56=2,M56/2,M56) -> 12.992 | O56: 0.43 | P56: 0.098 | Q56: 1.102 | R56: 2.784 | S56: 3 | T56: 0.8 | U56: 15.43 | V56: 24.831 | W56: 28.19 | X56: 3 | Y56: 3 | Z56: 24.831 | AF56: 29.25
B57: 630 | C57: 200-240 | D57: K3G630-AQ03-19 | E57: 29.921 | F57: 29.291 | G57: 26.043 | H57: 19.843 | I57: 0.787 | J57: 0.197 | K57: 5.413 | L57: 3 | M57: 12.992 | N57: =IF(L57=2,M57/2,M57) -> 12.992 | O57: 0.43 | P57: 0.098 | Q57: 1.102 | R57: 2.784 | S57: 3 | T57: 0.8 | U57: 10.75 | V57: =G57-I57+J57 -> 25.453 | W57: 28.19 | X57: 3 | Y57: 2 | Z57: 25.453 | AF57: 29.25
B58: 630G3_4.5 | C58: 380-480 | D58: EG1R-480-630-A | E58: 31.5 | F58: 29.85 | G58: 21.2 | H58: 18.32 | I58: -1 | J58: 0.135 | K58: 2.75 | L58: 3 | M58: =29.53/2 -> 14.765 | N58: =IF(L58=2,M58/2,M58) -> 14.765 | O58: 0.43 | P58: 0 | Q58: 2.06 | R58: 1.85 | S58: 3 | T58: 0.64 | U58: 10.75 | V58: =G58-I58+J58 -> 22.335 | W58: 28.19 | X58: 4 | Y58: 3.5 | AF58: 31.25
B59: 63 | D59: GR63C | E59: 28.74 | F59: 28.74 | G59: 21.929 | H59: 17.402 | I59: 1.772 | J59: 0.157 | K59: 1.772 | L59: 4 | M59: =27.126/2 -> 13.563 | N59: =M59*1.5 -> 20.3445 | O59: 0.43 | P59: 0.25 | Q59: 1.732 | R59: 5.735 | S59: 2.394 | T59: 0.64 | U59: 8.953 | V59: =G59 -> 21.929 | W59: =14.162*2 -> 28.324 | X59: 4 | Y59: 3 | AF59: 28.25
B60: 710 | C60: 380-480 | D60: EG1R-480-710-02 | E60: 37.4 | F60: 33.46 | G60: 23.97 | H60: 19.242 | I60: 2 | J60: 0.179 | K60: 2 | L60: 3 | M60: 17.717 | N60: =IF(L60=2,M60/2,M60) -> 17.717 | O60: 0.43 | P60: 0 | Q60: 3.15 | R60: 4.211 | S60: 5.593 | T60: 0.59 | U60: 9.17 | V60: =G60-I60+J60 -> 22.149 | W60: 31.73 | X60: 2 | Y60: 1 | Z60: 22.149 | AF60: 37.25
B61: 710 | C61: 380-480 | D61: K3G710-AQ01-09 | E61: 37.795 | F61: 37.165 | G61: 27.736 | H61: 22.736 | I61: 0.984 | J61: 0.118 | K61: 4.882 | L61: 3 | M61: 11.811 | N61: =IF(L61=2,M61/2,M61) -> 11.811 | O61: 0.43 | P61: 0.098 | Q61: 1.299 | R61: 2.784 | S61: 3 | T61: 0.8 | U61: 10.72 | V61: 27.283 | W61: 31.73 | X61: 3 | Y61: 4 | Z61: 27.283 | AF61: 37.25
B62: 710 | C62: 380-480 | D62: K3G710-AR03-01 | E62: 37.795 | F62: 37.165 | G62: 27.736 | H62: =G62-J62-K62 -> 22.736 | I62: 0.984 | J62: 0.118 | K62: 4.882 | L62: 3 | M62: 11.811 | N62: =IF(L62=2,M62/2,M62) -> 11.811 | O62: 0.43 | P62: 0.098 | Q62: 1.299 | R62: 2.784 | S62: 3 | T62: 0.8 | U62: 10.72 | V62: 27.283 | W62: 31.73 | X62: 3 | Y62: 4 | Z62: 27.283 | AF62: 37.25
B63: 710 | C63: 380-480 | D63: K3G710-AS06-01 | E63: 37.795 | F63: 37.165 | G63: 29.567 | H63: =G63-J63-K63 -> 24.272 | I63: 0.984 | J63: 0.118 | K63: 5.177 | L63: 3 | M63: 11.811 | N63: =IF(L63=2,M63/2,M63) -> 11.811 | O63: 0.43 | P63: 0.098 | Q63: 1.299 | R63: 2.784 | S63: 3 | T63: 0.8 | U63: 15.36 | V63: =G63-J63-0.25 -> 29.199 | W63: 31.73 | X63: 3 | Y63: 4 | Z63: 29.199 | AF63: 37.25
B64: 710 | C64: 200-240 | D64: K3G710-AQ04-19 | E64: 37.795 | F64: 37.165 | G64: 27.736 | H64: =G64-J64-K64 -> 22.736 | I64: 0.984 | J64: 0.118 | K64: 4.882 | L64: 3 | M64: 11.811 | N64: =IF(L64=2,M64/2,M64) -> 11.811 | O64: 0.43 | P64: 0.098 | Q64: 1.299 | R64: 2.784 | S64: 3 | T64: 0.8 | U64: 10.72 | V64: 27.283 | W64: 31.73 | X64: 3 | Y64: 4 | Z64: 27.283 | AF64: 37.25
B65: 800 | C65: 380-480 | D65: K3G800-AQ03-09 | E65: 37.795 | F65: 37.165 | G65: 30.512 | H65: =G65-J65-K65 -> 25.709 | I65: 0.984 | J65: 0.118 | K65: 4.685 | L65: 3 | M65: 11.811 | N65: =IF(L65=2,M65/2,M65) -> 11.811 | O65: 0.43 | P65: 0.098 | Q65: 1.299 | R65: 2.784 | S65: 3 | T65: 0.8 | U65: 10.72 | V65: 30.256 | W65: 35.79 | X65: 3 | Y65: 4 | Z65: 30.256 | AF65: 37.25
B66: 800 | C66: 380-480 | D66: K3G800-AR08-01 | E66: 37.795 | F66: 37.165 | G66: 30.512 | H66: =G66-J66-K66 -> 25.473 | I66: 0.984 | J66: 0.118 | K66: 4.921 | L66: 3 | M66: 11.811 | N66: =IF(L66=2,M66/2,M66) -> 11.811 | O66: 0.43 | P66: 0.098 | Q66: 1.299 | R66: 2.784 | S66: 3 | T66: 0.8 | U66: 10.72 | V66: 30.256 | W66: 35.79 | X66: 3 | Y66: 4 | Z66: 30.256 | AF66: 37.25
B67: 800 | C67: 380-480 | D67: K3G800-AS07-01 | E67: 37.795 | F67: 37.165 | G67: 29.567 | H67: =G67-J67-K67 -> 24.272 | I67: 0.984 | J67: 0.118 | K67: 5.177 | L67: 3 | M67: 11.811 | N67: =IF(L67=2,M67/2,M67) -> 11.811 | O67: 0.43 | P67: 0.098 | Q67: 1.299 | R67: 2.784 | S67: 3 | T67: 0.8 | U67: 15.433 | V67: 29.134 | W67: 35.79 | X67: 3 | Y67: 4 | Z67: 29.134 | AF67: 37.25
B68: 800 | C68: 200-240 | D68: K3G800-AQ06-19 | E68: 37.795 | F68: 37.165 | G68: 30.512 | H68: =G68-J68-K68 -> 25.709 | I68: 0.984 | J68: 0.118 | K68: 4.685 | L68: 3 | M68: 11.811 | N68: =IF(L68=2,M68/2,M68) -> 11.811 | O68: 0.43 | P68: 0.098 | Q68: 1.299 | R68: 2.784 | S68: 3 | T68: 0.8 | U68: 10.72 | V68: 30.256 | W68: 35.79 | X68: 3 | Y68: 4 | Z68: 30.256 | AF68: 37.25
B69: 900 | C69: 380-480 | D69: K3G900-AQ01-09 | E69: 46.457 | F69: 45.827 | G69: 29.016 | H69: =G69-J69-K69 -> 24.016 | I69: 1.181 | J69: 0.118 | K69: 4.882 | L69: 3 | M69: 15.748 | N69: =IF(L69=2,M69/2,M69) -> 15.748 | O69: 0.43 | P69: 0.098 | Q69: 1.299 | R69: 2.784 | S69: 3 | T69: 0.8 | U69: 10.72 | V69: 28.563 | W69: 39.61 | X69: 3 | Y69: 4 | Z69: 28.563 | AF69: 46.25
B70: 900 | C70: 380-480 | D70: K3G900-AS08-01 | E70: 46.457 | F70: 45.827 | G70: 25.551 | H70: =G70-J70-K70 -> 20.236 | I70: 1.181 | J70: 0.118 | K70: 5.197 | L70: 3 | M70: 15.748 | N70: =IF(L70=2,M70/2,M70) -> 15.748 | O70: 0.43 | P70: 0.098 | Q70: 1.299 | R70: 2.784 | S70: 3 | T70: 0.8 | U70: 15.433 | V70: 25.098 | W70: 39.76 | X70: 3 | Y70: 4 | Z70: 25.098 | AF70: 46.25
B71: 900 | C71: 200-240 | D71: K3G900-AQ07-19 | E71: 46.457 | F71: 45.827 | G71: 29.016 | H71: =G71-J71-K71 -> 24.016 | I71: 1.181 | J71: 0.118 | K71: 4.882 | L71: 3 | M71: 15.748 | N71: =IF(L71=2,M71/2,M71) -> 15.748 | O71: 0.43 | P71: 0.098 | Q71: 1.299 | R71: 2.784 | S71: 3 | T71: 0.8 | U71: 10.72 | V71: 28.563 | W71: 39.61 | X71: 3 | Y71: 4 | Z71: 28.563 | AF71: 46.25
B72: 250 | C72: 380-480 | D72: EG1R-480-250-11W | E72: 17.717 | F72: 12.6 | G72: 11.57 | H72: 7.965 | I72: 1.378 | J72: 0.108 | K72: 1.181 | L72: 2 | M72: 15.748 | N72: =IF(L72=2,M72/2,M72) -> 7.874 | O72: 0.43 | P72: 0 | Q72: 3.179 | R72: 1.063 | S72: 3 | T72: 0.41 | U72: 6.5 | V72: =G72-I72+J72 -> 10.3 | W72: 11.18 | X72: 1 | Y72: 1 | Z72: 10.454 | AA72: 1.56 | AB72: 2.43 | AC72: 4.75 | AD72: 4.48 | AF72: 14
B73: 250 | C73: 200-240 | D73: EG1R-240-250-11W | E73: 17.717 | F73: 12.6 | G73: 11.57 | H73: 7.965 | I73: 1.378 | J73: 0.108 | K73: 1.181 | L73: 2 | M73: 15.748 | N73: =IF(L73=2,M73/2,M73) -> 7.874 | O73: 0.43 | P73: 0 | Q73: 3.179 | R73: 1.063 | S73: 3 | T73: 0.41 | U73: 6.5 | V73: =G73-I73+J73 -> 10.3 | W73: 11.18 | X73: 1 | Y73: 1 | Z73: 10.454 | AA73: 1.56 | AB73: 2.43 | AC73: 4.75 | AD73: 4.48 | AF73: 14
B74: 280 | C74: 380-480 | D74: EG1R480-280-11W | E74: 18.7 | F74: 12.6 | G74: 12.96 | H74: 9.361 | I74: 1.378 | J74: 0.108 | K74: 1.181 | L74: 2 | M74: 16.73 | N74: =IF(L74=2,M74/2,M74) -> 8.365 | O74: 0.43 | P74: 0 | Q74: 3.671 | R74: 1.063 | S74: 3 | T74: 0.41 | U74: 6.5 | V74: =G74-I74+J74 -> 11.69 | W74: 12.56 | X74: 1 | Y74: 1 | Z74: 11.813 | AA74: 1.431 | AB74: 2.43 | AC74: 4.75 | AD74: 3.98 | AF74: 15
B75: 280 | C75: 200-240 | D75: EG1R240-280-11W | E75: 18.7 | F75: 12.6 | G75: 12.96 | H75: 9.361 | I75: 1.378 | J75: 0.108 | K75: 1.181 | L75: 2 | M75: 16.73 | N75: =IF(L75=2,M75/2,M75) -> 8.365 | O75: 0.43 | P75: 0 | Q75: 3.671 | R75: 1.063 | S75: 3 | T75: 0.41 | U75: 6.5 | V75: =G75-I75+J75 -> 11.69 | W75: 12.56 | X75: 1 | Y75: 1 | Z75: 11.813 | AA75: 1.431 | AB75: 2.43 | AC75: 4.75 | AD75: 3.98 | AF75: 15
B76: 310 | C76: 380-480 | D76: EG1R480-310-13W | E76: 19.69 | F76: 16.54 | G76: 14.59 | H76: 10.374 | I76: 1.378 | J76: 0.12 | K76: 1.181 | L76: 2 | M76: 17.72 | N76: =IF(L76=2,M76/2,M76) -> 8.86 | O76: 0.43 | P76: 0 | Q76: 2.215 | R76: 1.89 | S76: 3 | T76: 0.64 | U76: 8.3 | V76: =G76-I76+J76 -> 13.332 | W76: 14.17 | X76: 1 | Y76: 1 | Z76: 13.027 | AA76: 1.79 | AB76: 1.93 | AC76: 4.63 | AD76: 4.32 | AF76: 16.25
B77: 310 | C77: 200-240 | D77: EG1R240-310-13W | E77: 19.69 | F77: 16.54 | G77: 12.85 | H77: 8.651 | I77: 1.378 | J77: 0.12 | K77: 1.181 | L77: 2 | M77: 17.72 | N77: =IF(L77=2,M77/2,M77) -> 8.86 | O77: 0.43 | P77: 0 | Q77: 2.215 | R77: 1.89 | S77: 3 | T77: 0.64 | U77: 8.3 | V77: =G77-I77+J77 -> 11.592 | W77: 14.17 | X77: 1 | Y77: 1 | Z77: 13.027 | AA77: 1.79 | AB77: 1.93 | AC77: 4.63 | AD77: 4.32 | AF77: 16.25
B78: 355 | C78: 380-480 | D78: EG1R480-355-12W | E78: 19.69 | F78: 16.54 | G78: 15.41 | H78: 11.2 | I78: 1.378 | J78: 0.12 | K78: 1.181 | L78: 2 | M78: 17.72 | N78: =IF(L78=2,M78/2,M78) -> 8.86 | O78: 0.43 | P78: 0 | Q78: 2.103 | R78: 1.89 | S78: 3 | T78: 0.64 | U78: 9.2 | V78: =G78-I78+J78 -> 14.152 | W78: 15.91 | X78: 1 | Y78: 1 | Z78: 13.917 | AA78: 1.56 | AB78: 2.43 | AC78: 4.25 | AD78: 4.1 | AF78: 16.25
B79: 355 | C79: 200-240 | D79: EG1R240-355-12W | E79: 19.69 | F79: 16.54 | G79: 15.41 | H79: 11.2 | I79: 1.378 | J79: 0.12 | K79: 1.181 | L79: 2 | M79: 17.72 | N79: =IF(L79=2,M79/2,M79) -> 8.86 | O79: 0.43 | P79: 0 | Q79: 2.103 | R79: 1.89 | S79: 3 | T79: 0.64 | U79: 9.2 | V79: =G79-I79+J79 -> 14.152 | W79: 15.91 | X79: 1 | Y79: 1 | Z79: 13.917 | AA79: 1.56 | AB79: 2.43 | AC79: 4.25 | AD79: 4.1 | AF79: 16.25
B80: 400 | C80: 380-480 | D80: EG1R480-400-13W | E80: 21.69 | F80: 16.54 | G80: 16.77 | H80: 12.68 | I80: 1.378 | J80: 0.108 | K80: 1.181 | L80: 2 | M80: 19.72 | N80: =IF(L80=2,M80/2,M80) -> 9.86 | O80: 0.43 | P80: 0 | Q80: 3.103 | R80: 1.89 | S80: 3 | T80: 0.64 | U80: 9.3 | V80: =G80-I80+J80 -> 15.5 | W80: 17.91 | X80: 1 | Y80: 1 | Z80: 15.451 | AA80: 1.67 | AB80: 2.93 | AC80: 5.35 | AD80: 5.09 | AF80: 18
B81: 400 | C81: 200-240 | D81: EG1R240-400-13W | E81: 21.69 | F81: 16.54 | G81: 16.77 | H81: 12.68 | I81: 1.378 | J81: 0.108 | K81: 1.181 | L81: 2 | M81: 19.72 | N81: =IF(L81=2,M81/2,M81) -> 9.86 | O81: 0.43 | P81: 0 | Q81: 3.103 | R81: 1.89 | S81: 3 | T81: 0.64 | U81: 9.3 | V81: =G81-I81+J81 -> 15.5 | W81: 17.91 | X81: 1 | Y81: 1 | Z81: 15.451 | AA81: 1.67 | AB81: 2.93 | AC81: 5.35 | AD81: 5.09 | AF81: 18
B82: 450 | C82: 380-480 | D82: EG1R480-450-13W | E82: 24.803 | F82: 19.685 | G82: 17.9 | H82: 13.807 | I82: 1.378 | J82: 0.12 | K82: 1.181 | L82: 3 | M82: 11.417 | N82: =IF(L82=2,M82/2,M82) -> 11.417 | O82: 0.43 | P82: 0 | Q82: 3.173 | R82: 1.89 | S82: 3 | T82: 0.64 | U82: 9.2 | V82: =G82-I82+J82 -> 16.642 | W82: 19.88 | X82: 1 | Y82: 1 | Z82: 16.657 | AA82: 2.26 | AB82: 3.38 | AC82: 5.42 | AD82: 5.13 | AF82: 21
B83: 450 | C83: 380-480 | D83: EG1R480-450-16W | E83: 24.803 | F83: 20.5 | G83: 19.89 | H83: 14.083 | I83: 1.378 | J83: 0.12 | K83: 1.181 | L83: 3 | M83: 11.417 | N83: =IF(L83=2,M83/2,M83) -> 11.417 | O83: 0.43 | P83: 0 | Q83: 3.14 | R83: 1.17 | S83: 3.842 | T83: 0.64 | U83: 10.9 | V83: =G83-I83+J83 -> 18.632 | W83: 19.88 | X83: 2 | Y83: 1 | Z83: 18.639 | AA83: 1.45 | AB83: 2.43 | AC83: 7.25 | AD83: 7.07 | AF83: 21
... B93: 560 | C93: 200-240 | D93: EG1R240-560-16W | E93: 31.5 | F93: 24.8 | G93: 24.02 | H93: 18.208 | I93: 1.378 | J93: 0.12 | K93: 1.181 | L93: 3 | M93: 14.764 | N93: =IF(L93=2,M93/2,M93) -> 14.764 | O93: 0.43 | P93: 0 | Q93: 4.33 | R93: 1.17 | S93: 3.842 | T93: 0.64 | U93: 10.7 | V93: =G93-I93+J93 -> 22.762 | W93: 25.04 | X93: 2 | Y93: 1 | Z93: 22.479 | AA93: 4.05 | AB93: 3.68 | AC93: 8.46 | AD93: 8.35 | AF93: 27.75
B94: 630 | C94: 380-480 | D94: EG1R480-630-13W | E94: 31.496 | F94: 26.391 | G94: 20.9 | H94: 17.594 | I94: 0.59 | J94: 0.12 | K94: 0.591 | L94: 3 | M94: 14.764 | N94: =IF(L94=2,M94/2,M94) -> 14.764 | O94: 0.43 | P94: 0 | Q94: 3.059 | R94: 1.89 | S94: 3 | T94: 0.64 | U94: 9.2 | V94: =G94-I94+J94 -> 20.43 | W94: 28.19 | X94: 1 | Y94: 1 | Z94: 20.43 | AF94: 28.25
B95: 630 | C95: 380-480 | D95: K3G630-AQ01-05W | E95: 29.921 | F95: 29.291 | G95: 26.043 | H95: 19.843 | I95: 0.787 | J95: 0.197 | K95: 5.413 | L95: 3 | M95: 12.992 | N95: =IF(L95=2,M95/2,M95) -> 12.992 | O95: 0.43 | P95: 0.098 | Q95: 1.102 | R95: 2.784 | S95: 3 | T95: 0.8 | U95: 10.75 | V95: =G95-I95+J95 -> 25.453 | W95: 28.19 | X95: 3 | Y95: 2 | Z95: 25.453 | AF95: 28.25
B96: 630 | C96: 380-480 | D96: K3G630-AR02-01W | E96: 29.921 | F96: 29.291 | G96: 25.374 | H96: =G96-J96-K96 -> 19.843 | I96: 0.787 | J96: 0.118 | K96: 5.413 | L96: 3 | M96: 12.992 | N96: =IF(L96=2,M96/2,M96) -> 12.992 | O96: 0.43 | P96: 0.098 | Q96: 1.102 | R96: 2.784 | S96: 3 | T96: 0.8 | U96: 10.72 | V96: 24.39 | W96: 28.19 | X96: 3 | Y96: 3 | Z96: 24.39 | AF96: 28.25
B97: 630 | C97: 380-480 | D97: K3G630-AS05-01W | E97: 29.921 | F97: 29.291 | G97: 27.677 | H97: =G97-J97-K97 -> 22.323 | I97: 0.787 | J97: 0.118 | K97: 5.236 | L97: 3 | M97: 12.992 | N97: =IF(L97=2,M97/2,M97) -> 12.992 | O97: 0.43 | P97: 0.098 | Q97: 1.102 | R97: 2.784 | S97: 3 | T97: 0.8 | U97: 15.43 | V97: 27.185 | W97: 28.19 | X97: 3 | Y97: 3 | Z97: 27.185 | AF97: 28.25
B98: 630 | C98: 380-480 | D98: K3G630-AT09-01W | E98: 29.921 | F98: 29.291 | G98: 25.315 | H98: =G98-J98-K98 -> 19.961 | I98: 0.787 | J98: 0.118 | K98: 5.236 | L98: 3 | M98: 12.992 | N98: =IF(L98=2,M98/2,M98) -> 12.992 | O98: 0.43 | P98: 0.098 | Q98: 1.102 | R98: 2.784 | S98: 3 | T98: 0.8 | U98: 15.43 | V98: 24.831 | W98: 28.19 | X98: 3 | Y98: 3 | Z98: 24.831 | AF98: 28.25
B99: 630 | C99: 200-240 | D99: K3G630-AQ03-19W | E99: 29.921 | F99: 29.291 | G99: 26.043 | H99: 19.843 | I99: 0.787 | J99: 0.197 | K99: 5.413 | L99: 3 | M99: 12.992 | N99: =IF(L99=2,M99/2,M99) -> 12.992 | O99: 0.43 | P99: 0.098 | Q99: 1.102 | R99: 2.784 | S99: 3 | T99: 0.8 | U99: 10.75 | V99: =G99-I99+J99 -> 25.453 | W99: 28.19 | X99: 3 | Y99: 2 | Z99: 25.453 | AF99: 28.25
B100: 710 | C100: 380-480 | D100: EG1R480-710-13W | E100: 37.4 | F100: 33.46 | G100: 23.97 | H100: 19.242 | I100: 2 | J100: 0.179 | K100: 2 | L100: 3 | M100: 17.717 | N100: =IF(L100=2,M100/2,M100) -> 17.717 | O100: 0.43 | P100: 0 | Q100: 3.15 | R100: 4.211 | S100: 5.593 | T100: 0.59 | U100: 9.17 | V100: =G100-I100+J100 -> 22.149 | W100: 31.73 | X100: 2 | Y100: 1 | Z100: 22.149 | AF100: 33.75
B101: 710 | C101: 380-480 | D101: K3G710-AQ01-09W | E101: 37.795 | F101: 37.165 | G101: 27.736 | H101: 22.736 | I101: 0.984 | J101: 0.118 | K101: 4.882 | L101: 3 | M101: 11.811 | N101: =IF(L101=2,M101/2,M101) -> 11.811 | O101: 0.43 | P101: 0.098 | Q101: 1.299 | R101: 2.784 | S101: 3 | T101: 0.8 | U101: 10.72 | V101: 27.283 | W101: 31.73 | X101: 3 | Y101: 4 | Z101: 27.283 | AF101: 33.75
B102: 710 | C102: 380-480 | D102: K3G710-AR03-01W | E102: 37.795 | F102: 37.165 | G102: 27.736 | H102: =G102-J102-K102 -> 22.736 | I102: 0.984 | J102: 0.118 | K102: 4.882 | L102: 3 | M102: 11.811 | N102: =IF(L102=2,M102/2,M102) -> 11.811 | O102: 0.43 | P102: 0.098 | Q102: 1.299 | R102: 2.784 | S102: 3 | T102: 0.8 | U102: 10.72 | V102: 27.283 | W102: 31.73 | X102: 3 | Y102: 4 | Z102: 27.283 | AF102: 33.75
B103: 710 | C103: 380-480 | D103: K3G710-AS06-01W | E103: 37.795 | F103: 37.165 | G103: 29.567 | H103: =G103-J103-K103 -> 24.272 | I103: 0.984 | J103: 0.118 | K103: 5.177 | L103: 3 | M103: 11.811 | N103: =IF(L103=2,M103/2,M103) -> 11.811 | O103: 0.43 | P103: 0.098 | Q103: 1.299 | R103: 2.784 | S103: 3 | T103: 0.8 | U103: 15.36 | V103: =G103-J103-0.25 -> 29.199 | W103: 31.73 | X103: 3 | Y103: 4 | Z103: 29.199 | AF103: 33.75
B104: 710 | C104: 200-240 | D104: K3G710-AQ04-19W | E104: 37.795 | F104: 37.165 | G104: 27.736 | H104: =G104-J104-K104 -> 22.736 | I104: 0.984 | J104: 0.118 | K104: 4.882 | L104: 3 | M104: 11.811 | N104: =IF(L104=2,M104/2,M104) -> 11.811 | O104: 0.43 | P104: 0.098 | Q104: 1.299 | R104: 2.784 | S104: 3 | T104: 0.8 | U104: 10.72 | V104: 27.283 | W104: 31.73 | X104: 3 | Y104: 4 | Z104: 27.283 | AF104: 33.75
B105: 800 | C105: 380-480 | D105: K3G800-AQ03-09W | E105: 37.795 | F105: 37.165 | G105: 30.512 | H105: =G105-J105-K105 -> 25.709 | I105: 0.984 | J105: 0.118 | K105: 4.685 | L105: 3 | M105: 11.811 | N105: =IF(L105=2,M105/2,M105) -> 11.811 | O105: 0.43 | P105: 0.098 | Q105: 1.299 | R105: 2.784 | S105: 3 | T105: 0.8 | U105: 10.72 | V105: 30.256 | W105: 35.79 | X105: 3 | Y105: 4 | Z105: 30.256 | AF105: 33.75
B106: 800 | C106: 380-480 | D106: K3G800-AR08-01W | E106: 37.795 | F106: 37.165 | G106: 30.512 | H106: =G106-J106-K106 -> 25.473 | I106: 0.984 | J106: 0.118 | K106: 4.921 | L106: 3 | M106: 11.811 | N106: =IF(L106=2,M106/2,M106) -> 11.811 | O106: 0.43 | P106: 0.098 | Q106: 1.299 | R106: 2.784 | S106: 3 | T106: 0.8 | U106: 10.72 | V106: 30.256 | W106: 35.79 | X106: 3 | Y106: 4 | Z106: 30.256 | AF106: 33.75
B107: 800 | C107: 380-480 | D107: K3G800-AS07-01W | E107: 37.795 | F107: 37.165 | G107: 29.567 | H107: =G107-J107-K107 -> 24.272 | I107: 0.984 | J107: 0.118 | K107: 5.177 | L107: 3 | M107: 11.811 | N107: =IF(L107=2,M107/2,M107) -> 11.811 | O107: 0.43 | P107: 0.098 | Q107: 1.299 | R107: 2.784 | S107: 3 | T107: 0.8 | U107: 15.433 | V107: 29.134 | W107: 35.79 | X107: 3 | Y107: 4 | Z107: 29.134 | AF107: 33.75
B108: 800 | C108: 200-240 | D108: K3G800-AQ06-19W | E108: 37.795 | F108: 37.165 | G108: 30.512 | H108: =G108-J108-K108 -> 25.709 | I108: 0.984 | J108: 0.118 | K108: 4.685 | L108: 3 | M108: 11.811 | N108: =IF(L108=2,M108/2,M108) -> 11.811 | O108: 0.43 | P108: 0.098 | Q108: 1.299 | R108: 2.784 | S108: 3 | T108: 0.8 | U108: 10.72 | V108: 30.256 | W108: 35.79 | X108: 3 | Y108: 4 | Z108: 30.256 | AF108: 33.75
B109: 900 | C109: 380-480 | D109: K3G900-AQ01-09W | E109: 46.457 | F109: 45.827 | G109: 29.016 | H109: =G109-J109-K109 -> 24.016 | I109: 1.181 | J109: 0.118 | K109: 4.882 | L109: 3 | M109: 15.748 | N109: =IF(L109=2,M109/2,M109) -> 15.748 | O109: 0.43 | P109: 0.098 | Q109: 1.299 | R109: 2.784 | S109: 3 | T109: 0.8 | U109: 10.72 | V109: 28.563 | W109: 39.61 | X109: 3 | Y109: 4 | Z109: 28.563 | AF109: 41.5
...

Sheet 001-013
B1: Page: 001-013 | G1: Edit Manual | K1: PRODUCT: Solution
B2: Title: ECM Fans Purchase Parts | K2: 001-013.xls | L2: Rel/Rev Date: 11-08-16
K3: Revision Level : New | L3: ECN Number : 16-9146
N14: =VLOOKUP(A15,A16:S318,14,FALSE) -> 96
A15: =IF(FANSIZE+0<100,CONCATENATE(FANSIZE+0,"_0_0"),CONCATENATE(FANSIZE+0,"_",MTRVOLT,"_",KW)) -> 450_460_3 | B15: EFFDATE | C15: INFFANTYPE | D15: FANSIZE | E15: VOLTAGE | F15: KW | G15: HP | H15: INLET GUARD/SCREEN | I15: PIEZORING | J15: PART_NUMBER | K15: Description (30 character max) | L15: Extended description 1 (40 character max) | M15: Extended description 2 (40 character max) | N15: Weight | O15: FLA | P15: Nominal RPM | Q15: Power Factor | R15: Efficiency | S15: =VLOOKUP(A15,A16:S318,19,FALSE) -> EG1R-480-450-48 | T15: Compare WAGO P/N to non-WAGO P/N | U15: FanVoltKW
A16: =CONCATENATE(D16,"_",E16,"_",F16) -> 250_460_1 | B16: 42583 | C16: PLENUMRADIPAC | D16: 250 | E16: 460 | F16: 1 | G16: =F16*1.34102 -> 1.34102 | H16: 0 | I16: YES | J16: 026-50033-001 | K16: EBM_250_380-480V_3PH_1KW | L16: WITHOUT_FINGER_INLET_GUARD | M16: EBM_PN:_EG1R-480-250-12 | N16: 22 | O16: 1.17 | P16: 3580 | Q16: 0.81 | R16: 87.6 | S16: =MID(M16,9,50) -> EG1R-480-250-12 | T16: =VLOOKUP(CONCATENATE(A16,"_W"),A16:S$318,19,FALSE) -> EG1R-480-250-11W | U16: 250_460_1
A17: =CONCATENATE(D17,"_",E17,"_",F17) -> 250_460_1 | B17: 42583 | C17: PLENUMRADIPAC | D17: 250 | E17: 460 | F17: 1 | G17: =F17*1.34102 -> 1.34102 | H17: 1 | I17: YES | J17: 026-50033-101 | K17: EBM_250_380-480V_3PH_1KW | L17: WITH_FINGER_INLET_GUARD | M17: EBM_PN:_EG1R-480-250-12 | N17: 22 | O17: 1.17 | P17: 3580 | Q17: 0.81 | R17: 87.6 | S17: =MID(M17,9,50) -> EG1R-480-250-12 | T17: =VLOOKUP(CONCATENATE(A17,"_W"),A17:S$318,19,FALSE) -> EG1R-480-250-11W | U17: 250_460_1
A18: =CONCATENATE(D18,"_",E18,"_",F18) -> 250_208_1 | B18: 42583 | C18: PLENUMRADIPAC | D18: 250 | E18: 208 | F18: 1 | G18: =F18*1.34102 -> 1.34102 | H18: 0 | I18: YES | J18: 026-50033-011 | K18: EBM_250_200-240V_3PH_1KW | L18: WITHOUT_FINGER_INLET_GUARD | M18: EBM_PN:_EG1R-240-250-12 | N18: 22 | O18: 2.69 | P18: 3700 | Q18: 0.83 | R18: 87.2 | S18: =MID(M18,9,50) -> EG1R-240-250-12 | T18: =VLOOKUP(CONCATENATE(A18,"_W"),A18:S$318,19,FALSE) -> EG1R-240-250-11W | U18: 250_208_1
A19: =CONCATENATE(D19,"_",E19,"_",F19) -> 250_208_1 | B19: 42583 | C19: PLENUMRADIPAC | D19: 250 | E19: 208 | F19: 1 | G19: =F19*1.34102 -> 1.34102 | H19: 1 | I19: YES | J19: 026-50033-111 | K19: EBM_250_200-240V_3PH_1KW | L19: WITH_FINGER_INLET_GUARD | M19: EBM_PN:_EG1R-240-250-12 | N19: 22 | O19: 2.69 | P19: 3700 | Q19: 0.83 | R19: 87.2 | S19: =MID(M19,9,50) -> EG1R-240-250-12 | T19: =VLOOKUP(CONCATENATE(A19,"_W"),A19:S$318,19,FALSE) -> EG1R-240-250-11W | U19: 250_208_1
A20: =CONCATENATE(D20,"_",E20,"_",F20) -> 250_230_1 | B20: 42583 | C20: PLENUMRADIPAC | D20: 250 | E20: 230 | F20: 1 | G20: =F20*1.34102 -> 1.34102 | H20: 0 | I20: YES | J20: 026-50033-011 | K20: EBM_250_200-240V_3PH_1KW | L20: WITHOUT_FINGER_INLET_GUARD | M20: EBM_PN:_EG1R-240-250-12 | N20: 22 | O20: 2.43 | P20: 3700 | Q20: 0.83 | R20: 87.2 | S20: =MID(M20,9,50) -> EG1R-240-250-12 | T20: =VLOOKUP(CONCATENATE(A20,"_W"),A20:S$318,19,FALSE) -> EG1R-240-250-11W | U20: 250_230_1
A21: =CONCATENATE(D21,"_",E21,"_",F21) -> 250_230_1 | B21: 42583 | C21: PLENUMRADIPAC | D21: 250 | E21: 230 | F21: 1 | G21: =F21*1.34102 -> 1.34102 | H21: 1 | I21: YES | J21: 026-50033-111 | K21: EBM_250_200-240V_3PH_1KW | L21: WITH_FINGER_INLET_GUARD | M21: EBM_PN:_EG1R-240-250-12 | N21: 22 | O21: 2.43 | P21: 3700 | Q21: 0.83 | R21: 87.2 | S21: =MID(M21,9,50) -> EG1R-240-250-12 | T21: =VLOOKUP(CONCATENATE(A21,"_W"),A21:S$318,19,FALSE) -> EG1R-240-250-11W | U21: 250_230_1
A22: =CONCATENATE(D22,"_",E22,"_",F22) -> 25_0_0 | B22: 42583 | C22: PLENUMRADIPAC | D22: 25 | E22: 0 | F22: 0 | G22: =F22*1.34102 -> 0 | H22: na | I22: na | J22: na | K22: na | L22: na | M22: na | N22: na | O22: na | P22: na | Q22: na | R22: na | S22: GR25C | T22: na | U22: na
A23: =CONCATENATE(D23,"_",E23,"_",F23) -> 280_460_1 | B23: 42583 | C23: PLENUMRADIPAC | D23: 280 | E23: 460 | F23: 1 | G23: =F23*1.34102 -> 1.34102 | H23: 0 | I23: YES | J23: 026-50034-001 | K23: EBM_280_380-480V_3PH_1KW | L23: WITHOUT_FINGER_INLET_GUARD | M23: EBM_PN:_EG1R-480-280-12 | N23: 30 | O23: 1.39 | P23: 3100 | Q23: 0.82 | R23: 87.6 | S23: =MID(M23,9,50) -> EG1R-480-280-12 | T23: =VLOOKUP(CONCATENATE(A23,"_W"),A23:S$318,19,FALSE) -> EG1R480-280-11W | U23: 280_460_1
A24: =CONCATENATE(D24,"_",E24,"_",F24) -> 280_460_1 | B24: 42583 | C24: PLENUMRADIPAC | D24: 280 | E24: 460 | F24: 1 | G24: =F24*1.34102 -> 1.34102 | H24: 1 | I24: YES | J24: 026-50034-101 | K24: EBM_280_380-480V_3PH_1KW | L24: WITH_FINGER_INLET_GUARD | M24: EBM_PN:_EG1R-480-280-12 | N24: 30 | O24: 1.39 | P24: 3100 | Q24: 0.82 | R24: 87.6 | S24: =MID(M24,9,50) -> EG1R-480-280-12 | T24: =VLOOKUP(CONCATENATE(A24,"_W"),A24:S$318,19,FALSE) -> EG1R480-280-11W | U24: 280_460_1
A25: =CONCATENATE(D25,"_",E25,"_",F25) -> 280_208_1 | B25: 42583 | C25: PLENUMRADIPAC | D25: 280 | E25: 208 | F25: 1 | G25: =F25*1.34102 -> 1.34102 | H25: 0 | I25: YES | J25: 026-50034-011 | K25: EBM_280_200-240V_3PH_1KW | L25: WITHOUT_FINGER_INLET_GUARD | M25: EBM_PN:_EG1R-240-280-12 | N25: 30 | O25: 3.17 | P25: 3100 | Q25: 0.83 | R25: 86 | S25: =MID(M25,9,50) -> EG1R-240-280-12 | T25: =VLOOKUP(CONCATENATE(A25,"_W"),A25:S$318,19,FALSE) -> EG1R240-280-11W | U25: 280_208_1
A26: =CONCATENATE(D26,"_",E26,"_",F26) -> 280_208_1 | B26: 42583 | C26: PLENUMRADIPAC | D26: 280 | E26: 208 | F26: 1 | G26: =F26*1.34102 -> 1.34102 | H26: 1 | I26: YES | J26: 026-50034-111 | K26: EBM_280_200-240V_3PH_1KW | L26: WITH_FINGER_INLET_GUARD | M26: EBM_PN:_EG1R-240-280-12 | N26: 30 | O26: 3.17 | P26: 3100 | Q26: 0.83 | R26: 86 | S26: =MID(M26,9,50) -> EG1R-240-280-12 | T26: =VLOOKUP(CONCATENATE(A26,"_W"),A26:S$318,19,FALSE) -> EG1R240-280-11W | U26: 280_208_1
A27: =CONCATENATE(D27,"_",E27,"_",F27) -> 280_230_1 | B27: 42583 | C27: PLENUMRADIPAC | D27: 280 | E27: 230 | F27: 1 | G27: =F27*1.34102 -> 1.34102 | H27: 0 | I27: YES | J27: 026-50034-011 | K27: EBM_280_200-240V_3PH_1KW | L27: WITHOUT_FINGER_INLET_GUARD | M27: EBM_PN:_EG1R-240-280-12 | N27: 30 | O27: 2.87 | P27: 3100 | Q27: 0.83 | R27: 86 | S27: =MID(M27,9,50) -> EG1R-240-280-12 | T27: =VLOOKUP(CONCATENATE(A27,"_W"),A27:S$318,19,FALSE) -> EG1R240-280-11W | U27: 280_230_1
A28: =CONCATENATE(D28,"_",E28,"_",F28) -> 280_230_1 | B28: 42583 | C28: PLENUMRADIPAC | D28: 280 | E28: 230 | F28: 1 | G28: =F28*1.34102 -> 1.34102 | H28: 1 | I28: YES | J28: 026-50034-111 | K28: EBM_280_200-240V_3PH_1KW | L28: WITH_FINGER_INLET_GUARD | M28: EBM_PN:_EG1R-240-280-12 | N28: 30 | O28: 2.87 | P28: 3100 | Q28: 0.83 | R28: 86 | S28: =MID(M28,9,50) -> EG1R-240-280-12 | T28: =VLOOKUP(CONCATENATE(A28,"_W"),A28:S$318,19,FALSE) -> EG1R240-280-11W | U28: 280_230_1
A29: =CONCATENATE(D29,"_",E29,"_",F29) -> 310_460_3 | B29: 42583 | C29: PLENUMRADIPAC | D29: 310 | E29: 460 | F29: 3 | G29: =F29*1.34102 -> 4.02306 | H29: 0 | I29: YES | J29: 026-50035-001 | K29: EBM_310_380-480V_3PH_3KW | L29: WITHOUT_FINGER_INLET_GUARD | M29: EBM_PN:_EG1R-480-310-35 | N29: 46 | O29: 4.26 | P29: 4100 | Q29: 0.95 | R29: 85.5 | S29: =MID(M29,9,50) -> EG1R-480-310-35 | T29: =VLOOKUP(CONCATENATE(A29,"_W"),A29:S$318,19,FALSE) -> EG1R480-310-13W | U29: 310_460_3
A30: =CONCATENATE(D30,"_",E30,"_",F30) -> 310_460_3 | B30: 42583 | C30: PLENUMRADIPAC | D30: 310 | E30: 460 | F30: 3 | G30: =F30*1.34102 -> 4.02306 | H30: 1 | I30: YES | J30: 026-50035-101 | K30: EBM_310_380-480V_3PH_3KW | L30: WITH_FINGER_INLET_GUARD | M30: EBM_PN:_EG1R-480-310-35 | N30: 46 | O30: 4.26 | P30: 4100 | Q30: 0.95 | R30: 85.5 | S30: =MID(M30,9,50) -> EG1R-480-310-35 | T30: =VLOOKUP(CONCATENATE(A30,"_W"),A30:S$318,19,FALSE) -> EG1R480-310-13W | U30: 310_460_3
A31: =CONCATENATE(D31,"_",E31,"_",F31) -> 310_208_3 | B31: 42583 | C31: PLENUMRADIPAC | D31: 310 | E31: 208 | F31: 3 | G31: =F31*1.34102 -> 4.02306 | H31: 0 | I31: YES | J31: 026-50035-011 | K31: EBM_310_200-240V_3PH_3KW | L31: WITHOUT_FINGER_INLET_GUARD | M31: EBM_PN:_EG1R-240-310-35 | N31: 41.5 | O31: 8.17 | P31: 3900 | Q31: 0.95 | R31: 83.6 | S31: =MID(M31,9,50) -> EG1R-240-310-35 | T31: =VLOOKUP(CONCATENATE(A31,"_W"),A31:S$318,19,FALSE) -> EG1R240-310-13W | U31: 310_208_3
A32: =CONCATENATE(D32,"_",E32,"_",F32) -> 310_208_3 | B32: 42583 | C32: PLENUMRADIPAC | D32: 310 | E32: 208 | F32: 3 | G32: =F32*1.34102 -> 4.02306 | H32: 1 | I32: YES | J32: 026-50035-111 | K32: EBM_310_200-240V_3PH_3KW | L32: WITH_FINGER_INLET_GUARD | M32: EBM_PN:_EG1R-240-310-35 | N32: 41.5 | O32: 8.17 | P32: 3900 | Q32: 0.95 | R32: 83.6 | S32: =MID(M32,9,50) -> EG1R-240-310-35 | T32: =VLOOKUP(CONCATENATE(A32,"_W"),A32:S$318,19,FALSE) -> EG1R240-310-13W | U32: 310_208_3
A33: =CONCATENATE(D33,"_",E33,"_",F33) -> 310_230_3 | B33: 42583 | C33: PLENUMRADIPAC | D33: 310 | E33: 230 | F33: 3 | G33: =F33*1.34102 -> 4.02306 | H33: 0 | I33: YES | J33: 026-50035-011 | K33: EBM_310_200-240V_3PH_3KW | L33: WITHOUT_FINGER_INLET_GUARD | M33: EBM_PN:_EG1R-240-310-35 | N33: 41.5 | O33: 7.39 | P33: 3900 | Q33: 0.95 | R33: 83.6 | S33: =MID(M33,9,50) -> EG1R-240-310-35 | T33: =VLOOKUP(CONCATENATE(A33,"_W"),A33:S$318,19,FALSE) -> EG1R240-310-13W | U33: 310_230_3
A34: =CONCATENATE(D34,"_",E34,"_",F34) -> 310_230_3 | B34: 42583 | C34: PLENUMRADIPAC | D34: 310 | E34: 230 | F34: 3 | G34: =F34*1.34102 -> 4.02306 | H34: 1 | I34: YES | J34: 026-50035-111 | K34: EBM_310_200-240V_3PH_3KW | L34: WITH_FINGER_INLET_GUARD | M34: EBM_PN:_EG1R-240-310-35 | N34: 41.5 | O34: 7.39 | P34: 3900 | Q34: 0.95 | R34: 83.6 | S34: =MID(M34,9,50) -> EG1R-240-310-35 | T34: =VLOOKUP(CONCATENATE(A34,"_W"),A34:S$318,19,FALSE) -> EG1R240-310-13W | U34: 310_230_3
A35: =CONCATENATE(D35,"_",E35,"_",F35) -> 31_0_0 | B35: 42583 | C35: PLENUMRADIPAC | D35: 31 | E35: 0 | F35: 0 | G35: =F35*1.34102 -> 0 | H35: na | I35: na | J35: na | K35: na | L35: na | M35: na | N35: na | O35: na | P35: na | Q35: na | R35: na | S35: GR31C | T35: na | U35: na
A36: =CONCATENATE(D36,"_",E36,"_",F36) -> 355_460_3 | B36: 42583 | C36: PLENUMRADIPAC | D36: 355 | E36: 460 | F36: 3 | G36: =F36*1.34102 -> 4.02306 | H36: 0 | I36: YES | J36: 026-50036-001 | K36: EBM_355_380-480V_3PH_3KW | L36: WITHOUT_FINGER_INLET_GUARD | M36: EBM_PN:_EG1R-480-355-32 | N36: 61 | O36: 2.26 | P36: 2600 | Q36: 0.94 | R36: 87.5 | S36: =MID(M36,9,50) -> EG1R-480-355-32 | T36: =VLOOKUP(CONCATENATE(A36,"_W"),A36:S$318,19,FALSE) -> EG1R480-355-12W | U36: 355_460_3
A37: =CONCATENATE(D37,"_",E37,"_",F37) -> 355_460_3 | B37: 42583 | C37: PLENUMRADIPAC | D37: 355 | E37: 460 | F37: 3 | G37: =F37*1.34102 -> 4.02306 | H37: 1 | I37: YES | J37: 026-50036-101 | K37: EBM_355_380-480V_3PH_3KW | L37: WITH_FINGER_INLET_GUARD | M37: EBM_PN:_EG1R-480-355-32 | N37: 61 | O37: 2.26 | P37: 2600 | Q37: 0.94 | R37: 87.5 | S37: =MID(M37,9,50) -> EG1R-480-355-32 | T37: =VLOOKUP(CONCATENATE(A37,"_W"),A37:S$318,19,FALSE) -> EG1R480-355-12W | U37: 355_460_3
A38: =CONCATENATE(D38,"_",E38,"_",F38) -> 355_208_3 | B38: 42583 | C38: PLENUMRADIPAC | D38: 355 | E38: 208 | F38: 3 | G38: =F38*1.34102 -> 4.02306 | H38: 0 | I38: YES | J38: 026-50036-011 | K38: EBM_355_200-240V_3PH_3KW | L38: WITHOUT_FINGER_INLET_GUARD | M38: EBM_PN:_EG1R-240-355-32 | N38: 61 | O38: 5 | P38: 2600 | Q38: 0.94 | R38: 87 | S38: =MID(M38,9,50) -> EG1R-240-355-32 | T38: =VLOOKUP(CONCATENATE(A38,"_W"),A38:S$318,19,FALSE) -> EG1R240-355-12W | U38: 355_208_3
A39: =CONCATENATE(D39,"_",E39,"_",F39) -> 355_208_3 | B39: 42583 | C39: PLENUMRADIPAC | D39: 355 | E39: 208 | F39: 3 | G39: =F39*1.34102 -> 4.02306 | H39: 1 | I39: YES | J39: 026-50036-111 | K39: EBM_355_200-240V_3PH_3KW | L39: WITH_FINGER_INLET_GUARD | M39: EBM_PN:_EG1R-240-355-32 | N39: 61 | O39: 5 | P39: 2600 | Q39: 0.94 | R39: 87 | S39: =MID(M39,9,50) -> EG1R-240-355-32 | T39: =VLOOKUP(CONCATENATE(A39,"_W"),A39:S$318,19,FALSE) -> EG1R240-355-12W | U39: 355_208_3
A40: =CONCATENATE(D40,"_",E40,"_",F40) -> 355_230_3 | B40: 42583 | C40: PLENUMRADIPAC | D40: 355 | E40: 230 | F40: 3 | G40: =F40*1.34102 -> 4.02306 | H40: 0 | I40: YES | J40: 026-50036-011 | K40: EBM_355_200-240V_3PH_3KW | L40: WITHOUT_FINGER_INLET_GUARD | M40: EBM_PN:_EG1R-240-355-32 | N40: 61 | O40: 4.52 | P40: 2600 | Q40: 0.94 | R40: 87 | S40: =MID(M40,9,50) -> EG1R-240-355-32 | T40: =VLOOKUP(CONCATENATE(A40,"_W"),A40:S$318,19,FALSE) -> EG1R240-355-12W | U40: 355_230_3
A41: =CONCATENATE(D41,"_",E41,"_",F41) -> 355_230_3 | B41: 42583 | C41: PLENUMRADIPAC | D41: 355 | E41: 230 | F41: 3 | G41: =F41*1.34102 -> 4.02306 | H41: 1 | I41: YES | J41: 026-50036-111 | K41: EBM_355_200-240V_3PH_3KW | L41: WITH_FINGER_INLET_GUARD | M41: EBM_PN:_EG1R-240-355-32 | N41: 61 | O41: 4.52 | P41: 2600 | Q41: 0.94 | R41: 87 | S41: =MID(M41,9,50) -> EG1R-240-355-32 | T41: =VLOOKUP(CONCATENATE(A41,"_W"),A41:S$318,19,FALSE) -> EG1R240-355-12W | U41: 355_230_3
A42: =CONCATENATE(D42,"_",E42,"_",F42) -> 35_0_0 | B42: 42583 | C42: PLENUMRADIPAC | D42: 35 | E42: 0 | F42: 0 | G42: =F42*1.34102 -> 0 | H42: na | I42: na | J42: na | K42: na | L42: na | M42: na | N42: na | O42: na | P42: na | Q42: na | R42: na | S42: GR35C | T42: na | U42: na
A43: =CONCATENATE(D43,"_",E43,"_",F43) -> 400_460_3 | B43: 42583 | C43: PLENUMRADIPAC | D43: 400 | E43: 460 | F43: 3 | G43: =F43*1.34102 -> 4.02306 | H43: 0 | I43: YES | J43: 026-50037-001 | K43: EBM_400_380-480V_3PH_3KW | L43: WITHOUT_FINGER_INLET_GUARD | M43: EBM_PN:_EG1R-480-400-48 | N43: 87 | O43: 4 | P43: 2550 | Q43: 0.94 | R43: 88.3 | S43: =MID(M43,9,50) -> EG1R-480-400-48 | T43: =VLOOKUP(CONCATENATE(A43,"_W"),A43:S$318,19,FALSE) -> EG1R480-400-13W | U43: 400_460_3
A44: =CONCATENATE(D44,"_",E44,"_",F44) -> 400_460_3 | B44: 42583 | C44: PLENUMRADIPAC | D44: 400 | E44: 460 | F44: 3 | G44: =F44*1.34102 -> 4.02306 | H44: 1 | I44: YES | J44: 026-50037-101 | K44: EBM_400_380-480V_3PH_3KW | L44: WITH_FINGER_INLET_GUARD | M44: EBM_PN:_EG1R-480-400-48 | N44: 87 | O44: 4 | P44: 2550 | Q44: 0.94 | R44: 88.3 | S44: =MID(M44,9,50) -> EG1R-480-400-48 | T44: =VLOOKUP(CONCATENATE(A44,"_W"),A44:S$318,19,FALSE) -> EG1R480-400-13W | U44: 400_460_3
A45: =CONCATENATE(D45,"_",E45,"_",F45) -> 400_208_3 | B45: 42583 | C45: PLENUMRADIPAC | D45: 400 | E45: 208 | F45: 3 | G45: =F45*1.34102 -> 4.02306 | H45: 0 | I45: YES | J45: 026-50037-011 | K45: EBM_400_200-240V_3PH_3KW | L45: WITHOUT_FINGER_INLET_GUARD | M45: EBM_PN:_EG1R-240-400-48 | N45: 87 | O45: 9.33 | P45: 2550 | Q45: 0.93 | R45: 86.2 | S45: =MID(M45,9,50) -> EG1R-240-400-48 | T45: =VLOOKUP(CONCATENATE(A45,"_W"),A45:S$318,19,FALSE) -> EG1R240-400-13W | U45: 400_208_3
A46: =CONCATENATE(D46,"_",E46,"_",F46) -> 400_208_3 | B46: 42583 | C46: PLENUMRADIPAC | D46: 400 | E46: 208 | F46: 3 | G46: =F46*1.34102 -> 4.02306 | H46: 1 | I46: YES | J46: 026-50037-111 | K46: EBM_400_200-240V_3PH_3KW | L46: WITH_FINGER_INLET_GUARD | M46: EBM_PN:_EG1R-240-400-48 | N46: 87 | O46: 9.33 | P46: 2550 | Q46: 0.93 | R46: 86.2 | S46: =MID(M46,9,50) -> EG1R-240-400-48 | T46: =VLOOKUP(CONCATENATE(A46,"_W"),A46:S$318,19,FALSE) -> EG1R240-400-13W | U46: 400_208_3
A47: =CONCATENATE(D47,"_",E47,"_",F47) -> 400_230_3 | B47: 42583 | C47: PLENUMRADIPAC | D47: 400 | E47: 230 | F47: 3 | G47: =F47*1.34102 -> 4.02306 | H47: 0 | I47: YES | J47: 026-50037-011 | K47: EBM_400_200-240V_3PH_3KW | L47: WITHOUT_FINGER_INLET_GUARD | M47: EBM_PN:_EG1R-240-400-48 | N47: 87 | O47: 8.43 | P47: 2550 | Q47: 0.93 | R47: 86.2 | S47: =MID(M47,9,50) -> EG1R-240-400-48 | T47: =VLOOKUP(CONCATENATE(A47,"_W"),A47:S$318,19,FALSE) -> EG1R240-400-13W | U47: 400_230_3
A48: =CONCATENATE(D48,"_",E48,"_",F48) -> 400_230_3 | B48: 42583 | C48: PLENUMRADIPAC | D48: 400 | E48: 230 | F48: 3 | G48: =F48*1.34102 -> 4.02306 | H48: 1 | I48: YES | J48: 026-50037-111 | K48: EBM_400_200-240V_3PH_3KW | L48: WITH_FINGER_INLET_GUARD | M48: EBM_PN:_EG1R-240-400-48 | N48: 87 | O48: 8.43 | P48: 2550 | Q48: 0.93 | R48: 86.2 | S48: =MID(M48,9,50) -> EG1R-240-400-48 | T48: =VLOOKUP(CONCATENATE(A48,"_W"),A48:S$318,19,FALSE) -> EG1R240-400-13W | U48: 400_230_3
A49: =CONCATENATE(D49,"_",E49,"_",F49) -> 40_0_0 | B49: 42583 | C49: PLENUMRADIPAC | D49: 40 | E49: 0 | F49: 0 | G49: =F49*1.34102 -> 0 | H49: na | I49: na | J49: na | K49: na | L49: na | M49: na | N49: na | O49: na | P49: na | Q49: na | R49: na | S49: GR40C | T49: na | U49: na
A50: =CONCATENATE(D50,"_",E50,"_",F50) -> 450_460_3 | B50: 42583 | C50: PLENUMRADIPAC | D50: 450 | E50: 460 | F50: 3 | G50: =F50*1.34102 -> 4.02306 | H50: 0 | I50: YES | J50: 026-50038-001 | K50: EBM_450_380-480V_3PH_3KW | L50: WITHOUT_FINGER_INLET_GUARD | M50: EBM_PN:_EG1R-480-450-48 | N50: 96 | O50: 3.65 | P50: 2040 | Q50: 0.94 | R50: 88.8 | S50: =MID(M50,9,50) -> EG1R-480-450-48 | T50: =VLOOKUP(CONCATENATE(A50,"_W"),A50:S$318,19,FALSE) -> EG1R480-450-13W | U50: 450_460_3
A51: =CONCATENATE(D51,"_",E51,"_",F51) -> 450_460_6 | B51: 42583 | C51: PLENUMRADIPAC | D51: 450 | E51: 460 | F51: 6 | G51: =F51*1.34102 -> 8.04612 | H51: 0 | I51: YES | J51: 026-50038-002 | K51: EBM_450_380-480V_3PH_6KW | L51: WITHOUT_FINGER_INLET_GUARD | M51: EBM_PN:_EG1R-480-450-68 | N51: 128 | O51: 7.22 | P51: 2750 | Q51: 0.94 | R51: 88.8 | S51: =MID(M51,9,50) -> EG1R-480-450-68 | T51: =VLOOKUP(CONCATENATE(A51,"_W"),A51:S$318,19,FALSE) -> EG1R480-450-16W | U51: 450_460_6
A52: =CONCATENATE(D52,"_",E52,"_",F52) -> 450_460_3 | B52: 42583 | C52: PLENUMRADIPAC | D52: 450 | E52: 460 | F52: 3 | G52: =F52*1.34102 -> 4.02306 | H52: 1 | I52: YES | J52: 026-51038-101 | K52: EBM_450_380-480V_3PH_3KW | L52: WITH_FINGER_INLET_GUARD | M52: EBM_PN:_EG1R-480-450-48 | N52: 96 | O52: 3.65 | P52: 2040 | Q52: 0.94 | R52: 88.8 | S52: =MID(M52,9,50) -> EG1R-480-450-48 | T52: =VLOOKUP(CONCATENATE(A52,"_W"),A52:S$318,19,FALSE) -> EG1R480-450-13W | U52: 450_460_3
A53: =CONCATENATE(D53,"_",E53,"_",F53) -> 450_460_6 | B53: 42583 | C53: PLENUMRADIPAC | D53: 450 | E53: 460 | F53: 6 | G53: =F53*1.34102 -> 8.04612 | H53: 1 | I53: YES | J53: 026-51038-102 | K53: EBM_450_380-480V_3PH_6KW | L53: WITH_FINGER_INLET_GUARD | M53: EBM_PN:_EG1R-480-450-68 | N53: 128 | O53: 7.22 | P53: 2750 | Q53: 0.94 | R53: 88.8 | S53: =MID(M53,9,50) -> EG1R-480-450-68 | T53: =VLOOKUP(CONCATENATE(A53,"_W"),A53:S$318,19,FALSE) -> EG1R480-450-16W | U53: 450_460_6
A54: =CONCATENATE(D54,"_",E54,"_",F54) -> 450_208_3 | B54: 42583 | C54: PLENUMRADIPAC | D54: 450 | E54: 208 | F54: 3 | G54: =F54*1.34102 -> 4.02306 | H54: 0 | I54: YES | J54: 026-50038-011 | K54: EBM_450_200-240V_3PH_3KW | L54: WITHOUT_FINGER_INLET_GUARD | M54: EBM_PN:_EG1R-240-450-48 | N54: 96 | O54: 8.08 | P54: 2040 | Q54: 0.95 | R54: 87.2 | S54: =MID(M54,9,50) -> EG1R-240-450-48 | T54: =VLOOKUP(CONCATENATE(A54,"_W"),A54:S$318,19,FALSE) -> EG1R240-450-13W | U54: 450_208_3
A55: =CONCATENATE(D55,"_",E55,"_",F55) -> 450_208_6 | B55: 42583 | C55: PLENUMRADIPAC | D55: 450 | E55: 208 | F55: 6 | G55: =F55*1.34102 -> 8.04612 | H55: 0 | I55: YES | J55: 026-50038-012 | K55: EBM_450_200-240V_3PH_6KW | L55: WITHOUT_FINGER_INLET_GUARD | M55: EBM_PN:_EG1R-240-450-68 | N55: 128 | O55: 16.35 | P55: 2750 | Q55: 0.95 | R55: 87 | S55: =MID(M55,9,50) -> EG1R-240-450-68 | T55: =VLOOKUP(CONCATENATE(A55,"_W"),A55:S$318,19,FALSE) -> EG1R240-450-16W | U55: 450_208_6
A56: =CONCATENATE(D56,"_",E56,"_",F56) -> 450_208_3 | B56: 42583 | C56: PLENUMRADIPAC | D56: 450 | E56: 208 | F56: 3 | G56: =F56*1.34102 -> 4.02306 | H56: 1 | I56: YES | J56: 026-51038-111 | K56: EBM_450_200-240V_3PH_3KW | L56: WITH_FINGER_INLET_GUARD | M56: EBM_PN:_EG1R-240-450-48 | N56: 96 | O56: 8.08 | P56: 2040 | Q56: 0.95 | R56: 87.2 | S56: =MID(M56,9,50) -> EG1R-240-450-48 | T56: =VLOOKUP(CONCATENATE(A56,"_W"),A56:S$318,19,FALSE) -> EG1R240-450-13W | U56: 450_208_3
A57: =CONCATENATE(D57,"_",E57,"_",F57) -> 450_208_6 | B57: 42583 | C57: PLENUMRADIPAC | D57: 450 | E57: 208 | F57: 6 | G57: =F57*1.34102 -> 8.04612 | H57: 1 | I57: YES | J57: 026-51038-112 | K57: EBM_450_200-240V_3PH_6KW | L57: WITH_FINGER_INLET_GUARD | M57: EBM_PN:_EG1R-240-450-68 | N57: 128 | O57: 16.35 | P57: 2750 | Q57: 0.95 | R57: 87 | S57: =MID(M57,9,50) -> EG1R-240-450-68 | T57: =VLOOKUP(CONCATENATE(A57,"_W"),A57:S$318,19,FALSE) -> EG1R240-450-16W | U57: 450_208_6
A58: =CONCATENATE(D58,"_",E58,"_",F58) -> 450_230_3 | B58: 42583 | C58: PLENUMRADIPAC | D58: 450 | E58: 230 | F58: 3 | G58: =F58*1.34102 -> 4.02306 | H58: 0 | I58: YES | J58: 026-50038-011 | K58: EBM_450_200-240V_3PH_3KW | L58: WITHOUT_FINGER_INLET_GUARD | M58: EBM_PN:_EG1R-240-450-48 | N58: 96 | O58: 7.3 | P58: 2040 | Q58: 0.95 | R58: 87.2 | S58: =MID(M58,9,50) -> EG1R-240-450-48 | T58: =VLOOKUP(CONCATENATE(A58,"_W"),A58:S$318,19,FALSE) -> EG1R240-450-13W | U58: 450_230_3
A59: =CONCATENATE(D59,"_",E59,"_",F59) -> 450_230_6 | B59: 42583 | C59: PLENUMRADIPAC | D59: 450 | E59: 230 | F59: 6 | G59: =F59*1.34102 -> 8.04612 | H59: 0 | I59: YES | J59: 026-50038-012 | K59: EBM_450_200-240V_3PH_6KW | L59: WITHOUT_FINGER_INLET_GUARD | M59: EBM_PN:_EG1R-240-450-68 | N59: 128 | O59: 14.78 | P59: 2750 | Q59: 0.95 | R59: 87 | S59: =MID(M59,9,50) -> EG1R-240-450-68 | T59: =VLOOKUP(CONCATENATE(A59,"_W"),A59:S$318,19,FALSE) -> EG1R240-450-16W | U59: 450_230_6
A60: =CONCATENATE(D60,"_",E60,"_",F60) -> 450_230_3 | B60: 42583 | C60: PLENUMRADIPAC | D60: 450 | E60: 230 | F60: 3 | G60: =F60*1.34102 -> 4.02306 | H60: 1 | I60: YES | J60: 026-51038-111 | K60: EBM_450_200-240V_3PH_3KW | L60: WITH_FINGER_INLET_GUARD | M60: EBM_PN:_EG1R-240-450-48 | N60: 96 | O60: 7.3 | P60: 2040 | Q60: 0.95 | R60: 87.2 | S60: =MID(M60,9,50) -> EG1R-240-450-48 | T60: =VLOOKUP(CONCATENATE(A60,"_W"),A60:S$318,19,FALSE) -> EG1R240-450-13W | U60: 450_230_3
A61: =CONCATENATE(D61,"_",E61,"_",F61) -> 450_230_6 | B61: 42583 | C61: PLENUMRADIPAC | D61: 450 | E61: 230 | F61: 6 | G61: =F61*1.34102 -> 8.04612 | H61: 1 | I61: YES | J61: 026-51038-112 | K61: EBM_450_200-240V_3PH_6KW | L61: WITH_FINGER_INLET_GUARD | M61: EBM_PN:_EG1R-240-450-68 | N61: 128 | O61: 14.78 | P61: 2750 | Q61: 0.95 | R61: 87 | S61: =MID(M61,9,50) -> EG1R-240-450-68 | T61: =VLOOKUP(CONCATENATE(A61,"_W"),A61:S$318,19,FALSE) -> EG1R240-450-16W | U61: 450_230_6
A62: =CONCATENATE(D62,"_",E62,"_",F62) -> 45_0_0 | B62: 42583 | C62: PLENUMRADIPAC | D62: 45 | E62: 0 | F62: 0 | G62: =F62*1.34102 -> 0 | H62: na | I62: na | J62: na | K62: na | L62: na | M62: na | N62: na | O62: na | P62: na | Q62: na | R62: na | S62: GR45C | T62: na | U62: na
A63: =CONCATENATE(D63,"_",E63,"_",F63) -> 500_460_3 | B63: 42583 | C63: PLENUMRADIPAC | D63: 500 | E63: 460 | F63: 3 | G63: =F63*1.34102 -> 4.02306 | H63: 0 | I63: YES | J63: 026-50039-001 | K63: EBM_500_380-480V_3PH_3KW | L63: WITHOUT_FINGER_INLET_GUARD | M63: EBM_PN:_EG1R-480-500-48 | N63: 100 | O63: 3.74 | P63: 1780 | Q63: 0.94 | R63: 88.7 | S63: =MID(M63,9,50) -> EG1R-480-500-48 | T63: =VLOOKUP(CONCATENATE(A63,"_W"),A63:S$318,19,FALSE) -> EG1R480-500-13W | U63: 500_460_3
A64: =CONCATENATE(D64,"_",E64,"_",F64) -> 500_460_6 | B64: 42583 | C64: PLENUMRADIPAC | D64: 500 | E64: 460 | F64: 6 | G64: =F64*1.34102 -> 8.04612 | H64: 0 | I64: YES | J64: 026-50039-002 | K64: EBM_500_380-480V_3PH_6KW | L64: WITHOUT_FINGER_INLET_GUARD | M64: EBM_PN:_EG1R-480-500-58 | N64: 130 | O64: 7.3 | P64: 2200 | Q64: 0.95 | R64: 88.7 | S64: =MID(M64,9,50) -> EG1R-480-500-58 | T64: =VLOOKUP(CONCATENATE(A64,"_W"),A64:S$318,19,FALSE) -> EG1R480-500-16W | U64: 500_460_6
A65: =CONCATENATE(D65,"_",E65,"_",F65) -> 500_460_3 | B65: 42583 | C65: PLENUMRADIPAC | D65: 500 | E65: 460 | F65: 3 | G65: =F65*1.34102 -> 4.02306 | H65: 1 | I65: YES | J65: 026-51039-101 | K65: EBM_500_380-480V_3PH_3KW | L65: WITH_FINGER_INLET_GUARD | M65: EBM_PN:_EG1R-480-500-48 | N65: 100 | O65: 3.74 | P65: 1780 | Q65: 0.94 | R65: 88.7 | S65: =MID(M65,9,50) -> EG1R-480-500-48 | T65: =VLOOKUP(CONCATENATE(A65,"_W"),A65:S$318,19,FALSE) -> EG1R480-500-13W | U65: 500_460_3
A66: =CONCATENATE(D66,"_",E66,"_",F66) -> 500_460_6 | B66: 42583 | C66: PLENUMRADIPAC | D66: 500 | E66: 460 | F66: 6 | G66: =F66*1.34102 -> 8.04612 | H66: 1 | I66: YES | J66: 026-51039-102 | K66: EBM_500_380-480V_3PH_6KW | L66: WITH_FINGER_INLET_GUARD | M66: EBM_PN:_EG1R-480-500-58 | N66: 130 | O66: 7.3 | P66: 2200 | Q66: 0.95 | R66: 88.7 | S66: =MID(M66,9,50) -> EG1R-480-500-58 | T66: =VLOOKUP(CONCATENATE(A66,"_W"),A66:S$318,19,FALSE) -> EG1R480-500-16W | U66: 500_460_6
A67: =CONCATENATE(D67,"_",E67,"_",F67) -> 500_208_3 | B67: 42583 | C67: PLENUMRADIPAC | D67: 500 | E67: 208 | F67: 3 | G67: =F67*1.34102 -> 4.02306 | H67: 0 | I67: YES | J67: 026-50039-011 | K67: EBM_500_200-240V_3PH_3KW | L67: WITHOUT_FINGER_INLET_GUARD | M67: EBM_PN:_EG1R-240-500-48 | N67: 100 | O67: 8.65 | P67: 1780 | Q67: 0.95 | R67: 86.9 | S67: =MID(M67,9,50) -> EG1R-240-500-48 | T67: =VLOOKUP(CONCATENATE(A67,"_W"),A67:S$318,19,FALSE) -> EG1R240-500-13W | U67: 500_208_3
A68: =CONCATENATE(D68,"_",E68,"_",F68) -> 500_208_6 | B68: 42583 | C68: PLENUMRADIPAC | D68: 500 | E68: 208 | F68: 6 | G68: =F68*1.34102 -> 8.04612 | H68: 0 | I68: YES | J68: 026-50039-012 | K68: EBM_500_200-240V_3PH_6KW | L68: WITHOUT_FINGER_INLET_GUARD | M68: EBM_PN:_EG1R-240-500-58 | N68: 130 | O68: 15.38 | P68: 2200 | Q68: 0.95 | R68: 86 | S68: =MID(M68,9,50) -> EG1R-240-500-58 | T68: =VLOOKUP(CONCATENATE(A68,"_W"),A68:S$318,19,FALSE) -> EG1R240-500-16W | U68: 500_208_6
A69: =CONCATENATE(D69,"_",E69,"_",F69) -> 500_208_3 | B69: 42583 | C69: PLENUMRADIPAC | D69: 500 | E69: 208 | F69: 3 | G69: =F69*1.34102 -> 4.02306 | H69: 1 | I69: YES | J69: 026-51039-111 | K69: EBM_500_200-240V_3PH_3KW | L69: WITH_FINGER_INLET_GUARD | M69: EBM_PN:_EG1R-240-500-48 | N69: 100 | O69: 8.65 | P69: 1780 | Q69: 0.95 | R69: 86.9 | S69: =MID(M69,9,50) -> EG1R-240-500-48 | T69: =VLOOKUP(CONCATENATE(A69,"_W"),A69:S$318,19,FALSE) -> EG1R240-500-13W | U69: 500_208_3
A70: =CONCATENATE(D70,"_",E70,"_",F70) -> 500_208_6 | B70: 42583 | C70: PLENUMRADIPAC | D70: 500 | E70: 208 | F70: 6 | G70: =F70*1.34102 -> 8.04612 | H70: 1 | I70: YES | J70: 026-51039-112 | K70: EBM_500_200-240V_3PH_6KW | L70: WITH_FINGER_INLET_GUARD | M70: EBM_PN:_EG1R-240-500-58 | N70: 130 | O70: 15.38 | P70: 2200 | Q70: 0.95 | R70: 86 | S70: =MID(M70,9,50) -> EG1R-240-500-58 | T70: =VLOOKUP(CONCATENATE(A70,"_W"),A70:S$318,19,FALSE) -> EG1R240-500-16W | U70: 500_208_6
A71: =CONCATENATE(D71,"_",E71,"_",F71) -> 500_230_3 | B71: 42583 | C71: PLENUMRADIPAC | D71: 500 | E71: 230 | F71: 3 | G71: =F71*1.34102 -> 4.02306 | H71: 0 | I71: YES | J71: 026-50039-011 | K71: EBM_500_200-240V_3PH_3KW | L71: WITHOUT_FINGER_INLET_GUARD | M71: EBM_PN:_EG1R-240-500-48 | N71: 100 | O71: 7.83 | P71: 1780 | Q71: 0.95 | R71: 86.9 | S71: =MID(M71,9,50) -> EG1R-240-500-48 | T71: =VLOOKUP(CONCATENATE(A71,"_W"),A71:S$318,19,FALSE) -> EG1R240-500-13W | U71: 500_230_3
A72: =CONCATENATE(D72,"_",E72,"_",F72) -> 500_230_6 | B72: 42583 | C72: PLENUMRADIPAC | D72: 500 | E72: 230 | F72: 6 | G72: =F72*1.34102 -> 8.04612 | H72: 0 | I72: YES | J72: 026-50039-012 | K72: EBM_500_200-240V_3PH_6KW | L72: WITHOUT_FINGER_INLET_GUARD | M72: EBM_PN:_EG1R-240-500-58 | N72: 130 | O72: 13.91 | P72: 2200 | Q72: 0.95 | R72: 86 | S72: =MID(M72,9,50) -> EG1R-240-500-58 | T72: =VLOOKUP(CONCATENATE(A72,"_W"),A72:S$318,19,FALSE) -> EG1R240-500-16W | U72: 500_230_6
A73: =CONCATENATE(D73,"_",E73,"_",F73) -> 500_230_3 | B73: 42583 | C73: PLENUMRADIPAC | D73: 500 | E73: 230 | F73: 3 | G73: =F73*1.34102 -> 4.02306 | H73: 1 | I73: YES | J73: 026-51039-111 | K73: EBM_500_200-240V_3PH_3KW | L73: WITH_FINGER_INLET_GUARD | M73: EBM_PN:_EG1R-240-500-48 | N73: 100 | O73: 7.83 | P73: 1780 | Q73: 0.95 | R73: 86.9 | S73: =MID(M73,9,50) -> EG1R-240-500-48 | T73: =VLOOKUP(CONCATENATE(A73,"_W"),A73:S$318,19,FALSE) -> EG1R240-500-13W | U73: 500_230_3
A74: =CONCATENATE(D74,"_",E74,"_",F74) -> 500_230_6 | B74: 42583 | C74: PLENUMRADIPAC | D74: 500 | E74: 230 | F74: 6 | G74: =F74*1.34102 -> 8.04612 | H74: 1 | I74: YES | J74: 026-51039-112 | K74: EBM_500_200-240V_3PH_6KW | L74: WITH_FINGER_INLET_GUARD | M74: EBM_PN:_EG1R-240-500-58 | N74: 130 | O74: 13.91 | P74: 2200 | Q74: 0.95 | R74: 86 | S74: =MID(M74,9,50) -> EG1R-240-500-58 | T74: =VLOOKUP(CONCATENATE(A74,"_W"),A74:S$318,19,FALSE) -> EG1R240-500-16W | U74: 500_230_6
A75: =CONCATENATE(D75,"_",E75,"_",F75) -> 50_0_0 | B75: 42583 | C75: PLENUMRADIPAC | D75: 50 | E75: 0 | F75: 0 | G75: =F75*1.34102 -> 0 | H75: na | I75: na | J75: na | K75: na | L75: na | M75: na | N75: na | O75: na | P75: na | Q75: na | R75: na | S75: GR50C | T75: na | U75: na
A76: =CONCATENATE(D76,"_",E76,"_",F76) -> 560_460_3 | B76: 42583 | C76: PLENUMRADIPAC | D76: 560 | E76: 460 | F76: 3 | G76: =F76*1.34102 -> 4.02306 | H76: 0 | I76: YES | J76: 026-50040-001 | K76: EBM_560_380-480V_3PH_3KW | L76: WITHOUT_FINGER_INLET_GUARD | M76: EBM_PN:_EG1R-480-560-48 | N76: 130 | O76: 4 | P76: 1500 | Q76: 0.94 | R76: 90.1 | S76: =MID(M76,9,50) -> EG1R-480-560-48 | T76: =VLOOKUP(CONCATENATE(A76,"_W"),A76:S$318,19,FALSE) -> EG1R480-560-13W | U76: 560_460_3
A77: =CONCATENATE(D77,"_",E77,"_",F77) -> 560_460_6 | B77: 42583 | C77: PLENUMRADIPAC | D77: 560 | E77: 460 | F77: 6 | G77: =F77*1.34102 -> 8.04612 | H77: 0 | I77: YES | J77: 026-50040-002 | K77: EBM_560_380-480V_3PH_6KW | L77: WITHOUT_FINGER_INLET_GUARD | M77: EBM_PN:_EG1R-480-560-68 | N77: 160 | O77: 6.35 | P77: 1750 | Q77: 0.94 | R77: 90.8 | S77: =MID(M77,9,50) -> EG1R-480-560-68 | T77: =VLOOKUP(CONCATENATE(A77,"_W"),A77:S$318,19,FALSE) -> EG1R480-560-16W | U77: 560_460_6
A78: =CONCATENATE(D78,"_",E78,"_",F78) -> 560_460_3 | B78: 42583 | C78: PLENUMRADIPAC | D78: 560 | E78: 460 | F78: 3 | G78: =F78*1.34102 -> 4.02306 | H78: 1 | I78: YES | J78: 026-51040-101 | K78: EBM_560_380-480V_3PH_3KW | L78: WITH_FINGER_INLET_GUARD | M78: EBM_PN:_EG1R-480-560-48 | N78: 130 | O78: 4 | P78: 1500 | Q78: 0.94 | R78: 90.1 | S78: =MID(M78,9,50) -> EG1R-480-560-48 | T78: =VLOOKUP(CONCATENATE(A78,"_W"),A78:S$318,19,FALSE) -> EG1R480-560-13W | U78: 560_460_3
A79: =CONCATENATE(D79,"_",E79,"_",F79) -> 560_460_6 | B79: 42583 | C79: PLENUMRADIPAC | D79: 560 | E79: 460 | F79: 6 | G79: =F79*1.34102 -> 8.04612 | H79: 1 | I79: YES | J79: 026-51040-102 | K79: EBM_560_380-480V_3PH_6KW | L79: WITH_FINGER_INLET_GUARD | M79: EBM_PN:_EG1R-480-560-68 | N79: 160 | O79: 6.35 | P79: 1750 | Q79: 0.94 | R79: 90.8 | S79: =MID(M79,9,50) -> EG1R-480-560-68 | T79: =VLOOKUP(CONCATENATE(A79,"_W"),A79:S$318,19,FALSE) -> EG1R480-560-16W | U79: 560_460_6
A80: =CONCATENATE(D80,"_",E80,"_",F80) -> 560_208_3 | B80: 42583 | C80: PLENUMRADIPAC | D80: 560 | E80: 208 | F80: 3 | G80: =F80*1.34102 -> 4.02306 | H80: 0 | I80: YES | J80: 026-50040-011 | K80: EBM_560_200-240V_3PH_3KW | L80: WITHOUT_FINGER_INLET_GUARD | M80: EBM_PN:_EG1R-240-560-48 | N80: 130 | O80: 8.85 | P80: 1500 | Q80: 0.95 | R80: 87.8 | S80: =MID(M80,9,50) -> EG1R-240-560-48 | T80: =VLOOKUP(CONCATENATE(A80,"_W"),A80:S$318,19,FALSE) -> EG1R240-560-13W | U80: 560_208_3
A81: =CONCATENATE(D81,"_",E81,"_",F81) -> 560_208_6 | B81: 42583 | C81: PLENUMRADIPAC | D81: 560 | E81: 208 | F81: 6 | G81: =F81*1.34102 -> 8.04612 | H81: 0 | I81: YES | J81: 026-50040-012 | K81: EBM_560_200-240V_3PH_6KW | L81: WITHOUT_FINGER_INLET_GUARD | M81: EBM_PN:_EG1R-240-560-68 | N81: 160 | O81: 13.46 | P81: 1750 | Q81: 0.93 | R81: 88.3 | S81: =MID(M81,9,50) -> EG1R-240-560-68 | T81: =VLOOKUP(CONCATENATE(A81,"_W"),A81:S$318,19,FALSE) -> EG1R240-560-16W | U81: 560_208_6
A82: =CONCATENATE(D82,"_",E82,"_",F82) -> 560_208_3 | B82: 42583 | C82: PLENUMRADIPAC | D82: 560 | E82: 208 | F82: 3 | G82: =F82*1.34102 -> 4.02306 | H82: 1 | I82: YES | J82: 026-51040-111 | K82: EBM_560_200-240V_3PH_3KW | L82: WITH_FINGER_INLET_GUARD | M82: EBM_PN:_EG1R-240-560-48 | N82: 130 | O82: 8.85 | P82: 1500 | Q82: 0.95 | R82: 87.8 | S82: =MID(M82,9,50) -> EG1R-240-560-48 | T82: =VLOOKUP(CONCATENATE(A82,"_W"),A82:S$318,19,FALSE) -> EG1R240-560-13W | U82: 560_208_3
A83: =CONCATENATE(D83,"_",E83,"_",F83) -> 560_208_6 | B83: 42583 | C83: PLENUMRADIPAC | D83: 560 | E83: 208 | F83: 6 | G83: =F83*1.34102 -> 8.04612 | H83: 1 | I83: YES | J83: 026-51040-112 | K83: EBM_560_200-240V_3PH_6KW | L83: WITH_FINGER_INLET_GUARD | M83: EBM_PN:_EG1R-240-560-68 | N83: 160 | O83: 13.46 | P83: 1750 | Q83: 0.93 | R83: 88.3 | S83: =MID(M83,9,50) -> EG1R-240-560-68 | T83: =VLOOKUP(CONCATENATE(A83,"_W"),A83:S$318,19,FALSE) -> EG1R240-560-16W | U83: 560_208_6
A84: =CONCATENATE(D84,"_",E84,"_",F84) -> 560_230_3 | B84: 42583 | C84: PLENUMRADIPAC | D84: 560 | E84: 230 | F84: 3 | G84: =F84*1.34102 -> 4.02306 | H84: 0 | I84: YES | J84: 026-50040-011 | K84: EBM_560_200-240V_3PH_3KW | L84: WITHOUT_FINGER_INLET_GUARD | M84: EBM_PN:_EG1R-240-560-48 | N84: 130 | O84: 8 | P84: 1500 | Q84: 0.95 | R84: 87.8 | S84: =MID(M84,9,50) -> EG1R-240-560-48 | T84: =VLOOKUP(CONCATENATE(A84,"_W"),A84:S$318,19,FALSE) -> EG1R240-560-13W | U84: 560_230_3
A85: =CONCATENATE(D85,"_",E85,"_",F85) -> 560_230_6 | B85: 42583 | C85: PLENUMRADIPAC | D85: 560 | E85: 230 | F85: 6 | G85: =F85*1.34102 -> 8.04612 | H85: 0 | I85: YES | J85: 026-50040-012 | K85: EBM_560_200-240V_3PH_6KW | L85: WITHOUT_FINGER_INLET_GUARD | M85: EBM_PN:_EG1R-240-560-68 | N85: 160 | O85: 12.17 | P85: 1750 | Q85: 0.93 | R85: 88.3 | S85: =MID(M85,9,50) -> EG1R-240-560-68 | T85: =VLOOKUP(CONCATENATE(A85,"_W"),A85:S$318,19,FALSE) -> EG1R240-560-16W | U85: 560_230_6
A86: =CONCATENATE(D86,"_",E86,"_",F86) -> 560_230_3 | B86: 42583 | C86: PLENUMRADIPAC | D86: 560 | E86: 230 | F86: 3 | G86: =F86*1.34102 -> 4.02306 | H86: 1 | I86: YES | J86: 026-51040-111 | K86: EBM_560_200-240V_3PH_3KW | L86: WITH_FINGER_INLET_GUARD | M86: EBM_PN:_EG1R-240-560-48 | N86: 130 | O86: 8 | P86: 1500 | Q86: 0.95 | R86: 87.8 | S86: =MID(M86,9,50) -> EG1R-240-560-48 | T86: =VLOOKUP(CONCATENATE(A86,"_W"),A86:S$318,19,FALSE) -> EG1R240-560-13W | U86: 560_230_3
A87: =CONCATENATE(D87,"_",E87,"_",F87) -> 560_230_6 | B87: 42583 | C87: PLENUMRADIPAC | D87: 560 | E87: 230 | F87: 6 | G87: =F87*1.34102 -> 8.04612 | H87: 1 | I87: YES | J87: 026-51040-112 | K87: EBM_560_200-240V_3PH_6KW | L87: WITH_FINGER_INLET_GUARD | M87: EBM_PN:_EG1R-240-560-68 | N87: 160 | O87: 12.17 | P87: 1750 | Q87: 0.93 | R87: 88.3 | S87: =MID(M87,9,50) -> EG1R-240-560-68 | T87: =VLOOKUP(CONCATENATE(A87,"_W"),A87:S$318,19,FALSE) -> EG1R240-560-16W | U87: 560_230_6
A88: =CONCATENATE(D88,"_",E88,"_",F88) -> 56_0_0 | B88: 42583 | C88: PLENUMRADIPAC | D88: 56 | E88: 0 | F88: 0 | G88: =F88*1.34102 -> 0 | H88: na | I88: na | J88: na | K88: na | L88: na | M88: na | N88: na | O88: na | P88: na | Q88: na | R88: na | S88: GR56C | T88: na | U88: na
A89: =CONCATENATE(D89,"_",E89,"_",F89) -> 630_460_3 | B89: 42583 | C89: PLENUMRADIPAC | D89: 630 | E89: 460 | F89: 3 | G89: =F89*1.34102 -> 4.02306 | H89: 0 | I89: YES | J89: 026-50041-001 | K89: EBM_630_380-480V_3PH_3KW | L89: WITHOUT_FINGER_INLET_GUARD | M89: EBM_PN:_EG1R-480-630-33 | N89: 145 | O89: 3.91 | P89: 1130 | Q89: 0.94 | R89: 90.7 | S89: =MID(M89,9,50) -> EG1R-480-630-33 | T89: =VLOOKUP(CONCATENATE(A89,"_W"),A89:S$318,19,FALSE) -> EG1R480-630-13W | U89: 630_460_3
A90: =CONCATENATE(D90,"_",E90,"_",F90) -> 630_460_6 | B90: 42583 | C90: PLENUMRADIPAC | D90: 630 | E90: 460 | F90: 6 | G90: =F90*1.34102 -> 8.04612 | H90: 0 | I90: YES | J90: 026-50041-002 | K90: EBM_630_380-480V_3PH_6KW | L90: WITHOUT_FINGER_INLET_GUARD | M90: EBM_PN:_K3G630-AQ01-05 | N90: 270 | O90: 8.61 | P90: 1450 | Q90: 0.94 | R90: 90.5 | S90: =MID(M90,9,50) -> K3G630-AQ01-05 | T90: =VLOOKUP(CONCATENATE(A90,"_W"),A90:S$318,19,FALSE) -> K3G630-AQ01-05W | U90: 630_460_6
A91: =CONCATENATE(D91,"_",E91,"_",F91) -> 630_460_7.5 | B91: 42583 | C91: PLENUMRADIPAC | D91: 630 | E91: 460 | F91: 7.5 | G91: =F91*1.34102 -> 10.05765 | H91: 0 | I91: YES | J91: 026-50041-003 | K91: EBM_630_380-480V_3PH_7.5KW | L91: WITHOUT_FINGER_INLET_GUARD | M91: EBM_PN:_K3G630-AR02-01 | N91: 275 | O91: 9 | P91: 1500 | Q91: 0.95 | R91: 89.1 | S91: =MID(M91,9,50) -> K3G630-AR02-01 | T91: =VLOOKUP(CONCATENATE(A91,"_W"),A91:S$318,19,FALSE) -> K3G630-AR02-01W | U91: 630_460_7.5
A92: =CONCATENATE(D92,"_",E92,"_",F92) -> 630_460_12 | B92: 42583 | C92: PLENUMRADIPAC | D92: 630 | E92: 460 | F92: 12 | G92: =F92*1.34102 -> 16.09224 | H92: 0 | I92: YES | J92: 026-50041-004 | K92: EBM_630_380-480V_3PH_12KW | L92: WITHOUT_FINGER_INLET_GUARD | M92: EBM_PN:_K3G630-AS05-01 | N92: 352 | O92: 14.78 | P92: 1850 | Q92: 0.95 | R92: 88.9 | S92: =MID(M92,9,50) -> K3G630-AS05-01 | T92: =VLOOKUP(CONCATENATE(A92,"_W"),A92:S$318,19,FALSE) -> K3G630-AS05-01W | U92: 630_460_12
A93: =CONCATENATE(D93,"_",E93,"_",F93) -> 630_460_13.5 | B93: 42583 | C93: PLENUMRADIPAC | D93: 630 | E93: 460 | F93: 13.5 | G93: =F93*1.34102 -> 18.10377 | H93: 0 | I93: YES | J93: 026-50041-005 | K93: EBM_630_380-480V_3PH_13.5KW | L93: WITHOUT_FINGER_INLET_GUARD | M93: EBM_PN:_K3G630-AT09-01 | N93: 326 | O93: 18.26 | P93: 2200 | Q93: 0.94 | R93: 88.9 | S93: =MID(M93,9,50) -> K3G630-AT09-01 | T93: =VLOOKUP(CONCATENATE(A93,"_W"),A93:S$318,19,FALSE) -> K3G630-AT09-01W | U93: 630_460_13.5
A94: =CONCATENATE(D94,"_",E94,"_",F94) -> 630_460_3 | B94: 42583 | C94: PLENUMRADIPAC | D94: 630 | E94: 460 | F94: 3 | G94: =F94*1.34102 -> 4.02306 | H94: 1 | I94: YES | J94: 026-51041-101 | K94: EBM_630_380-480V_3PH_3KW | L94: WITH_FINGER_INLET_GUARD | M94: EBM_PN:_EG1R-480-630-33 | N94: 145 | O94: 3.91 | P94: 1130 | Q94: 0.94 | R94: 90.7 | S94: =MID(M94,9,50) -> EG1R-480-630-33 | T94: =VLOOKUP(CONCATENATE(A94,"_W"),A94:S$318,19,FALSE) -> EG1R480-630-13W | U94: 630_460_3
A95: =CONCATENATE(D95,"_",E95,"_",F95) -> 630_460_6 | B95: 42583 | C95: PLENUMRADIPAC | D95: 630 | E95: 460 | F95: 6 | G95: =F95*1.34102 -> 8.04612 | H95: 1 | I95: YES | J95: 026-51041-102 | K95: EBM_630_380-480V_3PH_6KW | L95: WITH_FINGER_INLET_GUARD | M95: EBM_PN:_K3G630-AQ01-05 | N95: 270 | O95: 8.61 | P95: 1450 | Q95: 0.94 | R95: 90.5 | S95: =MID(M95,9,50) -> K3G630-AQ01-05 | T95: =VLOOKUP(CONCATENATE(A95,"_W"),A95:S$318,19,FALSE) -> K3G630-AQ01-05W | U95: 630_460_6
A96: =CONCATENATE(D96,"_",E96,"_",F96) -> 630_460_7.5 | B96: 42583 | C96: PLENUMRADIPAC | D96: 630 | E96: 460 | F96: 7.5 | G96: =F96*1.34102 -> 10.05765 | H96: 1 | I96: YES | J96: 026-51041-103 | K96: EBM_630_380-480V_3PH_7.5KW | L96: WITH_FINGER_INLET_GUARD | M96: EBM_PN:_K3G630-AR02-01 | N96: 275 | O96: 9 | P96: 1500 | Q96: 0.95 | R96: 89.1 | S96: =MID(M96,9,50) -> K3G630-AR02-01 | T96: =VLOOKUP(CONCATENATE(A96,"_W"),A96:S$318,19,FALSE) -> K3G630-AR02-01W | U96: 630_460_7.5
A97: =CONCATENATE(D97,"_",E97,"_",F97) -> 630_460_12 | B97: 42583 | C97: PLENUMRADIPAC | D97: 630 | E97: 460 | F97: 12 | G97: =F97*1.34102 -> 16.09224 | H97: 1 | I97: YES | J97: 026-51041-104 | K97: EBM_630_380-480V_3PH_12KW | L97: WITH_FINGER_INLET_GUARD | M97: EBM_PN:_K3G630-AS05-01 | N97: 352 | O97: 14.78 | P97: 1850 | Q97: 0.95 | R97: 88.9 | S97: =MID(M97,9,50) -> K3G630-AS05-01 | T97: =VLOOKUP(CONCATENATE(A97,"_W"),A97:S$318,19,FALSE) -> K3G630-AS05-01W | U97: 630_460_12
A98: =CONCATENATE(D98,"_",E98,"_",F98) -> 630_460_13.5 | B98: 42583 | C98: PLENUMRADIPAC | D98: 630 | E98: 460 | F98: 13.5 | G98: =F98*1.34102 -> 18.10377 | H98: 1 | I98: YES | J98: 026-51041-105 | K98: EBM_630_380-480V_3PH_13.5KW | L98: WITH_FINGER_INLET_GUARD | M98: EBM_PN:_K3G630-AT09-01 | N98: 326 | O98: 18.26 | P98: 2200 | Q98: 0.94 | R98: 88.9 | S98: =MID(M98,9,50) -> K3G630-AT09-01 | T98: =VLOOKUP(CONCATENATE(A98,"_W"),A98:S$318,19,FALSE) -> K3G630-AT09-01W | U98: 630_460_13.5
A99: =CONCATENATE(D99,"_",E99,"_",F99) -> 630_208_6 | B99: 42583 | C99: PLENUMRADIPAC | D99: 630 | E99: 208 | F99: 6 | G99: =F99*1.34102 -> 8.04612 | H99: 0 | I99: YES | J99: 026-50041-012 | K99: EBM_630_200-240V_3PH_6KW | L99: WITHOUT_FINGER_INLET_GUARD | M99: EBM_PN:_K3G630-AQ03-19 | N99: 270 | O99: 16.83 | P99: 1450 | Q99: 0.95 | R99: 89.5 | S99: =MID(M99,9,50) -> K3G630-AQ03-19 | T99: =VLOOKUP(CONCATENATE(A99,"_W"),A99:S$318,19,FALSE) -> K3G630-AQ03-19W | U99: 630_208_6
A100: =CONCATENATE(D100,"_",E100,"_",F100) -> 630_208_6 | B100: 42583 | C100: PLENUMRADIPAC | D100: 630 | E100: 208 | F100: 6 | G100: =F100*1.34102 -> 8.04612 | H100: 1 | I100: YES | J100: 026-51041-112 | K100: EBM_630_200-240V_3PH_6KW | L100: WITH_FINGER_INLET_GUARD | M100: EBM_PN:_K3G630-AQ03-19 | N100: 270 | O100: 16.83 | P100: 1450 | Q100: 0.95 | R100: 89.5 | S100: =MID(M100,9,50) -> K3G630-AQ03-19 | T100: =VLOOKUP(CONCATENATE(A100,"_W"),A100:S$318,19,FALSE) -> K3G630-AQ03-19W | U100: 630_208_6
... A102: =CONCATENATE(D102,"_",E102,"_",F102) -> 630_230_6 | B102: 42583 | C102: PLENUMRADIPAC | D102: 630 | E102: 230 | F102: 6 | G102: =F102*1.34102 -> 8.04612 | H102: 1 | I102: YES | J102: 026-51041-112 | K102: EBM_630_200-240V_3PH_6KW | L102: WITH_FINGER_INLET_GUARD | M102: EBM_PN:_K3G630-AQ03-19 | N102: 270 | O102: 15.22 | P102: 1450 | Q102: 0.95 | R102: 89.5 | S102: =MID(M102,9,50) -> K3G630-AQ03-19 | T102: =VLOOKUP(CONCATENATE(A102,"_W"),A102:S$318,19,FALSE) -> K3G630-AQ03-19W | U102: 630_230_6
A103: =CONCATENATE(D103,"_",E103,"_",F103) -> 63_0_0 | B103: 42583 | C103: PLENUMRADIPAC | D103: 63 | E103: 0 | F103: 0 | G103: =F103*1.34102 -> 0 | H103: na | I103: na | J103: na | K103: na | L103: na | M103: na | N103: na | O103: na | P103: na | Q103: na | R103: na | S103: GR63C | T103: na | U103: na
A104: =CONCATENATE(D104,"_",E104,"_",F104) -> 710_460_3 | B104: 42583 | C104: PLENUMRADIPAC | D104: 710 | E104: 460 | F104: 3 | G104: =F104*1.34102 -> 4.02306 | H104: 0 | I104: YES | J104: 026-50042-001 | K104: EBM_710_380-480V_3PH_3KW | L104: WITHOUT_FINGER_INLET_GUARD | M104: EBM_PN:_EG1R-480-710-02 | N104: 297 | O104: 3.74 | P104: 920 | Q104: 0.94 | R104: 89.3 | S104: =MID(M104,9,50) -> EG1R-480-710-02 | T104: =VLOOKUP(CONCATENATE(A104,"_W"),A104:S$318,19,FALSE) -> EG1R480-710-13W | U104: 710_460_3
A105: =CONCATENATE(D105,"_",E105,"_",F105) -> 710_460_6 | B105: 42583 | C105: PLENUMRADIPAC | D105: 710 | E105: 460 | F105: 6 | G105: =F105*1.34102 -> 8.04612 | H105: 0 | I105: YES | J105: 026-50042-002 | K105: EBM_710_380-480V_3PH_6KW | L105: WITHOUT_FINGER_INLET_GUARD | M105: EBM_PN:_K3G710-AQ01-09 | N105: 354 | O105: 8.17 | P105: 1200 | Q105: 0.95 | R105: 89 | S105: =MID(M105,9,50) -> K3G710-AQ01-09 | T105: =VLOOKUP(CONCATENATE(A105,"_W"),A105:S$318,19,FALSE) -> K3G710-AQ01-09W | U105: 710_460_6
A106: =CONCATENATE(D106,"_",E106,"_",F106) -> 710_460_7.5 | B106: 42583 | C106: PLENUMRADIPAC | D106: 710 | E106: 460 | F106: 7.5 | G106: =F106*1.34102 -> 10.05765 | H106: 0 | I106: YES | J106: 026-50042-003 | K106: EBM_710_380-480V_3PH_7.5KW | L106: WITHOUT_FINGER_INLET_GUARD | M106: EBM_PN:_K3G710-AR03-01 | N106: 359 | O106: 10.26 | P106: 1300 | Q106: 0.95 | R106: 89.2 | S106: =MID(M106,9,50) -> K3G710-AR03-01 | T106: =VLOOKUP(CONCATENATE(A106,"_W"),A106:S$318,19,FALSE) -> K3G710-AR03-01W | U106: 710_460_7.5
A107: =CONCATENATE(D107,"_",E107,"_",F107) -> 710_460_12 | B107: 42583 | C107: PLENUMRADIPAC | D107: 710 | E107: 460 | F107: 12 | G107: =F107*1.34102 -> 16.09224 | H107: 0 | I107: YES | J107: 026-50042-004 | K107: EBM_710_380-480V_3PH_12KW | L107: WITHOUT_FINGER_INLET_GUARD | M107: EBM_PN:_K3G710-AS06-01 | N107: 423 | O107: 16.17 | P107: 1550 | Q107: 0.94 | R107: 89.4 | S107: =MID(M107,9,50) -> K3G710-AS06-01 | T107: =VLOOKUP(CONCATENATE(A107,"_W"),A107:S$318,19,FALSE) -> K3G710-AS06-01W | U107: 710_460_12
A108: =CONCATENATE(D108,"_",E108,"_",F108) -> 710_460_3 | B108: 42583 | C108: PLENUMRADIPAC | D108: 710 | E108: 460 | F108: 3 | G108: =F108*1.34102 -> 4.02306 | H108: 1 | I108: YES | J108: 026-51042-101 | K108: EBM_710_380-480V_3PH_3KW | L108: WITH_FINGER_INLET_GUARD | M108: EBM_PN:_EG1R-480-710-02 | N108: 297 | O108: 3.74 | P108: 920 | Q108: 0.94 | R108: 89.3 | S108: =MID(M108,9,50) -> EG1R-480-710-02 | T108: =VLOOKUP(CONCATENATE(A108,"_W"),A108:S$318,19,FALSE) -> EG1R480-710-13W | U108: 710_460_3
A109: =CONCATENATE(D109,"_",E109,"_",F109) -> 710_460_6 | B109: 42583 | C109: PLENUMRADIPAC | D109: 710 | E109: 460 | F109: 6 | G109: =F109*1.34102 -> 8.04612 | H109: 1 | I109: YES | J109: 026-51042-102 | K109: EBM_710_380-480V_3PH_6KW | L109: WITH_FINGER_INLET_GUARD | M109: EBM_PN:_K3G710-AQ01-09 | N109: 354 | O109: 8.17 | P109: 1200 | Q109: 0.95 | R109: 89 | S109: =MID(M109,9,50) -> K3G710-AQ01-09 | T109: =VLOOKUP(CONCATENATE(A109,"_W"),A109:S$318,19,FALSE) -> K3G710-AQ01-09W | U109: 710_460_6
A110: =CONCATENATE(D110,"_",E110,"_",F110) -> 710_460_7.5 | B110: 42583 | C110: PLENUMRADIPAC | D110: 710 | E110: 460 | F110: 7.5 | G110: =F110*1.34102 -> 10.05765 | H110: 1 | I110: YES | J110: 026-51042-103 | K110: EBM_710_380-480V_3PH_7.5KW | L110: WITH_FINGER_INLET_GUARD | M110: EBM_PN:_K3G710-AR03-01 | N110: 359 | O110: 10.26 | P110: 1300 | Q110: 0.95 | R110: 89.2 | S110: =MID(M110,9,50) -> K3G710-AR03-01 | T110: =VLOOKUP(CONCATENATE(A110,"_W"),A110:S$318,19,FALSE) -> K3G710-AR03-01W | U110: 710_460_7.5
A111: =CONCATENATE(D111,"_",E111,"_",F111) -> 710_460_12 | B111: 42583 | C111: PLENUMRADIPAC | D111: 710 | E111: 460 | F111: 12 | G111: =F111*1.34102 -> 16.09224 | H111: 1 | I111: YES | J111: 026-51042-104 | K111: EBM_710_380-480V_3PH_12KW | L111: WITH_FINGER_INLET_GUARD | M111: EBM_PN:_K3G710-AS06-01 | N111: 423 | O111: 16.17 | P111: 1550 | Q111: 0.94 | R111: 89.4 | S111: =MID(M111,9,50) -> K3G710-AS06-01 | T111: =VLOOKUP(CONCATENATE(A111,"_W"),A111:S$318,19,FALSE) -> K3G710-AS06-01W | U111: 710_460_12
...

Sheet Channel Loc
B2: CHANNEL LOCATION DIMENSIONS (Z_LOCATION) FROM PRIMARY_Z_PLANE (SEGMENT START)
B5: Channel Name | C5: Z_LOCATION | D5: X_ARRAY_OFFSET | E5: X_ARRAY_QTY | F5: X_ARRAY_SPACING | G5: FLOOR CHANNELS
B6: FLOOR_CHAN_1 | C6: =IF('Excel Calc'!F9>=144,0,'Excel Calc'!B17-('Excel Calc'!V8/2)-('Excel Calc'!F7)+'Excel Calc'!F22) -> 0 | D6: =IF(C6=0,0,'Excel Calc'!F6+'Excel Calc'!F20) -> 0 | E6: =IF(C6=0,0,'Excel Calc'!F23) -> 0 | F6: =IF(C6=0,0,'Excel Calc'!F21) -> 0 | H6: Floor channel < 144" | I6: FIA RAIL LOC Hole array 1
B7: FLOOR_CHAN_2 | C7: =IF('Excel Calc'!F9>=144,0,'Excel Calc'!B17-('Excel Calc'!V8/2)-'Excel Calc'!F19) -> 0 | D7: =IF(C7=0,0,'Excel Calc'!F6+'Excel Calc'!F20) -> 0 | E7: =IF(C7=0,0,'Excel Calc'!F23) -> 0 | F7: =IF(C7=0,0,'Excel Calc'!F21) -> 0 | I7: FIA RAIL LOC Hole array 2
B8: FLOOR_CHAN_3 | C8: =IF('Excel Calc'!F9>=144,0,'Excel Calc'!B17+('Excel Calc'!V8/2)+'Excel Calc'!F19) -> 0 | D8: =IF(C8=0,0,'Excel Calc'!F6+'Excel Calc'!F20) -> 0 | E8: =IF(C8=0,0,'Excel Calc'!F23) -> 0 | F8: =IF(C8=0,0,'Excel Calc'!F21) -> 0 | I8: LIA / MID 1 RAIL LOC Hole array 1 (LIA if Fan Array = 1)
B9: FLOOR_CHAN_4 | C9: =IF('Excel Calc'!F9>=144,0,IF(FANSARRAY=1,'Excel Calc'!B17+('Excel Calc'!V8/2)+('Excel Calc'!F7)-'Excel Calc'!F22,'Excel Calc'!B17+('Excel Calc'!V8/2)+('Excel Calc'!F8)-'Excel Calc'!F22)) -> 0 | D9: =IF(C9=0,0,'Excel Calc'!F6+'Excel Calc'!F20) -> 0 | E9: =IF(C9=0,0,'Excel Calc'!F23) -> 0 | F9: =IF(C9=0,0,'Excel Calc'!F21) -> 0 | I9: LIA / MID 1 RAIL LOC Hole array 2 (LIA if Fan Array = 1)
B10: FLOOR_CHAN_5 | C10: =IF('Excel Calc'!F9>=144,0,IF(FANSARRAY=1,0,'Excel Calc'!B17+'Excel Calc'!B14-('Excel Calc'!V8/2)-('Excel Calc'!F8)+'Excel Calc'!F22)) -> 0 | D10: =IF(C10=0,0,'Excel Calc'!F6+'Excel Calc'!F20) -> 0 | E10: =IF(C10=0,0,'Excel Calc'!F23) -> 0 | F10: =IF(C10=0,0,'Excel Calc'!F21) -> 0 | I10: MID 2 RAIL LOC Hole array 1
B11: FLOOR_CHAN_6 | C11: =IF('Excel Calc'!F9>=144,0,IF(FANSARRAY=1,0,'Excel Calc'!B17+'Excel Calc'!B14-('Excel Calc'!V8/2)-'Excel Calc'!F19)) -> 0 | D11: =IF(C11=0,0,'Excel Calc'!F6+'Excel Calc'!F20) -> 0 | E11: =IF(C11=0,0,'Excel Calc'!F23) -> 0 | F11: =IF(C11=0,0,'Excel Calc'!F21) -> 0 | I11: MID 2 RAIL LOC Hole array 2
B12: FLOOR_CHAN_7 | C12: =IF('Excel Calc'!F9>=144,0,IF(FANSARRAY=1,0,'Excel Calc'!B17+'Excel Calc'!B14+('Excel Calc'!V8/2)+'Excel Calc'!F19)) -> 0 | D12: =IF(C12=0,0,'Excel Calc'!F6+'Excel Calc'!F20) -> 0 | E12: =IF(C12=0,0,'Excel Calc'!F23) -> 0 | F12: =IF(C12=0,0,'Excel Calc'!F21) -> 0 | I12: LIA RAIL LOC Hole array 1
B13: FLOOR_CHAN_8 | C13: =IF('Excel Calc'!F9>=144,0,IF(FANSARRAY=1,0,'Excel Calc'!B17+'Excel Calc'!B14+('Excel Calc'!V8/2)+'Excel Calc'!F7-'Excel Calc'!F22)) -> 0 | D13: =IF(C13=0,0,'Excel Calc'!F6+'Excel Calc'!F20) -> 0 | E13: =IF(C13=0,0,'Excel Calc'!F23) -> 0 | F13: =IF(C13=0,0,'Excel Calc'!F21) -> 0 | I13: LIA RAIL LOC Hole array 2
B14: FLOOR_CHAN_9 | C14: =IF('Excel Calc'!F9<144,0,'Excel Calc'!B17-('Excel Calc'!V8/2)-('Excel Calc'!F7)+'Excel Calc'!F22) -> 3.5625 | D14: =IF(C14=0,0,'Excel Calc'!F6+'Excel Calc'!F20) -> 4 | E14: =IF(C14=0,0,'Excel Calc'!F53) -> 6 | F14: =IF(C14=0,0,'Excel Calc'!F54) -> 15 | H14: Floor channel >= 144" | I14: RH FIA RAIL LOC Hole array 1
B15: FLOOR_CHAN_10 | C15: =IF('Excel Calc'!F9<144,0,'Excel Calc'!B17-('Excel Calc'!V8/2)-'Excel Calc'!F19) -> 5.0625 | D15: =IF(C15=0,0,'Excel Calc'!F6+'Excel Calc'!F20) -> 4 | E15: =IF(C15=0,0,'Excel Calc'!F53) -> 6 | F15: =IF(C15=0,0,'Excel Calc'!F54) -> 15 | I15: RH FIA RAIL LOC Hole array 2
B16: FLOOR_CHAN_11 | C16: =IF('Excel Calc'!F9<144,0,'Excel Calc'!B17+('Excel Calc'!V8/2)+'Excel Calc'!F19) -> 32.9375 | D16: =IF(C16=0,0,'Excel Calc'!F6+'Excel Calc'!F20) -> 4 | E16: =IF(C16=0,0,'Excel Calc'!F53) -> 6 | F16: =IF(C16=0,0,'Excel Calc'!F54) -> 15 | I16: RH LIA / MID 1 RAIL LOC Hole array 1 (LIA if Fan Array = 1)
B17: FLOOR_CHAN_12 | C17: =IF('Excel Calc'!F9<144,0,IF(FANSARRAY=1,'Excel Calc'!B17+('Excel Calc'!V8/2)+('Excel Calc'!F7)-'Excel Calc'!F22,'Excel Calc'!B17+('Excel Calc'!V8/2)+('Excel Calc'!F8)-'Excel Calc'!F22)) -> 38.9375 | D17: =IF(C17=0,0,'Excel Calc'!F6+'Excel Calc'!F20) -> 4 | E17: =IF(C17=0,0,'Excel Calc'!F53) -> 6 | F17: =IF(C17=0,0,'Excel Calc'!F54) -> 15 | I17: RH LIA / MID 1 RAIL LOC Hole array 2 (LIA if Fan Array = 1)
B18: FLOOR_CHAN_13 | C18: =IF('Excel Calc'!F9<144,0,IF(FANSARRAY=1,0,'Excel Calc'!B17+'Excel Calc'!B14-('Excel Calc'!V8/2)-('Excel Calc'!F8)+'Excel Calc'!F22)) -> 41.0625 | D18: =IF(C18=0,0,'Excel Calc'!F6+'Excel Calc'!F20) -> 4 | E18: =IF(C18=0,0,'Excel Calc'!F53) -> 6 | F18: =IF(C18=0,0,'Excel Calc'!F54) -> 15 | I18: RH MID 2 RAIL LOC Hole array 1
B19: FLOOR_CHAN_14 | C19: =IF('Excel Calc'!F9<144,0,IF(FANSARRAY=1,0,'Excel Calc'!B17+'Excel Calc'!B14-('Excel Calc'!V8/2)-'Excel Calc'!F19)) -> 47.0625 | D19: =IF(C19=0,0,'Excel Calc'!F6+'Excel Calc'!F20) -> 4 | E19: =IF(C19=0,0,'Excel Calc'!F53) -> 6 | F19: =IF(C19=0,0,'Excel Calc'!F54) -> 15 | I19: RH MID 2 RAIL LOC Hole array 2
B20: FLOOR_CHAN_15 | C20: =IF('Excel Calc'!F9<144,0,IF(FANSARRAY=1,0,'Excel Calc'!B17+'Excel Calc'!B14+('Excel Calc'!V8/2)+'Excel Calc'!F19)) -> 74.9375 | D20: =IF(C20=0,0,'Excel Calc'!F6+'Excel Calc'!F20) -> 4 | E20: =IF(C20=0,0,'Excel Calc'!F53) -> 6 | F20: =IF(C20=0,0,'Excel Calc'!F54) -> 15 | I20: RH LIA RAIL LOC Hole array 1
B21: FLOOR_CHAN_16 | C21: =IF('Excel Calc'!F9<144,0,IF(FANSARRAY=1,0,'Excel Calc'!B17+'Excel Calc'!B14+('Excel Calc'!V8/2)+'Excel Calc'!F7-'Excel Calc'!F22)) -> 76.4375 | D21: =IF(C21=0,0,'Excel Calc'!F6+'Excel Calc'!F20) -> 4 | E21: =IF(C21=0,0,'Excel Calc'!F53) -> 6 | F21: =IF(C21=0,0,'Excel Calc'!F54) -> 15 | I21: RH LIA RAIL LOC Hole array 2
B22: FLOOR_CHAN_17 | C22: =IF('Excel Calc'!F9<144,0,'Excel Calc'!B17-('Excel Calc'!V8/2)-('Excel Calc'!F7)+'Excel Calc'!F22) -> 3.5625 | D22: =IF(C22=0,0,'Excel Calc'!F58+'Excel Calc'!F20) -> 82 | E22: =IF(C22=0,0,'Excel Calc'!F56) -> 6 | F22: =IF(C22=0,0,'Excel Calc'!F57) -> 14.8 | I22: LH FIA RAIL LOC Hole array 1
B23: FLOOR_CHAN_18 | C23: =IF('Excel Calc'!F9<144,0,'Excel Calc'!B17-('Excel Calc'!V8/2)-'Excel Calc'!F19) -> 5.0625 | D23: =IF(C23=0,0,'Excel Calc'!F58+'Excel Calc'!F20) -> 82 | E23: =IF(C23=0,0,'Excel Calc'!F56) -> 6 | F23: =IF(C23=0,0,'Excel Calc'!F57) -> 14.8 | I23: LH FIA RAIL LOC Hole array 2
B24: FLOOR_CHAN_19 | C24: =IF('Excel Calc'!F9<144,0,'Excel Calc'!B17+('Excel Calc'!V8/2)+'Excel Calc'!F19) -> 32.9375 | D24: =IF(C24=0,0,'Excel Calc'!F58+'Excel Calc'!F20) -> 82 | E24: =IF(C24=0,0,'Excel Calc'!F56) -> 6 | F24: =IF(C24=0,0,'Excel Calc'!F57) -> 14.8 | I24: LH LIA / MID 1 RAIL LOC Hole array 1 (LIA if Fan Array = 1)
B25: FLOOR_CHAN_20 | C25: =IF('Excel Calc'!F9<144,0,IF(FANSARRAY=1,'Excel Calc'!B17+('Excel Calc'!V8/2)+('Excel Calc'!F7)-'Excel Calc'!F22,'Excel Calc'!B17+('Excel Calc'!V8/2)+('Excel Calc'!F8)-'Excel Calc'!F22)) -> 38.9375 | D25: =IF(C25=0,0,'Excel Calc'!F58+'Excel Calc'!F20) -> 82 | E25: =IF(C25=0,0,'Excel Calc'!F56) -> 6 | F25: =IF(C25=0,0,'Excel Calc'!F57) -> 14.8 | I25: LH LIA / MID 1 RAIL LOC Hole array 2 (LIA if Fan Array = 1)
B26: FLOOR_CHAN_21 | C26: =IF('Excel Calc'!F9<144,0,IF(FANSARRAY=1,0,'Excel Calc'!B17+'Excel Calc'!B14-('Excel Calc'!V8/2)-('Excel Calc'!F8)+'Excel Calc'!F22)) -> 41.0625 | D26: =IF(C26=0,0,'Excel Calc'!F58+'Excel Calc'!F20) -> 82 | E26: =IF(C26=0,0,'Excel Calc'!F56) -> 6 | F26: =IF(C26=0,0,'Excel Calc'!F57) -> 14.8 | I26: LH MID 2 RAIL LOC Hole array 1
B27: FLOOR_CHAN_22 | C27: =IF('Excel Calc'!F9<144,0,IF(FANSARRAY=1,0,'Excel Calc'!B17+'Excel Calc'!B14-('Excel Calc'!V8/2)-'Excel Calc'!F19)) -> 47.0625 | D27: =IF(C27=0,0,'Excel Calc'!F58+'Excel Calc'!F20) -> 82 | E27: =IF(C27=0,0,'Excel Calc'!F56) -> 6 | F27: =IF(C27=0,0,'Excel Calc'!F57) -> 14.8 | I27: LH MID 2 RAIL LOC Hole array 2
B28: FLOOR_CHAN_23 | C28: =IF('Excel Calc'!F9<144,0,IF(FANSARRAY=1,0,'Excel Calc'!B17+'Excel Calc'!B14+('Excel Calc'!V8/2)+'Excel Calc'!F19)) -> 74.9375 | D28: =IF(C28=0,0,'Excel Calc'!F58+'Excel Calc'!F20) -> 82 | E28: =IF(C28=0,0,'Excel Calc'!F56) -> 6 | F28: =IF(C28=0,0,'Excel Calc'!F57) -> 14.8 | I28: LH LIA RAIL LOC Hole array 1
B29: FLOOR_CHAN_24 | C29: =IF('Excel Calc'!F9<144,0,IF(FANSARRAY=1,0,'Excel Calc'!B17+'Excel Calc'!B14+('Excel Calc'!V8/2)+'Excel Calc'!F7-'Excel Calc'!F22)) -> 76.4375 | D29: =IF(C29=0,0,'Excel Calc'!F58+'Excel Calc'!F20) -> 82 | E29: =IF(C29=0,0,'Excel Calc'!F56) -> 6 | F29: =IF(C29=0,0,'Excel Calc'!F57) -> 14.8 | I29: LH LIA RAIL LOC Hole array 2
B31: Channel Name | C31: Z_LOCATION | D31: X_ARRAY_OFFSET | E31: X_ARRAY_QTY | F31: X_ARRAY_SPACING | G31: ROOF CHANNELS
B32: ROOF_CHAN_1 | C32: 0 | D32: 0 | E32: 0 | F32: 0 | I32: NOT USED
B33: ROOF_CHAN_2 | C33: 0 | D33: 0 | E33: 0 | F33: 0 | I33: NOT USED
B34: ROOF_CHAN_3 | C34: 0 | D34: 0 | E34: 0 | F34: 0 | I34: NOT USED
B35: ROOF_CHAN_4 | C35: 0 | D35: 0 | E35: 0 | F35: 0 | I35: NOT USED
B36: ROOF_CHAN_5 | C36: 0 | D36: 0 | E36: 0 | F36: 0 | I36: NOT USED
B37: ROOF_CHAN_6 | C37: 0 | D37: 0 | E37: 0 | F37: 0 | I37: NOT USED
B38: ROOF_CHAN_7 | C38: 0 | D38: 0 | E38: 0 | F38: 0 | I38: NOT USED
B39: ROOF_CHAN_8 | C39: 0 | D39: 0 | E39: 0 | F39: 0 | I39: NOT USED
B40: ROOF_CHAN_9 | C40: 0 | D40: 0 | E40: 0 | F40: 0 | I40: NOT USED
B41: ROOF_CHAN_10 | C41: 0 | D41: 0 | E41: 0 | F41: 0 | I41: NOT USED
B42: ROOF_CHAN_11 | C42: 0 | D42: 0 | E42: 0 | F42: 0 | I42: NOT USED
B43: ROOF_CHAN_12 | C43: 0 | D43: 0 | E43: 0 | F43: 0 | I43: NOT USED
... B46: ROOF_CHAN_15 | C46: 0 | D46: 0 | E46: 0 | F46: 0 | I46: NOT USED
B48: Channel Name | C48: Z_LOCATION | D48: Y_ARRAY_OFFSET | E48: Y_ARRAY_QTY | F48: Y_ARRAY_SPACING | G48: NORTH WALL CHANNELS
B49: RIGHT_HAND_CHAN_1 | C49: 0 | D49: 0 | E49: 0 | F49: 0 | I49: NOT USED
B50: RIGHT_HAND_CHAN_2 | C50: 0 | D50: 0 | E50: 0 | F50: 0 | I50: NOT USED
B51: RIGHT_HAND_CHAN_3 | C51: 0 | D51: 0 | E51: 0 | F51: 0 | I51: NOT USED
B52: RIGHT_HAND_CHAN_4 | C52: 0 | D52: 0 | E52: 0 | F52: 0 | I52: NOT USED
B53: RIGHT_HAND_CHAN_5 | C53: 0 | D53: 0 | E53: 0 | F53: 0 | I53: NOT USED
B54: RIGHT_HAND_CHAN_6 | C54: 0 | D54: 0 | E54: 0 | F54: 0 | I54: NOT USED
B55: RIGHT_HAND_CHAN_7 | C55: 0 | D55: 0 | E55: 0 | F55: 0 | I55: NOT USED
B56: RIGHT_HAND_CHAN_8 | C56: 0 | D56: 0 | E56: 0 | F56: 0 | I56: NOT USED
B57: RIGHT_HAND_CHAN_9 | C57: 0 | D57: 0 | E57: 0 | F57: 0 | I57: NOT USED
B58: RIGHT_HAND_CHAN_10 | C58: 0 | D58: 0 | E58: 0 | F58: 0 | I58: NOT USED
B60: Channel Name | C60: Z_LOCATION | D60: Y_ARRAY_OFFSET | E60: Y_ARRAY_QTY | F60: Y_ARRAY_SPACING | G60: SOUTH WALL CHANNELS
B61: LEFT_HAND_CHAN_1 | C61: 0 | D61: 0 | E61: 0 | F61: 0 | I61: NOT USED
B62: LEFT_HAND_CHAN_2 | C62: 0 | D62: 0 | E62: 0 | F62: 0 | I62: NOT USED
B63: LEFT_HAND_CHAN_3 | C63: 0 | D63: 0 | E63: 0 | F63: 0 | I63: NOT USED
B64: LEFT_HAND_CHAN_4 | C64: 0 | D64: 0 | E64: 0 | F64: 0 | I64: NOT USED
B65: LEFT_HAND_CHAN_5 | C65: 0 | D65: 0 | E65: 0 | F65: 0 | I65: NOT USED
B66: LEFT_HAND_CHAN_6 | C66: 0 | D66: 0 | E66: 0 | F66: 0 | I66: NOT USED
B67: LEFT_HAND_CHAN_7 | C67: 0 | D67: 0 | E67: 0 | F67: 0 | I67: NOT USED
B68: LEFT_HAND_CHAN_8 | C68: 0 | D68: 0 | E68: 0 | F68: 0 | I68: NOT USED
B69: LEFT_HAND_CHAN_9 | C69: 0 | D69: 0 | E69: 0 | F69: 0 | I69: NOT USED
B70: LEFT_HAND_CHAN_10 | C70: 0 | D70: 0 | E70: 0 | F70: 0 | I70: NOT USED

Sheet Hole Sizes
A1: Standard Hole Sizes
A2: Clearance | D2: Engagement
A3: 1/8 Rivet | B3: 0.152 | D3: 1/8 Rivet | E3: 0.140
A4: 3/16 Rivet | B4: 0.218 | D4: 3/16 Rivet | E4: 0.208
A5: #6 Hardware | B5: 0.188 | D5: 28-20 ga. (<.04 thickness)
A6: #8 Hardware | B6: 0.218 | D6: #6 Hardware | E6: 0.109
A7: #10 Hardware | B7: 0.218 | D7: #8 Hardware | E7: 0.109
A8: 1/4 Hardware | B8: 0.312 | D8: #10 Hardware | E8: 0.109
A9: 5/16 Hardware | B9: 0.375 | D9: 1/4 Hardware - galv material | E9: 0.109
A10: 3/8 Hardware | B10: 0.437 | D10: 1/4 Hardware - sst | E10: 0.188
A11: 1/2 Hardware | B11: 0.562 | D11: 5/16 Hardware | E11: 0.109
D12: 3/8 Hardware | E12: 0.109
D13: 18-14 ga. (>=.04 and <=.09 thickness)
D14: #6 Hardware | E14: 0.109
D15: #8 Hardware AB, B | E15: 0.136 | G15: Engagement holes per part
D16: #8 Hardware D,F,G &T | E16: 0.140 | G16: RightBhdEngHole | H16: 0.152
D17: #10 Hardware | E17: 0.152 | G17: LeftBhdEngHole | H17: 0.152
D18: 1/4 Hardware AB, B | E18: 0.188 | G18: TopBhdEngHole | H18: 0.152
D19: 1/4 Hardware D,F,G&T | E19: 0.203 | G19: BtmBhdEngHole | H19: 0.152
D20: 5/16 Hardware | E20: 0.218 | G20: MidBhdEngHoleDia | H20: 0.152
D21: 3/8 Hardware AB,B | E21: 0.281 | G21: StiffenerEngHole | H21: 0.152
D22: 3/8 Hardware D,F,G&T | E22: 0.312
D23: 12 ga and up (>.09 thickness)
D24: #8 Hardware | E24: 0.152
D25: #10 Hardware | E25: 0.152
D26: 1/4 Hardware AB, B | E26: 0.203
D27: 1/4 Hardware D,F,G&T | E27: 0.218
D28: 5/16 Hardware AB,B | E28: 0.250
D29: 5/16 Hardware D,F,G&T | E29: 0.281
D30: 3/8 Hardware AB,B | E30: 0.312
D31: 3/8 Hardware D,F,G&T | E31: 0.344
A32: SPECIAL HOLE SIZES
B33: Indicator holes
A34: Ga | B34: dia | C34: spacing
A35: 28 ga - 14 ga (<=.09 thickness) | B35: 0.125 | C35: =B35 -> 0.125
A36: 12 ga - 10 ga (>.09 and < .14) | B36: 0.188 | C36: =B36 -> 0.188
A37: 8 ga. (>= .14 thickness) | B37: 0.25 | C37: =B37 -> 0.25

Sheet Material List
A1: Page: 102-006 | K1: Edit Manual | M1: PRODUCT: Solution
A2: Title: Raw Material Part Numbers, Mapics Codes, Calculations And Others | M2: 102-006.xls | Q2: Rel/Rev Date:
M3: Revision Level : | Q3: ECN Number :
B5: Solution Project, Raw material codes and calculations, Sheet or Coil stock, Square Foot
D6: Mat'l Group | E6: Metal Gauge | F6: Metal Thickness Min. | G6: Design Thickness (Ref) | H6: Inventor Thickness Key_PK | I6: Active Product "XT" | J6: Active Product "YC" | K6: Mapics Part Number | L6: Material description | M6: Material Type | N6: York "R" Std | O6: Max Cut Size | P6: Unit of Measure | Q6: Inventor Material Designation | R6: "DXF" Mat'l Data | S6: Hole Size / Texture | T6: Staggered Centers
A7: MAT_LOOKUP | D7: MAT_GRP | E7: MAT_GA | F7: MAT_MINT | G7: MAT_DEST | H7: MAT_KEYT | I7: MAT_XT | J7: MAT_YC | K7: MAT_PNUM | L7: MAT_DESC | M7: MAT_TYPE | N7: MAT_RSTD | O7: MAT_CUT | P7: MAT_UMSR | Q7: MAT_DESG | R7: MAT_DXF | S7: MAT_HLSZ | T7: MAT_STG
C8: Sheet Products, Solid
A9: =CONCATENATE(E9,Q9) -> 8STL GALV | D9: Sheet, G90 | E9: 8 | F9: .156 | G9: .156 | H9: 0.15601 | I9: XT | J9: YC | K9: 005 06145 008 | L9: Galvanized Steel | M9: G90 | N9: R259 w/ note 4 | O9: 48 X 144 | P9: SF | Q9: STL GALV | R9: GLVS157- | S9: N/A | T9: N/A
A10: =CONCATENATE(E10,Q10) -> 10STL GALV | D10: Sheet, G90 | E10: 10 | F10: .125 | G10: .126 | H10: 0.12601 | I10: - | J10: YC | K10: 005 06145 010 | L10: Galvanized Steel | M10: G90 | N10: R259 w/ note 4 | O10: 48 X 144 | P10: SF | Q10: STL GALV | R10: GLVS126- | S10: N/A | T10: N/A
A11: =CONCATENATE(E11,Q11) -> 12STL GALV | D11: Sheet, G90 | E11: 12 | F11: .096 | G11: .097 | H11: 0.09701 | I11: - | J11: YC | K11: 005 06145 012 | L11: Galvanized Steel | M11: G90 | N11: R259 w/ note 4 | O11: 60 X 144 | P11: SF | Q11: STL GALV | R11: GLVS097- | S11: N/A | T11: N/A
A12: =CONCATENATE(E12,Q12) -> 14STL GALV | D12: Sheet, G90 | E12: 14 | F12: .069 | G12: .070 | H12: 0.07001 | I12: - | J12: YC | K12: 005 06145 014 | L12: Galvanized Steel | M12: G90 | N12: R259 w/ note 4 | O12: 60 X 144 | P12: SF | Q12: STL GALV | R12: GLVS070- | S12: N/A | T12: N/A
A13: =CONCATENATE(E13,Q13) -> 16STL GALV | D13: Sheet, G90 | E13: 16 | F13: .055 | G13: .056 | H13: 0.05601 | I13: XT | J13: YC | K13: 005 06145 016 | L13: Galvanized Steel | M13: G90 | N13: R259 w/ note 4 | O13: 60 X 144 | P13: SF | Q13: STL GALV | R13: GLVS056A | S13: N/A | T13: N/A
A14: =CONCATENATE(E14,Q14) -> 18STL GALV | D14: Sheet, G90 | E14: 18 | F14: .044 | G14: .045 | H14: 0.04501 | I14: XT | J14: YC | K14: 005 06145 018 | L14: Galvanized Steel | M14: G90 | N14: R259 w/ note 4 | O14: 60 X 144 | P14: SF | Q14: STL GALV | R14: GLVS045A | S14: N/A | T14: N/A
A15: =CONCATENATE(E15,Q15) -> 20STL GALV | D15: Sheet, G90 | E15: 20 | F15: .033 | G15: .034 | H15: 0.03401 | I15: XT | J15: YC | K15: 005 06145 020 | L15: Galvanized Steel | M15: G90 | N15: R259 w/ note 4 | O15: 60 X 144 | P15: SF | Q15: STL GALV | R15: GLVS034- | S15: N/A | T15: N/A
A16: =CONCATENATE(E16,Q16) -> 22STL GALV | D16: Sheet, G90 | E16: 22 | F16: .028 | G16: .028 | H16: 0.02801 | I16: - | J16: YC | K16: 005 06145 022 | L16: Galvanized Steel | M16: G90 | N16: R259 w/ note 4 | O16: 60 X 144 | P16: SF | Q16: STL GALV | R16: GLVS028- | S16: N/A | T16: N/A
A17: =CONCATENATE(E17,Q17) -> 24STL GALV | D17: Sheet, G90 | E17: 24 | F17: .022 | G17: .022 | H17: 0.02201 | I17: XT | J17: YC | K17: 005 06145 024 | L17: Galvanized Steel | M17: G90 | N17: R259 w/ note 4 | O17: 60 X 144 | P17: SF | Q17: STL GALV | R17: GLVS022- | S17: N/A | T17: N/A
A18: =CONCATENATE(E18,Q18) -> 16STL GALV2 | D18: Roll Form Coil | E18: 16 | F18: .055 | G18: .056 | H18: 0.05605 | I18: - | J18: YC | K18: 001 07591 467 | L18: Channel,Rf,16ga,Glv,4.67w_Flat, YC 2" Housing Channel | M18: G40 | N18: R259 w/ note 4 | O18: 4.67 X Lg | P18: SF | Q18: STL GALV2 | R18: GLVS056C | S18: N/A | T18: N/A
A19: =CONCATENATE(E19,Q19) -> 16STL GALV3 | D19: Roll Form Coil | E19: 16 | F19: .055 | G19: .056 | H19: 0.05606 | I19: - | J19: YC | K19: 001 07591 567 | L19: Channel,Rf,16ga,Glv,5.67w_Flat, YC 3" Housing Channel | M19: G40 | N19: R259 w/ note 4 | O19: 5.67 X Lg | P19: SF | Q19: STL GALV3 | R19: GLVS056D | S19: N/A | T19: N/A
A20: =CONCATENATE(E20,Q20) -> 16STL GALV4 | D20: Roll Form Coil | E20: 16 | F20: .055 | G20: .056 | H20: 0.05607 | I20: - | J20: YC | K20: 001 07591 667 | L20: Channel,Rf,16ga,Glv,6.67w_Flat, YC 4" Housing Channel | M20: G40 | N20: R259 w/ note 4 | O20: 6.67 X Lg | P20: SF | Q20: STL GALV4 | R20: GLVS056E | S20: N/A | T20: N/A
A21: =CONCATENATE(E21,Q21) -> 18STL GALVS | D21: Roll Form Coil | E21: 18 | F21: .044 | G21: .045 | H21: 0.04502 | I21: XT | J21: - | K21: 005 06160 001 | L21: Galvanized Steel, Coil, XT Seam Cap | M21: G90 | N21: R259 w/ note 4 | O21: 2.491 X Lg | P21: SF | Q21: STL GALVS | R21: GLVS045B | S21: N/A | T21: N/A
A22: =CONCATENATE(E22,Q22) -> 16STL GALVR | D22: Roll Form Coil | E22: 16 | F22: .055 | G22: .056 | H22: 0.05602 | I22: XT | J22: - | K22: 005 06161 001 | L22: Galvanized Steel, Coil, XT Raceway | M22: G90 | N22: R259 w/ note 4 | O22: 12.62 X Lg | P22: SF | Q22: STL GALVR | R22: GLVS056B | S22: N/A | T22: N/A
A23: =CONCATENATE(E23,Q23) -> 14STL GALV PPG | D23: Sheet, Pre-Paint | E23: 14 | F23: .069 | G23: .070 | H23: 0.07003 | I23: - | J23: YC | K23: 005 07110 014 | L23: Sheet,Pre-Paint,Gray,14ga | M23: P-Paint | N23: M-310 | O23: 48 x Lg | P23: SF | Q23: STL GALV PPG | R23: GLVPP070A | S23: Gray Paint | T23: N/A
A24: =CONCATENATE(E24,Q24) -> 16STL GALV PPG | D24: Sheet, Pre-Paint | E24: 16 | F24: .055 | G24: .056 | H24: 0.05603 | I24: - | J24: YC | K24: 005 07110 016 | L24: Sheet,Pre-Paint,Gray,16ga | M24: P-Paint | N24: M-310 | O24: 48 x Lg | P24: SF | Q24: STL GALV PPG | R24: GLVPP056A | S24: Gray Paint | T24: N/A
A25: =CONCATENATE(E25,Q25) -> 16STL GALV PPC | D25: Sheet, Pre-Paint | E25: 16 | F25: .055 | G25: .056 | H25: 0.05604 | I25: - | J25: YC | K25: 005 07110 116 | L25: Sheet,Pre-Paint,Champagne,16ga | M25: P-Paint | N25: M-310 | O25: 48 x Lg | P25: SF | Q25: STL GALV PPC | R25: GLVPP056B | S25: Champagne Paint | T25: N/A
A26: =CONCATENATE(E26,Q26) -> 18STL GALV PPW | D26: Sheet, Pre-Paint | E26: 18 | F26: .044 | G26: .045 | H26: 0.04503 | I26: - | J26: YC | K26: 005 07110 117 | L26: Sheet,Pre-Paint,Msftwhite,18ga | M26: P-Paint | N26: M-310 | O26: 48 x Lg | P26: SF | Q26: STL GALV PPW | R26: GLVPP045A | S26: Msftwhite Paint | T26: N/A
A27: =CONCATENATE(E27,Q27) -> 18STL GALV PPC | D27: Sheet, Pre-Paint | E27: 18 | F27: .044 | G27: .045 | H27: 0.04504 | I27: - | J27: YC | K27: 005 07110 118 | L27: Sheet,Pre-Paint,Champagne,18ga | M27: P-Paint | N27: M-310 | O27: 48 x Lg | P27: SF | Q27: STL GALV PPC | R27: GLVPP045B | S27: Champagne Paint | T27: N/A
A28: =CONCATENATE(E28,Q28) -> 10STL HOT ROLL | D28: Sheet, HR | E28: 10 | F28: .127 | G28: .127 | H28: 0.12701 | I28: - | J28: YC | K28: 005 07113 010 | L28: Sheet,Hot-Rolled,10ga | M28: HR | N28: - | O28: 48 X 144 | P28: SF | Q28: STL HOT ROLL | R28: STLHR127A | S28: Hot-Rolled | T28: N/A
A29: =CONCATENATE(E29,Q29) -> 11STL HOT ROLL | D29: Sheet, HR | E29: 11 | F29: .112 | G29: .112 | H29: 0.11201 | I29: - | J29: YC | K29: 005 07113 011 | L29: Sheet,Hot-Rolled,11ga | M29: HR | N29: - | O29: 48 X 96 | P29: SF | Q29: STL HOT ROLL | R29: STLHR112A | S29: Hot-Rolled | T29: N/A
A30: =CONCATENATE(E30,Q30) -> 12STL HOT ROLL | D30: Sheet, HR | E30: 12 | F30: .097 | G30: .097 | H30: 0.09704 | I30: - | J30: YC | K30: 005 07113 012 | L30: Sheet,Hot-Rolled,12ga | M30: HR | N30: - | O30: 48 X 96 | P30: SF | Q30: STL HOT ROLL | R30: STLHR097A | S30: Hot-Rolled | T30: N/A
A31: =CONCATENATE(E31,Q31) -> 14STL HOT ROLL | D31: Sheet, HR | E31: 14 | F31: .068 | G31: .068 | H31: 0.06801 | I31: - | J31: YC | K31: 005 07113 014 | L31: Sheet,Hot-Rolled,14ga | M31: HR | N31: - | O31: 48 X 120 | P31: SF | Q31: STL HOT ROLL | R31: STLHR068A | S31: Hot-Rolled | T31: N/A
A32: =CONCATENATE(E32,Q32) -> 20ALM SHT | D32: Sheet, AL | E32: 20 | F32: .040 | G32: .040 | H32: 0.04001 | I32: - | J32: YC | K32: 008 02570 040 | L32: Sheet,Al,3003h14,.040 | M32: AL | N32: R-777 | O32: 48 x 144 | P32: SF | Q32: ALM SHT | R32: ALUS040A | S32: N/A | T32: N/A
A33: =CONCATENATE(E33,Q33) -> 18ALM SHT | D33: Sheet, AL | E33: 18 | F33: .050 | G33: .050 | H33: 0.05003 | I33: - | J33: YC | K33: 008 02570 050 | L33: Sheet,Al,3003h14,.050 | M33: AL | N33: R-777 | O33: 48 x 144 | P33: SF | Q33: ALM SHT | R33: ALUS050A | S33: N/A | T33: N/A
A34: =CONCATENATE(E34,Q34) -> 16ALM SHT | D34: Sheet, AL | E34: 16 | F34: .063 | G34: .063 | H34: 0.06301 | I34: - | J34: YC | K34: 008 02570 063 | L34: Sheet,Al,3003h14,.063 | M34: AL | N34: R-777 | O34: 48 x 144 | P34: SF | Q34: ALM SHT | R34: ALUS063A | S34: N/A | T34: N/A
A35: =CONCATENATE(E35,Q35) -> 14ALM SHT | D35: Sheet, AL | E35: 14 | F35: .080 | G35: .080 | H35: 0.08001 | I35: - | J35: YC | K35: 008 02570 080 | L35: Sheet,Al,3003h14,.080 | M35: AL | N35: R-777 | O35: 48 x 144 | P35: SF | Q35: ALM SHT | R35: ALUS080A | S35: N/A | T35: N/A
A36: =CONCATENATE(E36,Q36) -> 10ALM SHT | D36: Sheet, AL | E36: 10 | F36: .125 | G36: .125 | H36: 0.12501 | I36: - | J36: YC | K36: 008 02570 125 | L36: Sheet,Al,3003h14,.125 | M36: AL | N36: R-777 | O36: 48 x 144 | P36: SF | Q36: ALM SHT | R36: ALUS125A | S36: N/A | T36: N/A
A37: =CONCATENATE(E37,Q37) -> 8ALM SHT | D37: Sheet, AL | E37: 8 | F37: .190 | G37: .190 | H37: 0.19001 | I37: - | J37: YC | K37: 008 02570 190 | L37: Sheet,Al,3003h14,.190 | M37: AL | N37: R-777 | O37: 48 x 144 | P37: SF | Q37: ALM SHT | R37: ALUS190A | S37: N/A | T37: N/A
A38: =CONCATENATE(E38,Q38) -> 8SST304 | D38: Sheet, SST | E38: 8 | F38: .165 | G38: .165 | H38: 0.16501 | I38: N/A | J38: N/A | K38: 005 06146 008 | L38: Stainless steel | M38: 304 | N38: R52 | O38: 48 X 144 | P38: SF | Q38: SST304 | R38: SSTS165- | S38: N/A | T38: N/A
A39: =CONCATENATE(E39,Q39) -> 10SST304 | D39: Sheet, SST | E39: 10 | F39: .135 | G39: .135 | H39: 0.13501 | I39: XT | J39: YC | K39: 005 06146 010 | L39: Stainless steel | M39: 304 | N39: R52 | O39: 48 X 144 | P39: SF | Q39: SST304 | R39: SSTS135- | S39: N/A | T39: N/A
A40: =CONCATENATE(E40,Q40) -> 12SST304 | D40: Sheet, SST | E40: 12 | F40: .105 | G40: .105 | H40: 0.10501 | I40: XT | J40: YC | K40: 005 06146 012 | L40: Stainless steel | M40: 304 | N40: R52 | O40: 60 X 144 | P40: SF | Q40: SST304 | R40: SSTS105- | S40: N/A | T40: N/A
A41: =CONCATENATE(E41,Q41) -> 14SST304 | D41: Sheet, SST | E41: 14 | F41: .075 | G41: .075 | H41: 0.07501 | I41: XT | J41: YC | K41: 005 06146 014 | L41: Stainless steel | M41: 304 | N41: R52 | O41: 60 X 144 | P41: SF | Q41: SST304 | R41: SSTS075- | S41: N/A | T41: N/A
A42: =CONCATENATE(E42,Q42) -> 16SST304 | D42: Sheet, SST | E42: 16 | F42: .060 | G42: .060 | H42: 0.06001 | I42: XT | J42: YC | K42: 005 06146 016 | L42: Stainless steel | M42: 304 | N42: R52 | O42: 60 X 144 | P42: SF | Q42: SST304 | R42: SSTS060- | S42: N/A | T42: N/A
A43: =CONCATENATE(E43,Q43) -> 18SST304 | D43: Sheet, SST | E43: 18 | F43: .048 | G43: .048 | H43: 0.04801 | I43: XT | J43: YC | K43: 005 06146 018 | L43: Stainless steel | M43: 304 | N43: R52 | O43: 60 X 144 | P43: SF | Q43: SST304 | R43: SSTS048- | S43: N/A | T43: N/A
A44: =CONCATENATE(E44,Q44) -> 20SST304 | D44: Sheet, SST | E44: 20 | F44: .035 | G44: .035 | H44: 0.03501 | I44: XT | J44: YC | K44: 005 06146 020 | L44: Stainless steel | M44: 304 | N44: R52 | O44: 60 X 144 | P44: SF | Q44: SST304 | R44: SSTS035- | S44: N/A | T44: N/A
A45: =CONCATENATE(E45,Q45) -> 22SST304 | D45: Sheet, SST | E45: 22 | F45: .029 | G45: .029 | H45: 0.02901 | I45: - | J45: YC | K45: 005 06146 022 | L45: Stainless steel | M45: 304 | N45: R52 | O45: 60 X 144 | P45: SF | Q45: SST304 | R45: SSTS029- | S45: N/A | T45: N/A
A46: =CONCATENATE(E46,Q46) -> 24SST304 | D46: Sheet, SST | E46: 24 | F46: .024 | G46: .024 | H46: 0.02401 | I46: N/A | J46: N/A | K46: 005 06146 024 | L46: Stainless steel | M46: 304 | N46: R52 | O46: 60 X 144 | P46: SF | Q46: SST304 | R46: SSTS024- | S46: N/A | T46: N/A
A47: =CONCATENATE(E47,Q47) -> 12SST304L | D47: Sheet, SST | E47: 12 | F47: .105 | G47: .105 | H47: 0.10502 | I47: - | J47: YC | K47: 005 07103 012 | L47: Sheet,304lss,12ga | M47: 304L | N47: R52 | O47: 60 X 144 | P47: SF | Q47: SST304L | R47: SSTL105- | S47: N/A | T47: N/A
A48: =CONCATENATE(E48,Q48) -> 16SST304L | D48: Sheet, SST | E48: 16 | F48: .060 | G48: .060 | H48: 0.06002 | I48: - | J48: YC | K48: 005 07103 016 | L48: Sheet,304lss,16ga | M48: 304L | N48: R52 | O48: 60 X 144 | P48: SF | Q48: SST304L | R48: SSTL060- | S48: N/A | T48: N/A
A49: =CONCATENATE(E49,Q49) -> 10SST316L | D49: Sheet, SST | E49: 10 | F49: .135 | G49: .135 | H49: 0.13502 | I49: - | J49: YC | K49: 005 07104 010 | L49: Sheet,316lss, 10ga | M49: 316L | N49: R52 | O49: 60 X 144 | P49: SF | Q49: SST316L | R49: SSLS135- | S49: N/A | T49: N/A
A50: =CONCATENATE(E50,Q50) -> 12SST316L | D50: Sheet, SST | E50: 12 | F50: .105 | G50: .105 | H50: 0.10503 | I50: - | J50: YC | K50: 005 07104 012 | L50: Sheet,316lss, 12ga | M50: 316L | N50: R52 | O50: 60 X 144 | P50: SF | Q50: SST316L | R50: SSLS105- | S50: N/A | T50: N/A
A51: =CONCATENATE(E51,Q51) -> 14SST316L | D51: Sheet, SST | E51: 14 | F51: .075 | G51: .075 | H51: 0.07502 | I51: - | J51: YC | K51: 005 07104 014 | L51: Sheet,316lss, 14ga | M51: 316L | N51: R52 | O51: 60 X 144 | P51: SF | Q51: SST316L | R51: SSLS075- | S51: N/A | T51: N/A
A52: =CONCATENATE(E52,Q52) -> 16SST316L | D52: Sheet, SST | E52: 16 | F52: .060 | G52: .060 | H52: 0.06003 | I52: XT | J52: YC | K52: 005 07104 016 | L52: Sheet,316lss, 16ga | M52: 316L | N52: R52 | O52: 60 X 144 | P52: SF | Q52: SST316L | R52: SSLS060- | S52: N/A | T52: N/A
A53: =CONCATENATE(E53,Q53) -> 18SST316L | D53: Sheet, SST | E53: 18 | F53: .048 | G53: .048 | H53: 0.04802 | I53: XT | J53: YC | K53: 005 07104 018 | L53: Sheet,316lss, 18ga | M53: 316L | N53: R52 | O53: 60 X 144 | P53: SF | Q53: SST316L | R53: SSLS048- | S53: N/A | T53: N/A
A54: =CONCATENATE(E54,Q54) -> 20SST316L | D54: Sheet, SST | E54: 20 | F54: .035 | G54: .035 | H54: 0.03502 | I54: XT | J54: YC | K54: 005 07104 020 | L54: Sheet,316lss, 20ga | M54: 316L | N54: R52 | O54: 60 X 144 | P54: SF | Q54: SST316L | R54: SSLS035- | S54: N/A | T54: N/A
A55: =CONCATENATE(E55,Q55) -> 22SST316L | D55: Sheet, SST | E55: 22 | F55: .029 | G55: .029 | H55: 0.02902 | I55: - | J55: YC | K55: 005 07104 022 | L55: Sheet,316lss, 22ga | M55: 316L | N55: R52 | O55: 60 X 144 | P55: SF | Q55: SST316L | R55: SSLS029- | S55: N/A | T55: N/A
A56: =CONCATENATE(E56,Q56)
A57: =CONCATENATE(E57,Q57) | C57: Sheet Products, Structural
A58: =CONCATENATE(E58,Q58) -> 10STRUCT GALV | D58: Sheet, Structural | E58: 10 | F58: .125 | G58: .126 | H58: 0.12602 | I58: XT | J58: - | K58: 005 06596 010 | L58: Structural Galvanized Steel | M58: G90 | N58: R1190 | O58: 48 X 144 | P58: SF | Q58: STRUCT GALV | R58: GLVS126S | S58: N/A | T58: N/A
A59: =CONCATENATE(E59,Q59) -> 12STRUCT GALV | D59: Sheet, Structural | E59: 12 | F59: .096 | G59: .097 | H59: 0.09702 | I59: XT | J59: - | K59: 005 06596 012 | L59: Structural Galvanized Steel | M59: G90 | N59: R1190 | O59: 60 X 144 | P59: SF | Q59: STRUCT GALV | R59: GLVS097S | S59: N/A | T59: N/A
A60: =CONCATENATE(E60,Q60) -> 14STRUCT GALV | D60: Sheet, Structural | E60: 14 | F60: .069 | G60: .070 | H60: 0.07002 | I60: XT | J60: - | K60: 005 06596 014 | L60: Structural Galvanized Steel | M60: G90 | N60: R1190 | O60: 60 X 144 | P60: SF | Q60: STRUCT GALV | R60: GLVS070S | S60: N/A | T60: N/A
A61: =CONCATENATE(E61,Q61)
A62: =CONCATENATE(E62,Q62) | C62: Sheet Products, Perforated
A63: =CONCATENATE(E63,Q63) -> 20GALV PRFA | D63: Sheet, Perf | E63: 20 | F63: .039 | G63: .039 | H63: 0.03901 | I63: XT | J63: - | K63: 005 02897 000 | L63: Galvanized Steel (perf) | M63: G90 | N63: R1045 | O63: 48 X 120 | P63: SF | Q63: GALV PRFA | R63: GLVP039A | S63: 5/16 | T63: 3/8
A64: =CONCATENATE(E64,Q64) -> 20GALV PRFD | D64: Sheet, Perf | E64: 20 | F64: .039 | G64: .039 | H64: 0.03902 | I64: XT | J64: - | K64: 005 02901 000 | L64: Galvanized Steel (perf) | M64: G90 | N64: R1045 | O64: 48 X 120 | P64: SF | Q64: GALV PRFD | R64: GLVP039D | S64: 1/4 | T64: 3/8
A65: =CONCATENATE(E65,Q65) -> 20GALV PRFE | D65: Sheet, Perf | E65: 20 | F65: .039 | G65: .039 | H65: 0.03903 | I65: XT | J65: - | K65: 005 06154 000 | L65: Galvanized Steel (perf) | M65: G90 | N65: R1045 | O65: 48 X 120 | P65: SF | Q65: GALV PRFE | R65: GLVP039E | S65: 5/8 | T65: 13/16
A66: =CONCATENATE(E66,Q66) -> 16GALV PRFG | D66: Sheet, Perf | E66: 16 | F66: .055 | G66: .055 | H66: 0.05501 | I66: - | J66: YC | K66: 005 07115 016 | L66: Sheet,Perf,Glv,40.3%,16ga | M66: G90 | N66: R1045 | O66: 48 X Lg | P66: SF | Q66: GALV PRFG | R66: GLVP055A | S66: .125 | T66: .188
A67: =CONCATENATE(E67,Q67) -> 18GALV PRFG | D67: Sheet, Perf | E67: 18 | F67: .044 | G67: .044 | H67: 0.04505 | I67: - | J67: YC | K67: 005 07115 018 | L67: Sheet,Perf,Glv,40.3%,18ga | M67: G90 | N67: R1045 | O67: 48 X 120 | P67: SF | Q67: GALV PRFG | R67: GLVP045A | S67: .125 | T67: .188
A68: =CONCATENATE(E68,Q68) -> 20GALV PRFG | D68: Sheet, Perf | E68: 20 | F68: .033 | G68: .034 | H68: 0.03402 | I68: - | J68: YC | K68: 005 07115 020 | L68: Sheet,Perf,Glv,40.3%,20ga | M68: G90 | N68: R1045 | O68: 48 X 144 | P68: SF | Q68: GALV PRFG | R68: GLVP034A | S68: .125 | T68: .188
A69: =CONCATENATE(E69,Q69) -> 22GALV PRFF | D69: Sheet, Perf | E69: 22 | F69: .028 | G69: .028 | H69: 0.02802 | I69: XT | J69: YC | K69: 005 07115 022 | L69: Sheet,Perf,Glv,40.3%,22ga | M69: G90 | N69: R1045 | O69: 60 X 144 | P69: SF | Q69: GALV PRFF | R69: GLVP028A | S69: .125 | T69: .188
A70: =CONCATENATE(E70,Q70) -> 18GALV PRFH | D70: Sheet, Perf | E70: 18 | F70: .044 | G70: .044 | H70: 0.044 | I70: - | J70: YC | K70: 005 07118 018 | L70: Sheet,Perf,Glv,47%,18ga | M70: G90 | N70: R1045 | O70: 48 X 120 | P70: SF | Q70: GALV PRFH | R70: GLVP044B | S70: .50 | T70: .688
A71: =CONCATENATE(E71,Q71) -> 18ALM PRF | D71: Sheet, Perf, AL | E71: 18 | F71: .050 | G71: .050 | H71: 0.05001 | I71: XT | J71: - | K71: 008 02316 001 | L71: Aluminum Sheet (perf) | M71: AL | N71: R1116 | O71: 60 X 144 | P71: SF | Q71: ALM PRF | R71: ALUP050A | S71: 1/8 | T71: 7/32
A72: =CONCATENATE(E72,Q72) -> 18ALM PRFA | D72: Sheet, Perf, AL | E72: 18 | F72: .050 | G72: .050 | H72: 0.05002 | I72: - | J72: YC | K72: 008 02573 050 | L72: Sheet,Perf,Al,40.3%,.050, 3003h14 | M72: AL | N72: - | O72: 48 x 144 | P72: SF | Q72: ALM PRFA | R72: ALUP050B | S72: .125 | T72: .188
A73: =CONCATENATE(E73,Q73) -> 16ALM PRFA | D73: Sheet, Perf, AL | E73: 16 | F73: .063 | G73: .063 | H73: 0.06302 | I73: - | J73: YC | K73: 008 02573 063 | L73: Sheet,Perf,Al,40.3%,.063, 3003h14 | M73: AL | N73: - | O73: 48 x 144 | P73: SF | Q73: ALM PRFA | R73: ALUP063A | S73: .125 | T73: .188
A74: =CONCATENATE(E74,Q74) -> 14ALM PRFA | D74: Sheet, Perf, AL | E74: 14 | F74: .080 | G74: .080 | H74: 0.08003 | I74: - | J74: YC | K74: 008 02573 080 | L74: Sheet,Perf,Al,40.3%,.080, 3003h14 | M74: AL | N74: - | O74: 48 x 144 | P74: SF | Q74: ALM PRFA | R74: ALUP080A | S74: .125 | T74: .188
A75: =CONCATENATE(E75,Q75) -> 14ALM PRFB | D75: Sheet, Perf, AL | E75: 14 | F75: .080 | G75: .080 | H75: 0.08004 | I75: - | J75: YC | K75: 008 02574 080 | L75: Sheet,Perf,Al,47%,.080, 3003h14 | M75: AL | N75: - | O75: 48 x 144 | P75: SF | Q75: ALM PRFB | R75: ALUP080B | S75: .50 | T75: .688
A76: =CONCATENATE(E76,Q76) -> 16SST304PA | D76: Sheet, Perf, SST | E76: 16 | F76: .060 | G76: .060 | H76: 0.06004 | I76: - | J76: YC | K76: 005 07114 016 | L76: Sheet,Perf,304ss,40.3%,16ga | M76: 304 | N76: R52 | O76: 60 X 144 | P76: SF | Q76: SST304PA | R76: SSTP060A | S76: .125 | T76: .188
A77: =CONCATENATE(E77,Q77) -> 18SST304PA | D77: Sheet, Perf, SST | E77: 18 | F77: .048 | G77: .048 | H77: 0.04803 | I77: - | J77: YC | K77: 005 07114 018 | L77: Sheet,Perf,304ss,40.3%,18ga | M77: 304 | N77: R52 | O77: 60 X 144 | P77: SF | Q77: SST304PA | R77: SSTP048B | S77: .125 | T77: .188
A78: =CONCATENATE(E78,Q78) -> 20SST304PA | D78: Sheet, Perf, SST | E78: 20 | F78: .035 | G78: .035 | H78: 0.03503 | I78: - | J78: YC | K78: 005 07114 020 | L78: Sheet,Perf,304ss,40.3%,20ga | M78: 304 | N78: R52 | O78: 60 X 144 | P78: SF | Q78: SST304PA | R78: SSTP035A | S78: .125 | T78: .188
A79: =CONCATENATE(E79,Q79) -> 16SST304PC | D79: Sheet, Perf, SST | E79: 16 | F79: .060 | G79: .060 | H79: 0.06005 | I79: - | J79: YC | K79: 005 07116 016 | L79: Sheet,Perf,304ss,51%,16ga | M79: 304 | N79: R52 | O79: 60 X 144 | P79: SF | Q79: SST304PC | R79: SSTP060B | S79: .188 | T79: .25
A80: =CONCATENATE(E80,Q80) -> 18SST304PB | D80: Sheet, Perf, SST | E80: 18 | F80: .048 | G80: .048 | H80: 0.04804 | I80: - | J80: YC | K80: 005 07117 018 | L80: Sheet,Perf,304ss,47%,18ga | M80: 304 | N80: R52 | O80: 60 X 144 | P80: SF | Q80: SST304PB | R80: SSTP048C | S80: .50 | T80: .688
A81: =CONCATENATE(E81,Q81)
A82: =CONCATENATE(E82,Q82) | C82: Sheet Products, Expanded or Textured
A83: =CONCATENATE(E83,Q83) -> 9GALV EXPA | D83: Sheet, Expanded | E83: 9 | F83: .146 | G83: .146 | H83: 0.14602 | I83: XT | J83: - | K83: 005 06150 000 | L83: Galvanized Steel (Expanded/Flattened) 3/4 No. 9 | M83: G90 | N83: R259 | O83: 48 x 120 | P83: SF | Q83: GALV EXPA | R83: GLVE146A | S83: 3/4" wide diamond | T83: Flattened
A84: =CONCATENATE(E84,Q84) -> 9GALV EXPB | D84: Sheet, Expanded | E84: 9 | F84: .146 | G84: .146 | H84: 0.14601 | I84: XT | J84: - | K84: 005 06579 000 | L84: Galvanized Steel (Expanded/Flattened) 1-1/2 No. 9 | M84: G90 | N84: R259 | O84: 48 x 120 | P84: SF | Q84: GALV EXPB | R84: GLVE146B | S84: 1-1/2" wide diamond | T84: Flattened
A85: =CONCATENATE(E85,Q85) -> 9GALV EXPBY | D85: Sheet, Expanded | E85: 9 | F85: .146 | G85: .146 | H85: 0.14604 | I85: - | J85: YC | K85: 005 06579 100 | L85: Sheet,Exp_Mtl,Glv,G90,9ga, 1.5 Flattened | M85: G90 | N85: R259 | O85: 48 x 96 | P85: SF | Q85: GALV EXPBY | R85: GLVE146C | S85: 1-1/2" wide diamond | T85: Flattened
A86: =CONCATENATE(E86,Q86) -> 11GALV EXPA | D86: Sheet, Expanded | E86: 11 | F86: .120 | G86: .120 | H86: 0.12001 | I86: - | J86: YC | K86: 005 07109 011 | L86: Sheet,Exp_Mtl,Glv,11ga, .75 Flattened, #9 | M86: G90 | N86: R259 | O86: 48 x 120 | P86: SF | Q86: GALV EXPA | R86: GLVE120- | S86: 3/4" wide diamond | T86: Flattened
A87: =CONCATENATE(E87,Q87) -> 16ALM EXP | D87: Sheet, Expanded, AL | E87: 16 | F87: .060 | G87: .060 | H87: 0.06006 | I87: XT | J87: - | K87: 008 02335 000 | L87: Aluminum Sht (Expanded/Flattened) 1/2 No..081 5005-H34 | M87: AL | N87: - | O87: 48 X 120 | P87: SF | Q87: ALM EXP | R87: ALUE060A | S87: .28x.94 diamond | T87: Flattened
A88: =CONCATENATE(E88,Q88) -> 9SST304E | D88: Sheet, Expanded, SST | E88: 9 | F88: .146 | G88: .146 | H88: 0.14603 | I88: - | J88: YC | K88: 005 06588 100 | L88: Sheet,Exp_Mtl,Ss,304,9ga,1.5 Flattened | M88: 304 | N88: R52 | O88: 48 x 96 | P88: SF | Q88: SST304E | R88: SSTE146- | S88: 1-1/2" wide diamond | T88: Flattened
A89: =CONCATENATE(E89,Q89) -> 11SST304E | D89: Sheet, Expanded, SST | E89: 11 | F89: .120 | G89: .120 | H89: 0.12002 | I89: - | J89: YC | K89: 005 07120 011 | L89: Sheet,Exp_Mtl,304ss,11ga, .75 flattened #9 | M89: 304 | N89: R52 | O89: 60 X 144 | P89: SF | Q89: SST304E | R89: SSTE120- | S89: 3/4" wide diamond | T89: Flattened
A90: =CONCATENATE(E90,Q90) -> 20ALM EMB | D90: Sheet, AL, Emb | E90: 20 | F90: .040 | G90: .040 | H90: 0.04002 | I90: - | J90: YC | K90: 008 02168 000 | L90: Al,3105h14,.040, Stucco Emb Alum | M90: AL | N90: Stucco Finish | O90: 48 x 144 | P90: SF | Q90: ALM EMB | R90: ALUE040A | S90: Embossed AL | T90: N/A
A91: =CONCATENATE(E91,Q91) -> 14ALM EMB | D91: Sheet, AL, Emb | E91: 14 | F91: .080 | G91: .080 | H91: 0.08002 | I91: - | J91: YC | K91: 008 02571 080 | L91: Sheet,Al_Text,3003h134,.080_Stucco | M91: AL | N91: Stucco Finish | O91: 48 x 144 | P91: SF | Q91: ALM EMB | R91: ALUE080A | S91: Embossed AL | T91: N/A
A92: =CONCATENATE(E92,Q92) -> 1SST304G | D92: Grating | E92: 1 | F92: 1"High | G92: 1"High | H92: 1.00002 | I92: - | J92: YC | K92: 001 07514 000 | L92: Grating,19-S-4,1h_.13thk ,Stainless Steel Grating | M92: 304 | N92: R52 | O92: 36 X 96 | P92: SF | Q92: SST304G | R92: SSTG100A | S92: 1" 19-S-4 | T92: N/A
A93: =CONCATENATE(E93,Q93) -> 1ALM GRATE | D93: Grating | E93: 1 | F93: 1"High | G93: 1"High | H93: 1.00003 | I93: - | J93: YC | K93: 001 07515 000 | L93: Grating,19-Ap-4,1h_.13thk,Aluminum Grating | M93: AL | N93: - | O93: 36 X 96 | P93: SF | Q93: ALM GRATE | R93: ALUG100A | S93: 1" 19-Ap-4 | T93: N/A
A94: =CONCATENATE(E94,Q94) -> 1GALV GRATE | D94: Grating | E94: 1 | F94: 1"High | G94: 1"High | H94: 1.00001 | I94: - | J94: YC | K94: 001 07516 000 | L94: Grating,19-W-4,1h_.13thk ,Hot Dipped Glv Grating | M94: G90 | N94: Hot Dip | O94: 36 X 96 | P94: SF | Q94: GALV GRATE | R94: GLVG100A | S94: 1" 19-W-4 | T94: N/A
A95: =CONCATENATE(E95,Q95) -> 19GALV CLOTH | D95: Sheet, Cloth | E95: 19 | F95: .04 | G95: .04 | H95: 0.04003 | I95: - | J95: YC | K95: 005 07112 041 | L95: Cloth, Hdw, Glv, .5 x .5 x .04 | M95: G90 | N95: Galv | O95: 48 x 120 | P95: SF | Q95: GALV CLOTH | R95: GLVC040A | S95: N/A | T95: N/A
A96: =CONCATENATE(E96,Q96)
A97: =CONCATENATE(E97,Q97) | C97: Sheet Products, Diamond Tread Plate
A98: =CONCATENATE(E98,Q98) -> 12STL DIA HR | D98: Plate, Diamond, HR | E98: 12 | F98: .096 | G98: .097 | H98: 0.09703 | I98: - | J98: YC | K98: 005 07108 012 | L98: Plate,Dia,Hot-Rolled,12ga | M98: HR | N98: - | O98: 48 X 96 | P98: SF | Q98: STL DIA HR | R98: HRSD097- | S98: Raised Lug | T98: N/A
A99: =CONCATENATE(E99,Q99) -> 14STL DIA HR | D99: Plate, Diamond, HR | E99: 14 | F99: .069 | G99: .070 | H99: 0.07004 | I99: - | J99: YC | K99: 005 07108 014 | L99: Plate,Dia,Hot-Rolled,14ga | M99: HR | N99: - | O99: 48 X 120 | P99: SF | Q99: STL DIA HR | R99: HRSD070- | S99: Raised Lug | T99: N/A
A100: =CONCATENATE(E100,Q100) -> 10STL DIA HR | D100: Plate, Diamond, HR | E100: 10 | F100: .125 | G100: .126 | H100: 0.12603 | I100: - | J100: YC | K100: 005 07108 125 | L100: Plate,Dia,Hot-Rolled,.125 | M100: HR | N100: - | O100: 48 X 144 | P100: SF | Q100: STL DIA HR | R100: HRSD126- | S100: Raised Lug | T100: N/A
A101: =CONCATENATE(E101,Q101) -> 7STL DIA HR | D101: Plate, Diamond, HR | E101: 7 | F101: .188 | G101: .188 | H101: 0.18801 | I101: - | J101: YC | K101: 005 07108 188 | L101: Plate,Dia,Hot-Rolled,.188 | M101: HR | N101: - | O101: 48 X 120 | P101: SF | Q101: STL DIA HR | R101: HRSD188- | S101: Raised Lug | T101: N/A
...

Sheet Revision List
A1: Revision | B1: Date | C1: Description | D1: By | E1: ECN Number
A2: - | B2: 45929 | C2: NEW | D2: SJ | E2: 24-11650
A3: A | B3: 46057 | C3: DOOR SPACING ADJUSTMENT ADDED IN CALCULATOR | D3: SJ | E3: 26-12266
